{
  "format_version": "1.8.0",
  "animations": {
    "animation.kartana.ground_idle": {
      "loop": true,
      "bones": {
        "body": {
          "rotation": [
            "0-math.sin(q.anim_time*90*2-60)*15",
            "30-math.sin(q.anim_time*90*2+60)*10",
            "0-math.sin(q.anim_time*90*2+60)*5"
          ],
          "position": [0, "5-math.sin(q.anim_time*90*4)*1", 0]
        },
        "arm_right": {
          "rotation": [0, "0+math.sin(q.anim_time*90*2+60)*7.5", 0],
          "position": [0, 0, -0.1]
        },
        "arm_right2": {
          "rotation": [0, "0+math.sin(q.anim_time*90*2+75)*10", 0],
          "position": [-0.1, 0, 0]
        },
        "arm_left": {
          "rotation": [0, "0-math.sin(q.anim_time*90*2+60)*7.5", 0],
          "position": [0, 0, -0.1]
        },
        "arm_left2": {
          "rotation": [0, "0-math.sin(q.anim_time*90*2+75)*10", 0],
          "position": [0.1, 0, 0]
        },
        "leg_left": {
          "rotation": [0, "0+math.sin(q.anim_time*90*2+60)*10", 0]
        },
        "leg_left2": {
          "rotation": [
            "0+math.sin(q.anim_time*90*2+180)*15",
            "0+math.sin(q.anim_time*90*2+150)*10",
            0
          ]
        },
        "leg_left3": {
          "rotation": [0, "0+math.sin(q.anim_time*90*2+120)*10", 0]
        },
        "leg_left4": {
          "rotation": ["0+math.sin(q.anim_time*90*2+180)*15", 0, 0]
        },
        "leg_right": {
          "rotation": [0, "0-math.sin(q.anim_time*90*2+60)*10", 0]
        },
        "leg_right2": {
          "rotation": [
            "0+math.sin(q.anim_time*90*2+150)*15",
            "0-math.sin(q.anim_time*90*2+60)*10",
            0
          ]
        },
        "leg_right3": {
          "rotation": [0, "0-math.sin(q.anim_time*90*2-60)*10", 0]
        },
        "leg_right4": {
          "rotation": ["0+math.sin(q.anim_time*90*2)*15", 0, 0]
        }
      }
    },
    "animation.kartana.ground_walk": {
      "loop": true,
      "bones": {
        "body": {
          "rotation": [
            "5-math.sin(q.anim_time*90*2-60)*15",
            "0-math.sin(q.anim_time*90*2+60)*10",
            "0-math.sin(q.anim_time*90*2+60)*5"
          ],
          "position": [0, "5-math.sin(q.anim_time*90*4)*1", 0]
        },
        "arm_right": {
          "rotation": [0, "0+math.sin(q.anim_time*90*2+60)*7.5", 0],
          "position": [0, 0, -0.1]
        },
        "arm_right2": {
          "rotation": [0, "0+math.sin(q.anim_time*90*2+75)*10", 0],
          "position": [-0.1, 0, 0]
        },
        "arm_left": {
          "rotation": [0, "0-math.sin(q.anim_time*90*2+60)*7.5", 0],
          "position": [0, 0, -0.1]
        },
        "arm_left2": {
          "rotation": [0, "0-math.sin(q.anim_time*90*2+75)*10", 0],
          "position": [0.1, 0, 0]
        },
        "leg_left": {
          "rotation": [0, "0+math.sin(q.anim_time*90*2+60)*10", 0]
        },
        "leg_left2": {
          "rotation": [
            "0+math.sin(q.anim_time*90*2+180)*15",
            "0+math.sin(q.anim_time*90*2+150)*10",
            0
          ]
        },
        "leg_left3": {
          "rotation": [0, "0+math.sin(q.anim_time*90*2+120)*10", 0]
        },
        "leg_left4": {
          "rotation": ["0+math.sin(q.anim_time*90*2+180)*15", 0, 0]
        },
        "leg_right": {
          "rotation": [0, "0-math.sin(q.anim_time*90*2+60)*10", 0]
        },
        "leg_right2": {
          "rotation": [
            "0+math.sin(q.anim_time*90*2+150)*15",
            "0-math.sin(q.anim_time*90*2+60)*10",
            0
          ]
        },
        "leg_right3": {
          "rotation": [0, "0-math.sin(q.anim_time*90*2-60)*10", 0]
        },
        "leg_right4": {
          "rotation": ["0+math.sin(q.anim_time*90*2)*15", 0, 0]
        }
      }
    },
    "animation.kartana.sleep": {
      "loop": true,
      "bones": {
        "body": {
          "rotation": [
            "-90-math.sin(q.anim_time*90*1-60)*15",
            "0-math.sin(q.anim_time*90*1+60)*10",
            "0-math.sin(q.anim_time*90*1+60)*5"
          ],
          "position": [0, "0-math.sin(q.anim_time*90*2)*1", 0]
        },
        "arm_right": {
          "rotation": [0, "0+math.sin(q.anim_time*90*1+60)*7.5", 0],
          "position": [0, 0, -0.1]
        },
        "arm_right2": {
          "rotation": [0, "0+math.sin(q.anim_time*90*1+75)*10", 0],
          "position": [-0.1, 0, 0]
        },
        "arm_left": {
          "rotation": [0, "0-math.sin(q.anim_time*90*1+60)*7.5", 0],
          "position": [0, 0, -0.1]
        },
        "arm_left2": {
          "rotation": [0, "0-math.sin(q.anim_time*90*1+75)*10", 0],
          "position": [0.1, 0, 0]
        },
        "leg_left": {
          "rotation": [0, "0+math.sin(q.anim_time*90*1+60)*10", 0]
        },
        "leg_left2": {
          "rotation": [
            "0+math.sin(q.anim_time*90*1+180)*15",
            "0+math.sin(q.anim_time*90*1+150)*10",
            0
          ]
        },
        "leg_left3": {
          "rotation": [0, "0+math.sin(q.anim_time*90*1+120)*10", 0]
        },
        "leg_left4": {
          "rotation": ["0+math.sin(q.anim_time*90*1+180)*15", 0, 0]
        },
        "leg_right": {
          "rotation": [0, "0-math.sin(q.anim_time*90*1+60)*10", 0]
        },
        "leg_right2": {
          "rotation": [
            "0+math.sin(q.anim_time*90*1+150)*15",
            "0-math.sin(q.anim_time*90*1+60)*10",
            0
          ]
        },
        "leg_right3": {
          "rotation": [0, "0-math.sin(q.anim_time*90*1-60)*10", 0]
        },
        "leg_right4": {
          "rotation": ["0+math.sin(q.anim_time*90*1)*15", 0, 0]
        }
      }
    }
  },
  "geckolib_format_version": 2
}
