{
  "format_version": "1.8.0",
  "animations": {
    "animation.toedscruel.render": {
      "loop": true,
      "bones": {
        "tentacle_left_front": {
          "rotation": [-35.79539, -33.57298, -11.02156],
          "position": [2, 0, 0]
        },
        "tentacle_left_front_2": {
          "rotation": [-20, 0, 0]
        },
        "tentacle_left_front_3": {
          "rotation": [-30, 0, 0]
        },
        "tentacle_left_front_4": {
          "rotation": [-25, 0, 0]
        },
        "tentacle_left_front_5": {
          "rotation": [45, 0, 0]
        },
        "tentacle_left_2": {
          "rotation": [-105.61454, 109.6121, -160.30206]
        },
        "tentacle_left_2_2": {
          "rotation": [-10, 0, 0]
        },
        "tentacle_left_2_3": {
          "rotation": [-10, 0, 0]
        },
        "tentacle_left_2_4": {
          "rotation": [-15, 0, 0]
        },
        "tentacle_left_2_5": {
          "rotation": [-15, 0, 0]
        },
        "tentacle_left_3": {
          "rotation": [0, 180, -32.5]
        },
        "tentacle_left_3_2": {
          "rotation": [-10, 0, 0]
        },
        "tentacle_left_3_3": {
          "rotation": [-25, 0, 0]
        },
        "tentacle_left_3_4": {
          "rotation": [-15, 0, 0]
        },
        "tentacle_left_3_5": {
          "rotation": [-15, 0, 0]
        },
        "tentacle_left_4": {
          "rotation": [46.40425, 184.78384, -23.85039]
        },
        "tentacle_left_4_2": {
          "rotation": [-10, 0, 0]
        },
        "tentacle_left_4_3": {
          "rotation": [-20, 0, 0]
        },
        "tentacle_left_4_4": {
          "rotation": [-27.5, 0, 0]
        },
        "tentacle_left_4_5": {
          "rotation": [-15, 0, 0]
        },
        "tentacle_left_5": {
          "rotation": [58.18371, 214.30744, 40.43587]
        },
        "tentacle_left_5_2": {
          "rotation": [-10, 0, 0]
        },
        "tentacle_left_5_3": {
          "rotation": [-10, 0, 0]
        },
        "tentacle_left_5_4": {
          "rotation": [-15, 0, 0]
        },
        "tentacle_left_5_5": {
          "rotation": [-15, 0, 0]
        },
        "tentacle_right_front": {
          "rotation": [-31.28822, 17.33038, 3.83581],
          "position": [-2, 0, 0]
        },
        "tentacle_right_front_2": {
          "rotation": [-42.5, 0, 0]
        },
        "tentacle_right_front_3": {
          "rotation": [-15, 0, 0]
        },
        "tentacle_right_front_4": {
          "rotation": [-15, 0, 0]
        },
        "tentacle_right_front_5": {
          "rotation": [33.44102, 8.42106, -20.94102]
        },
        "tentacle_right_2": {
          "rotation": [-80.69405, 265.81404, -212.74679]
        },
        "tentacle_right_2_2": {
          "rotation": [-10, 0, 0]
        },
        "tentacle_right_2_3": {
          "rotation": [-22.5, 0, 0]
        },
        "tentacle_right_2_4": {
          "rotation": [-25, 0, 0]
        },
        "tentacle_right_2_5": {
          "rotation": [-15, 0, 0]
        },
        "tentacle_right_3": {
          "rotation": [-23.44413, 232.24335, 75.53125]
        },
        "tentacle_right_3_2": {
          "rotation": [-10, 0, 0]
        },
        "tentacle_right_3_3": {
          "rotation": [-10, 0, 0]
        },
        "tentacle_right_3_4": {
          "rotation": [-15, 0, 0]
        },
        "tentacle_right_3_5": {
          "rotation": [-15, 0, 0]
        },
        "tentacle_right_4": {
          "rotation": [204.74484, 297.04971, 218.89898]
        },
        "tentacle_right_4_2": {
          "rotation": [-20, 0, 0]
        },
        "tentacle_right_4_3": {
          "rotation": [-17.48436, -0.75155, -2.38443]
        },
        "tentacle_right_4_4": {
          "rotation": [-15, 0, 0]
        },
        "tentacle_right_4_5": {
          "rotation": [17.5, 0, 0]
        },
        "tentacle_right_5": {
          "rotation": [-10, 267.5, 0]
        },
        "tentacle_right_5_2": {
          "rotation": [-10, 0, 0]
        },
        "tentacle_right_5_3": {
          "rotation": [-10, 0, 0]
        },
        "tentacle_right_5_4": {
          "rotation": [-15, 0, 0]
        },
        "tentacle_right_5_5": {
          "rotation": [-15, 0, 0]
        },
        "body": {
          "rotation": [5, 0, 0],
          "position": [0, -4, 0]
        }
      }
    },
    "animation.toedscruel.ground_idle": {
      "loop": true,
      "bones": {
        "body": {
          "position": [0, "-8.5-0.1*(math.sin(q.anim_time*90*1.5-40)*2)", 0]
        },
        "torso": {
          "rotation": ["1+0.5*math.sin(q.anim_time*90*1.5-40)*2", 0, 0],
          "position": [0, "-0.025*(math.sin(q.anim_time*90*1.5-60)*2)", 0]
        },
        "brim_front": {
          "rotation": ["-1.5*math.sin(q.anim_time*90*1.5-60)*2", 0, 0]
        },
        "brim_left": {
          "rotation": [0, 0, "-1*math.sin(q.anim_time*90*1.5-60)*2"]
        },
        "brim_right": {
          "rotation": [0, 0, "1*math.sin(q.anim_time*90*1.5-60)*2"]
        },
        "brim_back": {
          "rotation": ["1*math.sin(q.anim_time*90*1.5-60)*2", 0, 0]
        },
        "tentacle_left_front": {
          "rotation": [
            "-15+3*math.sin(q.anim_time*90*1.5-60)*2",
            "-20-1.5*math.sin(q.anim_time*90*1.5-40)*2",
            0
          ]
        },
        "tentacle_left_front_2": {
          "rotation": ["-35-2*math.sin(q.anim_time*90*1.5-40)*2", 0, 0]
        },
        "tentacle_left_front_3": {
          "rotation": ["-35-2*math.sin(q.anim_time*90*1.5-40)*2", 0, 0]
        },
        "tentacle_left_front_4": {
          "rotation": ["-35-2*math.sin(q.anim_time*90*1.5-40)*2", 0, 0]
        },
        "tentacle_left_front_5": {
          "rotation": ["40+3*math.sin(q.anim_time*90*1.5-40)*2", 0, 0]
        },
        "tentacle_left_2": {
          "rotation": ["-15+1.5*math.sin(q.anim_time*90*1.5-40)*2", 0, 0]
        },
        "tentacle_left_2_2": {
          "rotation": ["-15-1*math.sin(q.anim_time*90*1.5-40)*2", 0, 0]
        },
        "tentacle_left_2_3": {
          "rotation": ["-20-1*math.sin(q.anim_time*90*1.5-40)*2", 0, 0]
        },
        "tentacle_left_2_4": {
          "rotation": ["-17.5-1*math.sin(q.anim_time*90*1.5-40)*2", 0, 0]
        },
        "tentacle_left_2_5": {
          "rotation": ["45+1.5*math.sin(q.anim_time*90*1.5-40)*2", 0, 0]
        },
        "tentacle_left_3": {
          "rotation": ["-15+1.5*math.sin(q.anim_time*90*1.5-40)*2", 0, 0]
        },
        "tentacle_left_3_2": {
          "rotation": ["-15-1*math.sin(q.anim_time*90*1.5-40)*2", 0, 0]
        },
        "tentacle_left_3_3": {
          "rotation": ["-20-1*math.sin(q.anim_time*90*1.5-40)*2", 0, 0]
        },
        "tentacle_left_3_4": {
          "rotation": ["-17.5-1*math.sin(q.anim_time*90*1.5-40)*2", 0, 0]
        },
        "tentacle_left_3_5": {
          "rotation": ["45+1.5*math.sin(q.anim_time*90*1.5-40)*2", 0, 0]
        },
        "tentacle_left_4": {
          "rotation": ["-15+1.5*math.sin(q.anim_time*90*1.5-40)*2", 0, 0]
        },
        "tentacle_left_4_2": {
          "rotation": ["-15-1*math.sin(q.anim_time*90*1.5-40)*2", 0, 0]
        },
        "tentacle_left_4_3": {
          "rotation": ["-20-1*math.sin(q.anim_time*90*1.5-40)*2", 0, 0]
        },
        "tentacle_left_4_4": {
          "rotation": ["-17.5-1*math.sin(q.anim_time*90*1.5-40)*2", 0, 0]
        },
        "tentacle_left_4_5": {
          "rotation": ["45+1.5*math.sin(q.anim_time*90*1.5-40)*2", 0, 0]
        },
        "tentacle_left_5": {
          "rotation": ["-15+1.5*math.sin(q.anim_time*90*1.5-40)*2", 0, 0]
        },
        "tentacle_left_5_2": {
          "rotation": ["-15-1*math.sin(q.anim_time*90*1.5-40)*2", 0, 0]
        },
        "tentacle_left_5_3": {
          "rotation": ["-20-1*math.sin(q.anim_time*90*1.5-40)*2", 0, 0]
        },
        "tentacle_left_5_4": {
          "rotation": ["-17.5-1*math.sin(q.anim_time*90*1.5-40)*2", 0, 0]
        },
        "tentacle_left_5_5": {
          "rotation": ["45+1.5*math.sin(q.anim_time*90*1.5-40)*2", 0, 0]
        },
        "tentacle_right_front": {
          "rotation": [
            "-15+3*math.sin(q.anim_time*90*1.5-60)*2",
            "20+1.5*math.sin(q.anim_time*90*1.5-40)*2",
            0
          ]
        },
        "tentacle_right_front_2": {
          "rotation": ["-35-2*math.sin(q.anim_time*90*1.5-40)*2", 0, 0]
        },
        "tentacle_right_front_3": {
          "rotation": ["-35-2*math.sin(q.anim_time*90*1.5-40)*2", 0, 0]
        },
        "tentacle_right_front_4": {
          "rotation": ["-35-2*math.sin(q.anim_time*90*1.5-40)*2", 0, 0]
        },
        "tentacle_right_front_5": {
          "rotation": ["40+3*math.sin(q.anim_time*90*1.5-40)*2", 0, 0]
        },
        "tentacle_right_2": {
          "rotation": ["-15+1.5*math.sin(q.anim_time*90*1.5-40)*2", 0, 0]
        },
        "tentacle_right_2_2": {
          "rotation": ["-15-1*math.sin(q.anim_time*90*1.5-40)*2", 0, 0]
        },
        "tentacle_right_2_3": {
          "rotation": ["-20-1*math.sin(q.anim_time*90*1.5-40)*2", 0, 0]
        },
        "tentacle_right_2_4": {
          "rotation": ["-17.5-1*math.sin(q.anim_time*90*1.5-40)*2", 0, 0]
        },
        "tentacle_right_2_5": {
          "rotation": ["45+1.5*math.sin(q.anim_time*90*1.5-40)*2", 0, 0]
        },
        "tentacle_right_3": {
          "rotation": ["-15+1.5*math.sin(q.anim_time*90*1.5-40)*2", 0, 0]
        },
        "tentacle_right_3_2": {
          "rotation": ["-15-1*math.sin(q.anim_time*90*1.5-40)*2", 0, 0]
        },
        "tentacle_right_3_3": {
          "rotation": ["-20-1*math.sin(q.anim_time*90*1.5-40)*2", 0, 0]
        },
        "tentacle_right_3_4": {
          "rotation": ["-17.5-1*math.sin(q.anim_time*90*1.5-40)*2", 0, 0]
        },
        "tentacle_right_3_5": {
          "rotation": ["45+1.5*math.sin(q.anim_time*90*1.5-40)*2", 0, 0]
        },
        "tentacle_right_4": {
          "rotation": ["-15+1.5*math.sin(q.anim_time*90*1.5-40)*2", 0, 0]
        },
        "tentacle_right_4_2": {
          "rotation": ["-15-1*math.sin(q.anim_time*90*1.5-40)*2", 0, 0]
        },
        "tentacle_right_4_3": {
          "rotation": ["-20-1*math.sin(q.anim_time*90*1.5-40)*2", 0, 0]
        },
        "tentacle_right_4_4": {
          "rotation": ["-17.5-1*math.sin(q.anim_time*90*1.5-40)*2", 0, 0]
        },
        "tentacle_right_4_5": {
          "rotation": ["45+1.5*math.sin(q.anim_time*90*1.5-40)*2", 0, 0]
        },
        "tentacle_right_5": {
          "rotation": ["-15+1.5*math.sin(q.anim_time*90*1.5-40)*2", 0, 0]
        },
        "tentacle_right_5_2": {
          "rotation": ["-15-1*math.sin(q.anim_time*90*1.5-40)*2", 0, 0]
        },
        "tentacle_right_5_3": {
          "rotation": ["-20-1*math.sin(q.anim_time*90*1.5-40)*2", 0, 0]
        },
        "tentacle_right_5_4": {
          "rotation": ["-17.5-1*math.sin(q.anim_time*90*1.5-40)*2", 0, 0]
        },
        "tentacle_right_5_5": {
          "rotation": ["45+1.5*math.sin(q.anim_time*90*1.5-40)*2", 0, 0]
        }
      }
    },
    "animation.toedscruel.ground_walk": {
      "loop": true,
      "animation_length": 1.16667,
      "bones": {
        "body": {
          "rotation": {
            "0.0": {
              "post": [0, 0, 0],
              "lerp_mode": "catmullrom"
            },
            "0.0833": {
              "post": [0, 0, 0],
              "lerp_mode": "catmullrom"
            },
            "0.4583": {
              "post": [-7, 0, 0],
              "lerp_mode": "catmullrom"
            },
            "0.7917": {
              "post": [5, 0, 0],
              "lerp_mode": "catmullrom"
            },
            "1.0833": {
              "post": [0, 0, 0],
              "lerp_mode": "catmullrom"
            }
          },
          "position": {
            "0.0": {
              "post": [0, "-5+math.cos(q.anim_time*150 *2) * 17", 0],
              "lerp_mode": "catmullrom"
            },
            "0.0833": {
              "post": [0, "-5 + math.cos(q.anim_time*150*2) *17", 0],
              "lerp_mode": "catmullrom"
            }
          }
        },
        "torso": {
          "rotation": {
            "0.0": {
              "post": [-10, 0, 0],
              "lerp_mode": "catmullrom"
            },
            "0.0833": {
              "post": [-10, 0, 0],
              "lerp_mode": "catmullrom"
            },
            "0.4583": {
              "post": [-10, 0, 0],
              "lerp_mode": "catmullrom"
            }
          }
        },
        "tentacle_left_front": {
          "rotation": {
            "0.0": {
              "post": [-7.5, 0, 0],
              "lerp_mode": "catmullrom"
            },
            "0.25": {
              "post": [-31.5, 0, 0],
              "lerp_mode": "catmullrom"
            },
            "0.4583": {
              "post": [-35, 0, 0],
              "lerp_mode": "catmullrom"
            },
            "0.7917": {
              "post": [-35, 0, 0],
              "lerp_mode": "catmullrom"
            },
            "1.0833": {
              "post": [-7.5, 0, 0],
              "lerp_mode": "catmullrom"
            }
          }
        },
        "tentacle_left_front_2": {
          "rotation": {
            "0.0": {
              "post": [17.5, 0, 0],
              "lerp_mode": "catmullrom"
            },
            "0.25": {
              "post": [17.5, 0, 0],
              "lerp_mode": "catmullrom"
            },
            "0.4583": {
              "post": [-40, 0, 0],
              "lerp_mode": "catmullrom"
            },
            "0.7917": {
              "post": [-40, 0, 0],
              "lerp_mode": "catmullrom"
            },
            "1.0833": {
              "post": [17.5, 0, 0],
              "lerp_mode": "catmullrom"
            }
          }
        },
        "tentacle_left_front_3": {
          "rotation": {
            "0.0": {
              "post": [-2.5, 0, 0],
              "lerp_mode": "catmullrom"
            },
            "0.25": {
              "post": [55.5, 0, 0],
              "lerp_mode": "catmullrom"
            },
            "0.4583": {
              "post": [-42.5, 0, 0],
              "lerp_mode": "catmullrom"
            },
            "0.7917": {
              "post": [-42.5, 0, 0],
              "lerp_mode": "catmullrom"
            },
            "1.0833": {
              "post": [-2.5, 0, 0],
              "lerp_mode": "catmullrom"
            }
          }
        },
        "tentacle_left_front_4": {
          "rotation": {
            "0.0": {
              "post": [5, 0, 0],
              "lerp_mode": "catmullrom"
            },
            "0.25": {
              "post": [5, 0, 0],
              "lerp_mode": "catmullrom"
            },
            "0.4583": {
              "post": [105, 0, 0],
              "lerp_mode": "catmullrom"
            },
            "0.7917": {
              "post": [105, 0, 0],
              "lerp_mode": "catmullrom"
            },
            "1.0833": {
              "post": [5, 0, 0],
              "lerp_mode": "catmullrom"
            }
          }
        },
        "tentacle_left_front_5": {
          "rotation": {
            "0.0": {
              "post": [20, 0, 0],
              "lerp_mode": "catmullrom"
            },
            "0.25": {
              "post": [20, 0, 0],
              "lerp_mode": "catmullrom"
            },
            "0.4583": {
              "post": [-57.5, 0, 0],
              "lerp_mode": "catmullrom"
            },
            "0.7917": {
              "post": [-57.5, 0, 0],
              "lerp_mode": "catmullrom"
            },
            "1.0833": {
              "post": [20, 0, 0],
              "lerp_mode": "catmullrom"
            }
          }
        },
        "tentacle_left_2": {
          "rotation": {
            "0.0": {
              "post": [0, 0, 0],
              "lerp_mode": "catmullrom"
            },
            "0.25": {
              "post": [-27, 0, 0],
              "lerp_mode": "catmullrom"
            },
            "0.4583": {
              "post": [-35, 0, 0],
              "lerp_mode": "catmullrom"
            },
            "0.7917": {
              "post": [-35, 0, 0],
              "lerp_mode": "catmullrom"
            },
            "1.0833": {
              "post": [0, 0, 0],
              "lerp_mode": "catmullrom"
            }
          }
        },
        "tentacle_left_2_2": {
          "rotation": {
            "0.0": {
              "post": [-5, 0, 0],
              "lerp_mode": "catmullrom"
            },
            "0.25": {
              "post": [-5, 0, 0],
              "lerp_mode": "catmullrom"
            },
            "0.4583": {
              "post": [-37.5, 0, 0],
              "lerp_mode": "catmullrom"
            },
            "0.7917": {
              "post": [-37.5, 0, 0],
              "lerp_mode": "catmullrom"
            },
            "1.0833": {
              "post": [-5, 0, 0],
              "lerp_mode": "catmullrom"
            }
          }
        },
        "tentacle_left_2_3": {
          "rotation": {
            "0.0": {
              "post": [12.5, 0, 0],
              "lerp_mode": "catmullrom"
            },
            "0.25": {
              "post": [56.5, 0, 0],
              "lerp_mode": "catmullrom"
            },
            "0.4583": {
              "post": [-42.5, 0, 0],
              "lerp_mode": "catmullrom"
            },
            "0.7917": {
              "post": [-42.5, 0, 0],
              "lerp_mode": "catmullrom"
            },
            "1.0833": {
              "post": [12.5, 0, 0],
              "lerp_mode": "catmullrom"
            }
          }
        },
        "tentacle_left_2_4": {
          "rotation": {
            "0.0": {
              "post": [20, 0, 0],
              "lerp_mode": "catmullrom"
            },
            "0.25": {
              "post": [20, 0, 0],
              "lerp_mode": "catmullrom"
            },
            "0.4583": {
              "post": [105, 0, 0],
              "lerp_mode": "catmullrom"
            },
            "0.7917": {
              "post": [105, 0, 0],
              "lerp_mode": "catmullrom"
            },
            "1.0833": {
              "post": [20, 0, 0],
              "lerp_mode": "catmullrom"
            }
          }
        },
        "tentacle_left_2_5": {
          "rotation": {
            "0.0": {
              "post": [20, 0, 0],
              "lerp_mode": "catmullrom"
            },
            "0.25": {
              "post": [20, 0, 0],
              "lerp_mode": "catmullrom"
            },
            "0.4583": {
              "post": [-57.5, 0, 0],
              "lerp_mode": "catmullrom"
            },
            "0.7917": {
              "post": [-57.5, 0, 0],
              "lerp_mode": "catmullrom"
            },
            "1.0833": {
              "post": [20, 0, 0],
              "lerp_mode": "catmullrom"
            }
          }
        },
        "tentacle_left_3": {
          "rotation": {
            "0.0": {
              "post": [90, 12.5, -102.5],
              "lerp_mode": "catmullrom"
            },
            "0.25": {
              "post": [75, 12.5, -102.5],
              "lerp_mode": "catmullrom"
            },
            "0.4583": {
              "post": [-32.5, 0, 0],
              "lerp_mode": "catmullrom"
            },
            "0.7917": {
              "post": [-32.5, 0, 0],
              "lerp_mode": "catmullrom"
            },
            "1.0833": {
              "post": [90, 12.5, -102.5],
              "lerp_mode": "catmullrom"
            }
          }
        },
        "tentacle_left_3_2": {
          "rotation": {
            "0.0": {
              "post": [-5, 0, 0],
              "lerp_mode": "catmullrom"
            },
            "0.25": {
              "post": [-4.8522, 1.20816, 13.94881],
              "lerp_mode": "catmullrom"
            },
            "0.4583": {
              "post": [-37.5, 0, 0],
              "lerp_mode": "catmullrom"
            },
            "0.7917": {
              "post": [-37.5, 0, 0],
              "lerp_mode": "catmullrom"
            },
            "1.0833": {
              "post": [-5, 0, 0],
              "lerp_mode": "catmullrom"
            }
          }
        },
        "tentacle_left_3_3": {
          "rotation": {
            "0.0": {
              "post": [17.5, 0, 0],
              "lerp_mode": "catmullrom"
            },
            "0.25": {
              "post": [41.5, 0, 0],
              "lerp_mode": "catmullrom"
            },
            "0.4583": {
              "post": [-42.5, 0, 0],
              "lerp_mode": "catmullrom"
            },
            "0.7917": {
              "post": [-42.5, 0, 0],
              "lerp_mode": "catmullrom"
            },
            "1.0833": {
              "post": [17.5, 0, 0],
              "lerp_mode": "catmullrom"
            }
          }
        },
        "tentacle_left_3_4": {
          "rotation": {
            "0.0": {
              "post": [7.5, 0, 0],
              "lerp_mode": "catmullrom"
            },
            "0.25": {
              "post": [7.5, 0, 0],
              "lerp_mode": "catmullrom"
            },
            "0.4583": {
              "post": [105, 0, 0],
              "lerp_mode": "catmullrom"
            },
            "0.7917": {
              "post": [105, 0, 0],
              "lerp_mode": "catmullrom"
            },
            "1.0833": {
              "post": [7.5, 0, 0],
              "lerp_mode": "catmullrom"
            }
          }
        },
        "tentacle_left_3_5": {
          "rotation": {
            "0.0": {
              "post": [42.5, 0, 0],
              "lerp_mode": "catmullrom"
            },
            "0.25": {
              "post": [42.5, 0, 0],
              "lerp_mode": "catmullrom"
            },
            "0.4583": {
              "post": [-57.5, 0, 0],
              "lerp_mode": "catmullrom"
            },
            "0.7917": {
              "post": [-57.5, 0, 0],
              "lerp_mode": "catmullrom"
            },
            "1.0833": {
              "post": [42.5, 0, 0],
              "lerp_mode": "catmullrom"
            }
          }
        },
        "tentacle_left_4": {
          "rotation": {
            "0.4583": {
              "pre": [-35, 0, 0],
              "post": [-35, 0, 0],
              "lerp_mode": "catmullrom"
            },
            "0.7917": {
              "post": [-35, 0, 0],
              "lerp_mode": "catmullrom"
            }
          }
        },
        "tentacle_left_4_2": {
          "rotation": {
            "0.0": {
              "post": [-5, 0, 0],
              "lerp_mode": "catmullrom"
            },
            "0.25": {
              "post": [-11, 0, 0],
              "lerp_mode": "catmullrom"
            },
            "0.4583": {
              "post": [-37.5, 0, 0],
              "lerp_mode": "catmullrom"
            },
            "0.7917": {
              "post": [-37.5, 0, 0],
              "lerp_mode": "catmullrom"
            },
            "1.0833": {
              "post": [-5, 0, 0],
              "lerp_mode": "catmullrom"
            }
          }
        },
        "tentacle_left_4_3": {
          "rotation": {
            "0.25": {
              "pre": [20, 0, 0],
              "post": [20, 0, 0],
              "lerp_mode": "catmullrom"
            },
            "0.4583": {
              "post": [-42.5, 0, 0],
              "lerp_mode": "catmullrom"
            },
            "1.1667": {
              "post": [20, 0, 0],
              "lerp_mode": "catmullrom"
            }
          }
        },
        "tentacle_left_4_4": {
          "rotation": {
            "0.0": {
              "post": [12.5, 0, 0],
              "lerp_mode": "catmullrom"
            },
            "0.25": {
              "post": [12.5, 0, 0],
              "lerp_mode": "catmullrom"
            },
            "0.4583": {
              "post": [106.56644, -1.68161, -1.00753],
              "lerp_mode": "catmullrom"
            },
            "0.7917": {
              "post": [106.56644, -1.68161, -1.00753],
              "lerp_mode": "catmullrom"
            },
            "1.0833": {
              "post": [12.5, 0, 0],
              "lerp_mode": "catmullrom"
            }
          }
        },
        "tentacle_left_4_5": {
          "rotation": {
            "0.0": {
              "post": [42.5, 0, 0],
              "lerp_mode": "catmullrom"
            },
            "0.25": {
              "post": [42.5, 0, 0],
              "lerp_mode": "catmullrom"
            },
            "0.4583": {
              "post": [-57.5, 0, 0],
              "lerp_mode": "catmullrom"
            },
            "0.7917": {
              "post": [-57.5, 0, 0],
              "lerp_mode": "catmullrom"
            },
            "1.0833": {
              "post": [42.5, 0, 0],
              "lerp_mode": "catmullrom"
            }
          }
        },
        "tentacle_left_5": {
          "rotation": {
            "0.0": {
              "post": [-20, 0, 0],
              "lerp_mode": "catmullrom"
            },
            "0.25": {
              "post": [-20, 0, 0],
              "lerp_mode": "catmullrom"
            },
            "0.4583": {
              "post": [-35, 0, 0],
              "lerp_mode": "catmullrom"
            },
            "0.7917": {
              "post": [-35, 0, 0],
              "lerp_mode": "catmullrom"
            },
            "1.0833": {
              "post": [-20, 0, 0],
              "lerp_mode": "catmullrom"
            }
          }
        },
        "tentacle_left_5_2": {
          "rotation": {
            "0.0": {
              "post": [-5, 0, 0],
              "lerp_mode": "catmullrom"
            },
            "0.25": {
              "post": [-5, 0, 0],
              "lerp_mode": "catmullrom"
            },
            "0.4583": {
              "post": [-37.5, 0, 0],
              "lerp_mode": "catmullrom"
            },
            "0.7917": {
              "post": [-37.5, 0, 0],
              "lerp_mode": "catmullrom"
            },
            "1.0833": {
              "post": [-5, 0, 0],
              "lerp_mode": "catmullrom"
            }
          }
        },
        "tentacle_left_5_3": {
          "rotation": {
            "0.0": {
              "post": [15, 0, 0],
              "lerp_mode": "catmullrom"
            },
            "0.25": {
              "post": [15, 0, 0],
              "lerp_mode": "catmullrom"
            },
            "0.4583": {
              "post": [-42.5, 0, 0],
              "lerp_mode": "catmullrom"
            },
            "0.7917": {
              "post": [-42.5, 0, 0],
              "lerp_mode": "catmullrom"
            },
            "1.0833": {
              "post": [15, 0, 0],
              "lerp_mode": "catmullrom"
            }
          }
        },
        "tentacle_left_5_4": {
          "rotation": {
            "0.0": {
              "post": [20, 0, 0],
              "lerp_mode": "catmullrom"
            },
            "0.25": {
              "post": [20, 0, 0],
              "lerp_mode": "catmullrom"
            },
            "0.4583": {
              "post": [105, 0, 0],
              "lerp_mode": "catmullrom"
            },
            "0.7917": {
              "post": [105, 0, 0],
              "lerp_mode": "catmullrom"
            },
            "1.0833": {
              "post": [20, 0, 0],
              "lerp_mode": "catmullrom"
            }
          }
        },
        "tentacle_left_5_5": {
          "rotation": {
            "0.0": {
              "post": [40, 0, 0],
              "lerp_mode": "catmullrom"
            },
            "0.25": {
              "post": [40, 0, 0],
              "lerp_mode": "catmullrom"
            },
            "0.4583": {
              "post": [-57.5, 0, 0],
              "lerp_mode": "catmullrom"
            },
            "0.7917": {
              "post": [-57.5, 0, 0],
              "lerp_mode": "catmullrom"
            },
            "1.0833": {
              "post": [40, 0, 0],
              "lerp_mode": "catmullrom"
            }
          }
        },
        "tentacle_right_front": {
          "rotation": {
            "0.0": {
              "post": [-7.5, 0, 0],
              "lerp_mode": "catmullrom"
            },
            "0.25": {
              "post": [-31.5, 0, 0],
              "lerp_mode": "catmullrom"
            },
            "0.4583": {
              "post": [-35, 0, 0],
              "lerp_mode": "catmullrom"
            },
            "0.7917": {
              "post": [-35, 0, 0],
              "lerp_mode": "catmullrom"
            },
            "1.0833": {
              "post": [-7.5, 0, 0],
              "lerp_mode": "catmullrom"
            }
          }
        },
        "tentacle_right_front_2": {
          "rotation": {
            "0.0": {
              "post": [17.5, 0, 0],
              "lerp_mode": "catmullrom"
            },
            "0.25": {
              "post": [17.5, 0, 0],
              "lerp_mode": "catmullrom"
            },
            "0.4583": {
              "post": [-40, 0, 0],
              "lerp_mode": "catmullrom"
            },
            "0.7917": {
              "post": [-40, 0, 0],
              "lerp_mode": "catmullrom"
            },
            "1.0833": {
              "post": [17.5, 0, 0],
              "lerp_mode": "catmullrom"
            }
          }
        },
        "tentacle_right_front_3": {
          "rotation": {
            "0.0": {
              "post": [-2.5, 0, 0],
              "lerp_mode": "catmullrom"
            },
            "0.25": {
              "post": [55.5, 0, 0],
              "lerp_mode": "catmullrom"
            },
            "0.4583": {
              "post": [-42.5, 0, 0],
              "lerp_mode": "catmullrom"
            },
            "0.7917": {
              "post": [-42.5, 0, 0],
              "lerp_mode": "catmullrom"
            },
            "1.0833": {
              "post": [-2.5, 0, 0],
              "lerp_mode": "catmullrom"
            }
          }
        },
        "tentacle_right_front_4": {
          "rotation": {
            "0.0": {
              "post": [5, 0, 0],
              "lerp_mode": "catmullrom"
            },
            "0.25": {
              "post": [5, 0, 0],
              "lerp_mode": "catmullrom"
            },
            "0.4583": {
              "post": [105, 0, 0],
              "lerp_mode": "catmullrom"
            },
            "0.7917": {
              "post": [105, 0, 0],
              "lerp_mode": "catmullrom"
            },
            "1.0833": {
              "post": [5, 0, 0],
              "lerp_mode": "catmullrom"
            }
          }
        },
        "tentacle_right_front_5": {
          "rotation": {
            "0.0": {
              "post": [20, 0, 0],
              "lerp_mode": "catmullrom"
            },
            "0.25": {
              "post": [20, 0, 0],
              "lerp_mode": "catmullrom"
            },
            "0.4583": {
              "post": [-57.5, 0, 0],
              "lerp_mode": "catmullrom"
            },
            "0.7917": {
              "post": [-57.5, 0, 0],
              "lerp_mode": "catmullrom"
            },
            "1.0833": {
              "post": [20, 0, 0],
              "lerp_mode": "catmullrom"
            }
          }
        },
        "tentacle_right_2": {
          "rotation": {
            "0.0": {
              "post": [0, 0, 0],
              "lerp_mode": "catmullrom"
            },
            "0.25": {
              "post": [-27, 0, 0],
              "lerp_mode": "catmullrom"
            },
            "0.4583": {
              "post": [-35, 0, 0],
              "lerp_mode": "catmullrom"
            },
            "0.7917": {
              "post": [-35, 0, 0],
              "lerp_mode": "catmullrom"
            },
            "1.0833": {
              "post": [0, 0, 0],
              "lerp_mode": "catmullrom"
            }
          }
        },
        "tentacle_right_2_2": {
          "rotation": {
            "0.0": {
              "post": [-5, 0, 0],
              "lerp_mode": "catmullrom"
            },
            "0.25": {
              "post": [-5, 0, 0],
              "lerp_mode": "catmullrom"
            },
            "0.4583": {
              "post": [-37.5, 0, 0],
              "lerp_mode": "catmullrom"
            },
            "0.7917": {
              "post": [-37.5, 0, 0],
              "lerp_mode": "catmullrom"
            },
            "1.0833": {
              "post": [-5, 0, 0],
              "lerp_mode": "catmullrom"
            }
          }
        },
        "tentacle_right_2_3": {
          "rotation": {
            "0.0": {
              "post": [12.5, 0, 0],
              "lerp_mode": "catmullrom"
            },
            "0.25": {
              "post": [56.5, 0, 0],
              "lerp_mode": "catmullrom"
            },
            "0.4583": {
              "post": [-42.5, 0, 0],
              "lerp_mode": "catmullrom"
            },
            "0.7917": {
              "post": [-42.5, 0, 0],
              "lerp_mode": "catmullrom"
            },
            "1.0833": {
              "post": [12.5, 0, 0],
              "lerp_mode": "catmullrom"
            }
          }
        },
        "tentacle_right_2_4": {
          "rotation": {
            "0.0": {
              "post": [20, 0, 0],
              "lerp_mode": "catmullrom"
            },
            "0.25": {
              "post": [20, 0, 0],
              "lerp_mode": "catmullrom"
            },
            "0.4583": {
              "post": [105, 0, 0],
              "lerp_mode": "catmullrom"
            },
            "0.7917": {
              "post": [105, 0, 0],
              "lerp_mode": "catmullrom"
            },
            "1.0833": {
              "post": [20, 0, 0],
              "lerp_mode": "catmullrom"
            }
          }
        },
        "tentacle_right_2_5": {
          "rotation": {
            "0.0": {
              "post": [20, 0, 0],
              "lerp_mode": "catmullrom"
            },
            "0.25": {
              "post": [20, 0, 0],
              "lerp_mode": "catmullrom"
            },
            "0.4583": {
              "post": [-57.5, 0, 0],
              "lerp_mode": "catmullrom"
            },
            "0.7917": {
              "post": [-57.5, 0, 0],
              "lerp_mode": "catmullrom"
            },
            "1.0833": {
              "post": [20, 0, 0],
              "lerp_mode": "catmullrom"
            }
          }
        },
        "tentacle_right_3": {
          "rotation": {
            "0.0": {
              "post": [90, -12.5, 102.5],
              "lerp_mode": "catmullrom"
            },
            "0.25": {
              "post": [75, -12.5, 102.5],
              "lerp_mode": "catmullrom"
            },
            "0.4583": {
              "post": [-32.5, 0, 0],
              "lerp_mode": "catmullrom"
            },
            "0.7917": {
              "post": [-32.5, 0, 0],
              "lerp_mode": "catmullrom"
            },
            "1.0833": {
              "post": [90, -12.5, 102.5],
              "lerp_mode": "catmullrom"
            }
          }
        },
        "tentacle_right_3_2": {
          "rotation": {
            "0.0": {
              "post": [-5, 0, 0],
              "lerp_mode": "catmullrom"
            },
            "0.25": {
              "post": [-4.8522, -1.20816, -13.94881],
              "lerp_mode": "catmullrom"
            },
            "0.4583": {
              "post": [-37.5, 0, 0],
              "lerp_mode": "catmullrom"
            },
            "0.7917": {
              "post": [-37.5, 0, 0],
              "lerp_mode": "catmullrom"
            },
            "1.0833": {
              "post": [-5, 0, 0],
              "lerp_mode": "catmullrom"
            }
          }
        },
        "tentacle_right_3_3": {
          "rotation": {
            "0.0": {
              "post": [17.5, 0, 0],
              "lerp_mode": "catmullrom"
            },
            "0.25": {
              "post": [41.5, 0, 0],
              "lerp_mode": "catmullrom"
            },
            "0.4583": {
              "post": [-42.5, 0, 0],
              "lerp_mode": "catmullrom"
            },
            "0.7917": {
              "post": [-42.5, 0, 0],
              "lerp_mode": "catmullrom"
            },
            "1.0833": {
              "post": [17.5, 0, 0],
              "lerp_mode": "catmullrom"
            }
          }
        },
        "tentacle_right_3_4": {
          "rotation": {
            "0.0": {
              "post": [7.5, 0, 0],
              "lerp_mode": "catmullrom"
            },
            "0.25": {
              "post": [7.5, 0, 0],
              "lerp_mode": "catmullrom"
            },
            "0.4583": {
              "post": [105, 0, 0],
              "lerp_mode": "catmullrom"
            },
            "0.7917": {
              "post": [105, 0, 0],
              "lerp_mode": "catmullrom"
            },
            "1.0833": {
              "post": [7.5, 0, 0],
              "lerp_mode": "catmullrom"
            }
          }
        },
        "tentacle_right_3_5": {
          "rotation": {
            "0.0": {
              "post": [42.5, 0, 0],
              "lerp_mode": "catmullrom"
            },
            "0.25": {
              "post": [42.5, 0, 0],
              "lerp_mode": "catmullrom"
            },
            "0.4583": {
              "post": [-57.5, 0, 0],
              "lerp_mode": "catmullrom"
            },
            "0.7917": {
              "post": [-57.5, 0, 0],
              "lerp_mode": "catmullrom"
            },
            "1.0833": {
              "post": [42.5, 0, 0],
              "lerp_mode": "catmullrom"
            }
          }
        },
        "tentacle_right_4": {
          "rotation": {
            "0.4583": {
              "pre": [-35, 0, 0],
              "post": [-35, 0, 0],
              "lerp_mode": "catmullrom"
            },
            "0.7917": {
              "post": [-35, 0, 0],
              "lerp_mode": "catmullrom"
            }
          }
        },
        "tentacle_right_4_2": {
          "rotation": {
            "0.0": {
              "post": [-5, 0, 0],
              "lerp_mode": "catmullrom"
            },
            "0.25": {
              "post": [-11, 0, 0],
              "lerp_mode": "catmullrom"
            },
            "0.4583": {
              "post": [-37.5, 0, 0],
              "lerp_mode": "catmullrom"
            },
            "0.7917": {
              "post": [-37.5, 0, 0],
              "lerp_mode": "catmullrom"
            },
            "1.0833": {
              "post": [-5, 0, 0],
              "lerp_mode": "catmullrom"
            }
          }
        },
        "tentacle_right_4_3": {
          "rotation": {
            "0.0": {
              "post": [20, 0, 0],
              "lerp_mode": "catmullrom"
            },
            "0.25": {
              "post": [45.75, 0, 0],
              "lerp_mode": "catmullrom"
            },
            "0.4583": {
              "post": [-42.5, 0, 0],
              "lerp_mode": "catmullrom"
            },
            "1.0833": {
              "post": [20, 0, 0],
              "lerp_mode": "catmullrom"
            }
          }
        },
        "tentacle_right_4_4": {
          "rotation": {
            "0.0": {
              "post": [12.5, 0, 0],
              "lerp_mode": "catmullrom"
            },
            "0.25": {
              "post": [12.5, 0, 0],
              "lerp_mode": "catmullrom"
            },
            "0.4583": {
              "post": [106.56644, 1.68161, 1.00753],
              "lerp_mode": "catmullrom"
            },
            "0.7917": {
              "post": [106.56644, 1.68161, 1.00753],
              "lerp_mode": "catmullrom"
            },
            "1.0833": {
              "post": [12.5, 0, 0],
              "lerp_mode": "catmullrom"
            }
          }
        },
        "tentacle_right_4_5": {
          "rotation": {
            "0.0": {
              "post": [42.5, 0, 0],
              "lerp_mode": "catmullrom"
            },
            "0.25": {
              "post": [42.5, 0, 0],
              "lerp_mode": "catmullrom"
            },
            "0.4583": {
              "post": [-57.5, 0, 0],
              "lerp_mode": "catmullrom"
            },
            "0.7917": {
              "post": [-57.5, 0, 0],
              "lerp_mode": "catmullrom"
            },
            "1.0833": {
              "post": [42.5, 0, 0],
              "lerp_mode": "catmullrom"
            }
          }
        },
        "tentacle_right_5": {
          "rotation": {
            "0.0": {
              "post": [-20, 0, 0],
              "lerp_mode": "catmullrom"
            },
            "0.25": {
              "post": [-20, 0, 0],
              "lerp_mode": "catmullrom"
            },
            "0.4583": {
              "post": [-35, 0, 0],
              "lerp_mode": "catmullrom"
            },
            "0.7917": {
              "post": [-35, 0, 0],
              "lerp_mode": "catmullrom"
            },
            "1.0833": {
              "post": [-20, 0, 0],
              "lerp_mode": "catmullrom"
            }
          }
        },
        "tentacle_right_5_2": {
          "rotation": {
            "0.0": {
              "post": [-5, 0, 0],
              "lerp_mode": "catmullrom"
            },
            "0.25": {
              "post": [-5, 0, 0],
              "lerp_mode": "catmullrom"
            },
            "0.4583": {
              "post": [-37.5, 0, 0],
              "lerp_mode": "catmullrom"
            },
            "0.7917": {
              "post": [-37.5, 0, 0],
              "lerp_mode": "catmullrom"
            },
            "1.0833": {
              "post": [-5, 0, 0],
              "lerp_mode": "catmullrom"
            }
          }
        },
        "tentacle_right_5_3": {
          "rotation": {
            "0.0": {
              "post": [15, 0, 0],
              "lerp_mode": "catmullrom"
            },
            "0.25": {
              "post": [15, 0, 0],
              "lerp_mode": "catmullrom"
            },
            "0.4583": {
              "post": [-42.5, 0, 0],
              "lerp_mode": "catmullrom"
            },
            "0.7917": {
              "post": [-42.5, 0, 0],
              "lerp_mode": "catmullrom"
            },
            "1.0833": {
              "post": [15, 0, 0],
              "lerp_mode": "catmullrom"
            }
          }
        },
        "tentacle_right_5_4": {
          "rotation": {
            "0.0": {
              "post": [20, 0, 0],
              "lerp_mode": "catmullrom"
            },
            "0.25": {
              "post": [20, 0, 0],
              "lerp_mode": "catmullrom"
            },
            "0.4583": {
              "post": [105, 0, 0],
              "lerp_mode": "catmullrom"
            },
            "0.7917": {
              "post": [105, 0, 0],
              "lerp_mode": "catmullrom"
            },
            "1.0833": {
              "post": [20, 0, 0],
              "lerp_mode": "catmullrom"
            }
          }
        },
        "tentacle_right_5_5": {
          "rotation": {
            "0.0": {
              "post": [40, 0, 0],
              "lerp_mode": "catmullrom"
            },
            "0.25": {
              "post": [40, 0, 0],
              "lerp_mode": "catmullrom"
            },
            "0.4583": {
              "post": [-57.5, 0, 0],
              "lerp_mode": "catmullrom"
            },
            "0.7917": {
              "post": [-57.5, 0, 0],
              "lerp_mode": "catmullrom"
            },
            "1.0833": {
              "post": [40, 0, 0],
              "lerp_mode": "catmullrom"
            }
          }
        }
      }
    },
    "animation.toedscruel.ground_sleep": {
      "loop": true,
      "bones": {
        "body": {
          "position": [0, "-10-0.1*(math.sin(q.anim_time*90*1-40)*2)", 0]
        },
        "torso": {
          "rotation": ["8.5+0.5*math.sin(q.anim_time*90*1-40)*2", 0, 0],
          "position": [0, "-0.025*(math.sin(q.anim_time*90*1-60)*2)", 0]
        },
        "brim_front": {
          "rotation": ["-1.5*math.sin(q.anim_time*90*1-60)*2", 0, 0]
        },
        "brim_left": {
          "rotation": [0, 0, "-1*math.sin(q.anim_time*90*1-60)*2"]
        },
        "brim_right": {
          "rotation": [0, 0, "1*math.sin(q.anim_time*90*1-60)*2"]
        },
        "brim_back": {
          "rotation": ["1*math.sin(q.anim_time*90*1-60)*2", 0, 0]
        },
        "eyelid_left": {
          "position": [0, 0, -0.1]
        },
        "eyelid_right": {
          "position": [0, 0, -0.1]
        },
        "tentacle_left_front": {
          "rotation": ["7.5+1.5*math.sin(q.anim_time*90*1-40)*2", 0, 0]
        },
        "tentacle_left_front_2": {
          "rotation": ["-15-1*math.sin(q.anim_time*90*1-40)*2", 0, 0]
        },
        "tentacle_left_front_3": {
          "rotation": ["-22.5-1*math.sin(q.anim_time*90*1-40)*2", 0, 0]
        },
        "tentacle_left_front_4": {
          "rotation": ["-22.5-1*math.sin(q.anim_time*90*1-40)*2", 0, 0]
        },
        "tentacle_left_front_5": {
          "rotation": ["-30+1.5*math.sin(q.anim_time*90*1-40)*2", 0, 0]
        },
        "tentacle_left_2": {
          "rotation": ["5+1.5*math.sin(q.anim_time*90*1-40)*2", 0, 0]
        },
        "tentacle_left_2_2": {
          "rotation": ["-15-1*math.sin(q.anim_time*90*1-40)*2", 0, 0]
        },
        "tentacle_left_2_3": {
          "rotation": ["-20-1*math.sin(q.anim_time*90*1-40)*2", 0, 0]
        },
        "tentacle_left_2_4": {
          "rotation": ["-17.5-1*math.sin(q.anim_time*90*1-40)*2", 0, 0]
        },
        "tentacle_left_2_5": {
          "rotation": ["-30+1.5*math.sin(q.anim_time*90*1-40)*2", 0, 0]
        },
        "tentacle_left_3": {
          "rotation": ["5+1.5*math.sin(q.anim_time*90*1-40)*2", 0, 0]
        },
        "tentacle_left_3_2": {
          "rotation": ["-15-1*math.sin(q.anim_time*90*1-40)*2", 0, 0]
        },
        "tentacle_left_3_3": {
          "rotation": ["-20-1*math.sin(q.anim_time*90*1-40)*2", 0, 0]
        },
        "tentacle_left_3_4": {
          "rotation": ["-17.5-1*math.sin(q.anim_time*90*1-40)*2", 0, 0]
        },
        "tentacle_left_3_5": {
          "rotation": ["-30+1.5*math.sin(q.anim_time*90*1-40)*2", 0, 0]
        },
        "tentacle_left_4": {
          "rotation": ["5+1.5*math.sin(q.anim_time*90*1-40)*2", 0, 0]
        },
        "tentacle_left_4_2": {
          "rotation": ["-15-1*math.sin(q.anim_time*90*1-40)*2", 0, 0]
        },
        "tentacle_left_4_3": {
          "rotation": ["-20-1*math.sin(q.anim_time*90*1-40)*2", 0, 0]
        },
        "tentacle_left_4_4": {
          "rotation": ["-17.5-1*math.sin(q.anim_time*90*1-40)*2", 0, 0]
        },
        "tentacle_left_4_5": {
          "rotation": ["-30+1.5*math.sin(q.anim_time*90*1-40)*2", 0, 0]
        },
        "tentacle_left_5": {
          "rotation": ["5+1.5*math.sin(q.anim_time*90*1-40)*2", 0, 0]
        },
        "tentacle_left_5_2": {
          "rotation": ["-15-1*math.sin(q.anim_time*90*1-40)*2", 0, 0]
        },
        "tentacle_left_5_3": {
          "rotation": ["-20-1*math.sin(q.anim_time*90*1-40)*2", 0, 0]
        },
        "tentacle_left_5_4": {
          "rotation": ["-17.5-1*math.sin(q.anim_time*90*1-40)*2", 0, 0]
        },
        "tentacle_left_5_5": {
          "rotation": ["-30+1.5*math.sin(q.anim_time*90*1-40)*2", 0, 0]
        },
        "tentacle_right_front": {
          "rotation": ["7.5+1.5*math.sin(q.anim_time*90*1-40)*2", 0, 0]
        },
        "tentacle_right_front_2": {
          "rotation": ["-15-1*math.sin(q.anim_time*90*1-40)*2", 0, 0]
        },
        "tentacle_right_front_3": {
          "rotation": ["-22.5-1*math.sin(q.anim_time*90*1-40)*2", 0, 0]
        },
        "tentacle_right_front_4": {
          "rotation": ["-22.5-1*math.sin(q.anim_time*90*1-40)*2", 0, 0]
        },
        "tentacle_right_front_5": {
          "rotation": ["-30+1.5*math.sin(q.anim_time*90*1-40)*2", 0, 0]
        },
        "tentacle_right_2": {
          "rotation": ["5+1.5*math.sin(q.anim_time*90*1-40)*2", 0, 0]
        },
        "tentacle_right_2_2": {
          "rotation": ["-15-1*math.sin(q.anim_time*90*1-40)*2", 0, 0]
        },
        "tentacle_right_2_3": {
          "rotation": ["-20-1*math.sin(q.anim_time*90*1-40)*2", 0, 0]
        },
        "tentacle_right_2_4": {
          "rotation": ["-17.5-1*math.sin(q.anim_time*90*1-40)*2", 0, 0]
        },
        "tentacle_right_2_5": {
          "rotation": ["-30+1.5*math.sin(q.anim_time*90*1-40)*2", 0, 0]
        },
        "tentacle_right_3": {
          "rotation": ["5+1.5*math.sin(q.anim_time*90*1-40)*2", 0, 0]
        },
        "tentacle_right_3_2": {
          "rotation": ["-15-1*math.sin(q.anim_time*90*1-40)*2", 0, 0]
        },
        "tentacle_right_3_3": {
          "rotation": ["-20-1*math.sin(q.anim_time*90*1-40)*2", 0, 0]
        },
        "tentacle_right_3_4": {
          "rotation": ["-17.5-1*math.sin(q.anim_time*90*1-40)*2", 0, 0]
        },
        "tentacle_right_3_5": {
          "rotation": ["-30+1.5*math.sin(q.anim_time*90*1-40)*2", 0, 0]
        },
        "tentacle_right_4": {
          "rotation": ["5+1.5*math.sin(q.anim_time*90*1-40)*2", 0, 0]
        },
        "tentacle_right_4_2": {
          "rotation": ["-15-1*math.sin(q.anim_time*90*1-40)*2", 0, 0]
        },
        "tentacle_right_4_3": {
          "rotation": ["-20-1*math.sin(q.anim_time*90*1-40)*2", 0, 0]
        },
        "tentacle_right_4_4": {
          "rotation": ["-17.5-1*math.sin(q.anim_time*90*1-40)*2", 0, 0]
        },
        "tentacle_right_4_5": {
          "rotation": ["-30+1.5*math.sin(q.anim_time*90*1-40)*2", 0, 0]
        },
        "tentacle_right_5": {
          "rotation": ["5+1.5*math.sin(q.anim_time*90*1-40)*2", 0, 0]
        },
        "tentacle_right_5_2": {
          "rotation": ["-15-1*math.sin(q.anim_time*90*1-40)*2", 0, 0]
        },
        "tentacle_right_5_3": {
          "rotation": ["-20-1*math.sin(q.anim_time*90*1-40)*2", 0, 0]
        },
        "tentacle_right_5_4": {
          "rotation": ["-17.5-1*math.sin(q.anim_time*90*1-40)*2", 0, 0]
        },
        "tentacle_right_5_5": {
          "rotation": ["-30+1.5*math.sin(q.anim_time*90*1-40)*2", 0, 0]
        }
      }
    },
    "animation.toedscruel.blink": {
      "animation_length": 0.16667,
      "bones": {
        "eyelid_right": {
          "position": {
            "0.0": [0, 0, -0.1],
            "0.125": [0, 0, -0.1],
            "0.1667": [0, 0, 0]
          }
        },
        "eyelid_left": {
          "position": {
            "0.0": [0, 0, -0.1],
            "0.125": [0, 0, -0.1],
            "0.1667": [0, 0, 0]
          }
        }
      }
    }
  }
}
