{
  "format_version": "1.8.0",
  "animations": {
    "animation.lycanroc_midnight.ground_idle": {
      "loop": true,
      "bones": {
        "torso": {
          "rotation": [
            "10+1*math.sin(q.anim_time*90*1+90)",
            0,
            "0.2*math.sin(q.anim_time*90*2+90)"
          ],
          "position": [0, "0.4*math.sin(q.anim_time*90*1-20)", 0]
        },
        "tail_1": {
          "rotation": [
            0,
            "-6*math.sin(q.anim_time*90*1-20)",
            "-3*math.cos(q.anim_time*90*1-20)"
          ]
        },
        "tail_2": {
          "rotation": [5, "-4*math.sin(q.anim_time*90*1-80)", 0]
        },
        "mid_torso": {
          "rotation": ["1*math.sin(q.anim_time*90*1+120)", 0, 0]
        },
        "arm_right": {
          "rotation": [
            "37.5317+2*math.sin(q.anim_time*90*1+150)",
            "-28.6407+2*math.sin(q.anim_time*90*1+150)",
            "-45.9385+6*math.sin(q.anim_time*90*1+150)"
          ]
        },
        "bone7": {
          "rotation": [
            2.78237,
            "-39.9399+2*math.sin(q.anim_time*90*1+260)",
            -2.94074
          ]
        },
        "palm2": {
          "rotation": [0, -20.5, 0]
        },
        "arm_left": {
          "rotation": [
            "40.1078-2*math.sin(q.anim_time*90*1+150)",
            "34.7415-2*math.sin(q.anim_time*90*1+160)",
            "48.7238-6*math.sin(q.anim_time*90*1+160)"
          ]
        },
        "bone8": {
          "rotation": [
            5.35257,
            "37.2714-2*math.sin(q.anim_time*90*1+260)",
            5.55915
          ]
        },
        "palm": {
          "rotation": [0, 20.5, 0]
        },
        "head": {
          "rotation": ["-2*math.sin(q.anim_time*90*1+160)", 0, 0]
        },
        "jaw": {
          "rotation": ["10+Math.cos((query.anim_time) * 90 * 1 - 40) * 4", 0, 0]
        },
        "ear_right": {
          "rotation": ["-1+Math.cos((query.anim_time) * 90 * 1 - 90) * 3", 0, 0]
        },
        "ear_left": {
          "rotation": ["-1+Math.cos((query.anim_time) * 90 * 1 - 90) * 3", 0, 0]
        },
        "leg_left": {
          "rotation": [-5, 12.5, 0],
          "position": [0, "0.2*math.sin(q.anim_time*90*1-20)", 0]
        },
        "bone5": {
          "rotation": [5, 0, 0],
          "position": [0, 0, 0]
        },
        "feet_right": {
          "rotation": [0, 0, 0],
          "position": [0, "-0.2*math.sin(q.anim_time*90*1-20)", 0]
        },
        "leg_right": {
          "rotation": [-5, -12.5, 0],
          "position": [0, "0.2*math.sin(q.anim_time*90*1-20)", 0]
        },
        "bone": {
          "rotation": [5, 0, 0],
          "position": [0, 0, 0]
        },
        "bone3": {
          "rotation": [0, 0, 0],
          "position": [0, "-0.2*math.sin(q.anim_time*90*1-20)", 0]
        }
      }
    },
    "animation.lycanroc_midnight.ground_walk": {
      "loop": true,
      "animation_length": 4,
      "bones": {
        "torso": {
          "rotation": [
            "20+1*math.sin(q.anim_time*90*2)",
            "-16*math.sin(q.anim_time*90*4)",
            "6*math.cos(q.anim_time*90*4)"
          ],
          "position": [
            0,
            "2+math.clamp(3*math.sin(q.anim_time*90*8-20),-2,4)",
            0
          ]
        },
        "tail_1": {
          "rotation": [
            0,
            "-15*math.sin(q.anim_time*90*4-20)",
            "-3*math.cos(q.anim_time*90*4-20)"
          ]
        },
        "tail_2": {
          "rotation": [0, "-9*math.sin(q.anim_time*90*4-80)", 0]
        },
        "mid_torso": {
          "rotation": [
            "5+1*math.sin(q.anim_time*90*8+120)",
            "6*math.sin(q.anim_time*90*4)",
            "-7*math.sin(q.anim_time*90*4)"
          ]
        },
        "arm_right": {
          "rotation": [
            "4.1629-2*math.sin(q.anim_time*90*4+150)",
            "-1.1545-16*math.sin(q.anim_time*90*4+190)",
            "-27.28-6*math.sin(q.anim_time*90*8+160)"
          ],
          "position": [0, 0, "1*math.sin(q.anim_time*90*4)"]
        },
        "bone7": {
          "rotation": [
            15.31637,
            "-66.9252+15*math.sin(q.anim_time*90*4+220)",
            -16.57078
          ]
        },
        "palm2": {
          "rotation": [0, -32.5, 0]
        },
        "arm_left": {
          "rotation": [
            "6.2264-2*math.sin(q.anim_time*90*4+150)",
            "0.4239-16*math.sin(q.anim_time*90*4+190)",
            "32.3005-6*math.sin(q.anim_time*90*8+160)"
          ],
          "position": [0, 0, "-1*math.sin(q.anim_time*90*4)"]
        },
        "bone8": {
          "rotation": [
            9.20859,
            "67.0488+15*math.sin(q.anim_time*90*4+220)",
            10.86888
          ]
        },
        "palm": {
          "rotation": [0, 25, 0]
        },
        "head": {
          "rotation": [
            "-12.5+5*math.sin(q.anim_time*90*8+150)",
            "0+5*math.sin(q.anim_time*90*4)",
            "0-7*math.sin(q.anim_time*90*4)"
          ]
        },
        "jaw": {
          "rotation": [
            "10+Math.cos((query.anim_time) * 90 * 4*2 - 40) * 3",
            0,
            0
          ]
        },
        "ear_right": {
          "rotation": [
            "10+Math.cos((query.anim_time) * 90 * 4*2 - 40) * 3",
            0,
            0
          ]
        },
        "ear_left": {
          "rotation": [
            "10+Math.cos((query.anim_time) * 90 * 4*2 - 40) * 3",
            0,
            0
          ]
        },
        "leg_left": {
          "rotation": {
            "0.0": {
              "post": [23.34, 15.42, 3.28],
              "lerp_mode": "catmullrom"
            },
            "0.2917": {
              "post": [0, 22.5, 0],
              "lerp_mode": "catmullrom"
            },
            "0.3333": {
              "post": [-7.5, 22.5, 0],
              "lerp_mode": "catmullrom"
            },
            "0.4583": {
              "post": [0, 22.5, 0],
              "lerp_mode": "catmullrom"
            },
            "0.5": {
              "post": [8.75, 22.5, 0],
              "lerp_mode": "catmullrom"
            },
            "0.6667": {
              "post": [44.22805, 8.79674, 6.35472],
              "lerp_mode": "catmullrom"
            },
            "1.2917": {
              "post": [0, 22.5, 0],
              "lerp_mode": "catmullrom"
            },
            "1.3333": {
              "post": [-7.5, 22.5, 0],
              "lerp_mode": "catmullrom"
            },
            "1.4583": {
              "post": [0, 22.5, 0],
              "lerp_mode": "catmullrom"
            },
            "1.5": {
              "post": [8.75, 22.5, 0],
              "lerp_mode": "catmullrom"
            },
            "1.6667": {
              "post": [44.22805, 8.79674, 6.35472],
              "lerp_mode": "catmullrom"
            },
            "2.2917": {
              "post": [0, 22.5, 0],
              "lerp_mode": "catmullrom"
            },
            "2.3333": {
              "post": [-7.5, 22.5, 0],
              "lerp_mode": "catmullrom"
            },
            "2.4583": {
              "post": [0, 22.5, 0],
              "lerp_mode": "catmullrom"
            },
            "2.6667": {
              "post": [44.22805, 8.79674, 6.35472],
              "lerp_mode": "catmullrom"
            },
            "3.2917": {
              "post": [0, 22.5, 0],
              "lerp_mode": "catmullrom"
            },
            "3.3333": {
              "post": [-7.5, 22.5, 0],
              "lerp_mode": "catmullrom"
            },
            "3.4583": {
              "post": [0, 22.5, 0],
              "lerp_mode": "catmullrom"
            },
            "3.6667": {
              "post": [44.22805, 8.79674, 6.35472],
              "lerp_mode": "catmullrom"
            },
            "4.0": {
              "post": [23.34, 15.42, 3.28],
              "lerp_mode": "catmullrom"
            }
          },
          "position": {
            "0.0": [0, 2.32, 1.9],
            "0.25": [0, 4.59, -1.37],
            "0.3333": [0, 0, -1.56],
            "0.4583": [0, 0, 4.44],
            "0.5": [0, 0.37, 4.25],
            "0.75": [0, 3.7, 5.11],
            "0.875": [0, 1.19, 3.54],
            "1.25": [0, 4.59, -1.37],
            "1.3333": [0, 0, -1.56],
            "1.4583": [0, 0, 4.44],
            "1.5": [0, 0.37, 4.25],
            "1.625": [0, 1.5, 3.68],
            "1.75": [0, 3.7, 5.11],
            "1.875": [0, 1.19, 3.54],
            "2.25": [0, 4.59, -1.37],
            "2.3333": [0, 0, -1.56],
            "2.4583": [0, 0, 4.44],
            "2.625": [0, 1.5, 3.68],
            "2.75": [0, 3.7, 5.11],
            "2.875": [0, 1.19, 3.54],
            "3.25": [0, 4.59, -1.37],
            "3.3333": [0, 0, -1.56],
            "3.4583": [0, 0, 4.44],
            "3.625": [0, 1.5, 3.68],
            "3.75": [0, 3.7, 5.11],
            "3.875": [0, 1.19, 3.54],
            "4.0": [0, 2.32, 1.9]
          }
        },
        "bone5": {
          "rotation": {
            "0.0": [35, 0, 0],
            "0.1667": [25, 0, 0],
            "0.3333": [5, 0, 0],
            "0.4583": [5, 0, 0],
            "0.9167": [40, 0, 0],
            "1.1667": [25, 0, 0],
            "1.3333": [5, 0, 0],
            "1.4583": [5, 0, 0],
            "1.5": [8.18, 0, 0],
            "1.9167": [40, 0, 0],
            "2.1667": [25, 0, 0],
            "2.3333": [5, 0, 0],
            "2.4583": [5, 0, 0],
            "2.9167": [40, 0, 0],
            "3.1667": [25, 0, 0],
            "3.3333": [5, 0, 0],
            "3.4583": [5, 0, 0],
            "3.9167": [40, 0, 0],
            "4.0": [35, 0, 0]
          }
        },
        "feet_right": {
          "rotation": {
            "0.0": [-7.5, 0, 0],
            "0.3333": [2.5, 0, 0],
            "0.4583": [2.5, 0, 0],
            "0.8333": [-12.5, 0, 0],
            "1.3333": [2.5, 0, 0],
            "1.4583": [2.5, 0, 0],
            "1.5": [0.83, 0, 0],
            "1.8333": [-12.5, 0, 0],
            "2.3333": [2.5, 0, 0],
            "2.4583": [2.5, 0, 0],
            "2.8333": [-12.5, 0, 0],
            "3.3333": [2.5, 0, 0],
            "3.4583": [2.5, 0, 0],
            "3.8333": [-12.5, 0, 0],
            "4.0": [-7.5, 0, 0]
          },
          "position": {
            "0.0": [0, 0, 0],
            "0.3333": [0, 0, 0],
            "0.4583": [0, 0, 0],
            "1.3333": [0, 0, 0],
            "1.4583": [0, 0, 0],
            "1.5": [0, 0, 0],
            "2.3333": [0, 0, 0],
            "2.4583": [0, 0, 0],
            "3.3333": [0, 0, 0],
            "3.4583": [0, 0, 0],
            "4.0": [0, 0, 0]
          }
        },
        "leg_right": {
          "rotation": {
            "0.0": {
              "post": [8.75, -22.5, 0],
              "lerp_mode": "catmullrom"
            },
            "0.1667": {
              "post": [44.22805, -8.79674, -6.35472],
              "lerp_mode": "catmullrom"
            },
            "0.7917": {
              "post": [0, -22.5, 0],
              "lerp_mode": "catmullrom"
            },
            "0.8333": {
              "post": [-7.5, -22.5, 0],
              "lerp_mode": "catmullrom"
            },
            "0.9583": {
              "post": [0, -22.5, 0],
              "lerp_mode": "catmullrom"
            },
            "1.0": {
              "post": [8.75, -22.5, 0],
              "lerp_mode": "catmullrom"
            },
            "1.1667": {
              "post": [44.22805, -8.79674, -6.35472],
              "lerp_mode": "catmullrom"
            },
            "1.7917": {
              "post": [0, -22.5, 0],
              "lerp_mode": "catmullrom"
            },
            "1.8333": {
              "post": [-7.5, -22.5, 0],
              "lerp_mode": "catmullrom"
            },
            "1.9583": {
              "post": [0, -22.5, 0],
              "lerp_mode": "catmullrom"
            },
            "2.1667": {
              "post": [44.22805, -8.79674, -6.35472],
              "lerp_mode": "catmullrom"
            },
            "2.7917": {
              "post": [0, -22.5, 0],
              "lerp_mode": "catmullrom"
            },
            "2.8333": {
              "post": [-7.5, -22.5, 0],
              "lerp_mode": "catmullrom"
            },
            "2.9583": {
              "post": [0, -22.5, 0],
              "lerp_mode": "catmullrom"
            },
            "3.1667": {
              "post": [44.22805, -8.79674, -6.35472],
              "lerp_mode": "catmullrom"
            },
            "3.7917": {
              "post": [0, -22.5, 0],
              "lerp_mode": "catmullrom"
            },
            "3.8333": {
              "post": [-7.5, -22.5, 0],
              "lerp_mode": "catmullrom"
            },
            "3.9583": {
              "post": [0, -22.5, 0],
              "lerp_mode": "catmullrom"
            },
            "4.0": {
              "post": [8.75, -22.5, 0],
              "lerp_mode": "catmullrom"
            }
          },
          "position": {
            "0.0": [0, 0.37, 4.25],
            "0.125": [0, 1.5, 3.68],
            "0.25": [0, 3.7, 5.11],
            "0.375": [0, 1.19, 3.54],
            "0.75": [0, 4.59, -1.37],
            "0.8333": [0, 0, -1.56],
            "0.9583": [0, 0, 4.44],
            "1.0": [0, 0.37, 4.25],
            "1.125": [0, 1.5, 3.68],
            "1.25": [0, 3.7, 5.11],
            "1.375": [0, 1.19, 3.54],
            "1.75": [0, 4.59, -1.37],
            "1.8333": [0, 0, -1.56],
            "1.9583": [0, 0, 4.44],
            "2.125": [0, 1.5, 3.68],
            "2.25": [0, 3.7, 5.11],
            "2.375": [0, 1.19, 3.54],
            "2.75": [0, 4.59, -1.37],
            "2.8333": [0, 0, -1.56],
            "2.9583": [0, 0, 4.44],
            "3.125": [0, 1.5, 3.68],
            "3.25": [0, 3.7, 5.11],
            "3.375": [0, 1.19, 3.54],
            "3.75": [0, 4.59, -1.37],
            "3.8333": [0, 0, -1.56],
            "3.9583": [0, 0, 4.44],
            "4.0": [0, 0.37, 4.25]
          }
        },
        "bone": {
          "rotation": {
            "0.0": [8.18, 0, 0],
            "0.4167": [40, 0, 0],
            "0.6667": [25, 0, 0],
            "0.8333": [5, 0, 0],
            "0.9583": [5, 0, 0],
            "1.0": [8.18, 0, 0],
            "1.4167": [40, 0, 0],
            "1.6667": [25, 0, 0],
            "1.8333": [5, 0, 0],
            "1.9583": [5, 0, 0],
            "2.4167": [40, 0, 0],
            "2.6667": [25, 0, 0],
            "2.8333": [5, 0, 0],
            "2.9583": [5, 0, 0],
            "3.4167": [40, 0, 0],
            "3.6667": [25, 0, 0],
            "3.8333": [5, 0, 0],
            "3.9583": [5, 0, 0]
          }
        },
        "feet_left": {
          "rotation": {
            "0.0": [0.83, 0, 0],
            "0.3333": [-12.5, 0, 0],
            "0.8333": [2.5, 0, 0],
            "0.9583": [2.5, 0, 0],
            "1.0": [0.83, 0, 0],
            "1.3333": [-12.5, 0, 0],
            "1.8333": [2.5, 0, 0],
            "1.9583": [2.5, 0, 0],
            "2.3333": [-12.5, 0, 0],
            "2.8333": [2.5, 0, 0],
            "2.9583": [2.5, 0, 0],
            "3.3333": [-12.5, 0, 0],
            "3.8333": [2.5, 0, 0],
            "3.9583": [2.5, 0, 0]
          },
          "position": {
            "0.0": [0, 0, 0],
            "0.8333": [0, 0, 0],
            "0.9583": [0, 0, 0],
            "1.0": [0, 0, 0],
            "1.8333": [0, 0, 0],
            "1.9583": [0, 0, 0],
            "2.8333": [0, 0, 0],
            "2.9583": [0, 0, 0],
            "3.8333": [0, 0, 0],
            "3.9583": [0, 0, 0]
          }
        },
        "body": {
          "position": {
            "0.0": [0, -0.2, 0],
            "0.375": [0, -0.7, 0],
            "0.4167": [0, 0.05, 0],
            "0.4583": [0, 0.38, 0],
            "0.5417": [0, -0.2, 0],
            "0.875": [0, 0, 0],
            "0.9167": [0, 0.05, 0],
            "0.9583": [0, 0.38, 0],
            "1.0417": [0, -0.2, 0],
            "1.3333": [0, -0.7, 0],
            "1.375": [0, 0.05, 0],
            "1.4167": [0, 0.38, 0],
            "1.5": [0, -0.2, 0],
            "1.8333": [0, -0.7, 0],
            "1.875": [0, 0.05, 0],
            "1.9167": [0, 0.38, 0],
            "2.0": [0, -0.2, 0],
            "2.3333": [0, -0.7, 0],
            "2.375": [0, 0.05, 0],
            "2.4167": [0, 0.38, 0],
            "2.5": [0, -0.2, 0],
            "2.8333": [0, -0.7, 0],
            "2.875": [0, 0.05, 0],
            "2.9167": [0, 0.38, 0],
            "3.0": [0, -0.2, 0],
            "3.3333": [0, -0.7, 0],
            "3.375": [0, 0.05, 0],
            "3.4167": [0, 0.38, 0],
            "3.5": [0, -0.2, 0],
            "3.8333": [0, -0.7, 0],
            "3.875": [0, 0.05, 0],
            "3.9167": [0, 0.38, 0],
            "4.0": [0, -0.2, 0]
          }
        },
        "bone12": {
          "rotation": {
            "0.0": [-14.5, 0, 0],
            "0.0417": [-17.5, 0, 0],
            "0.4167": [-32.06, 0, 0],
            "0.75": [-2.5, 0, 0],
            "0.8333": [-2.5, 0, 0],
            "1.0": [-14.5, 0, 0],
            "1.0417": [-17.5, 0, 0],
            "1.4167": [-32.06, 0, 0],
            "1.75": [-2.5, 0, 0],
            "1.8333": [-2.5, 0, 0],
            "2.0417": [-17.5, 0, 0],
            "2.4167": [-32.06, 0, 0],
            "2.75": [-2.5, 0, 0],
            "2.8333": [-2.5, 0, 0],
            "3.0417": [-17.5, 0, 0],
            "3.75": [-2.5, 0, 0]
          }
        },
        "bone13": {
          "rotation": {
            "0.0": [-7.79, 0, 0],
            "0.1667": [-2.5, 0, 0],
            "0.25": [-2.5, 0, 0],
            "0.4167": [-14.5, 0, 0],
            "0.4583": [-17.5, 0, 0],
            "0.9167": [-32.06, 0, 0],
            "1.25": [-2.5, 0, 0],
            "1.4583": [-2.5, 0, 0],
            "1.5": [-14.5, 0, 0],
            "1.5417": [-17.5, 0, 0],
            "1.9167": [-32.06, 0, 0],
            "2.25": [-2.5, 0, 0],
            "2.3333": [-2.5, 0, 0],
            "2.5417": [-17.5, 0, 0],
            "2.9167": [-32.06, 0, 0],
            "3.25": [-2.5, 0, 0],
            "3.3333": [-2.5, 0, 0],
            "3.5417": [-17.5, 0, 0],
            "4.0": [-7.79, 0, 0]
          }
        }
      }
    }
  }
}
