{
	"format_version": "1.8.0",
	"animations": {
		"animation.enamorus.ground_idle": {
			"loop": true,
			"animation_length": 0.8333,
			"bones": {
				"cuerpo": {
					"position": [0, 5, 0]
				},
				"nube": {
					"position": [0, 5, 0]
				},
				"cuerpo2": {
					"rotation": [-5, 0, 0],
					"position": [0, 0, -2]
				},
				"brazo_izquierdo": {
					"rotation": [0, 0, -35],
					"position": [14, 7, 0]
				},
				"brazo_izquierdo2": {
					"rotation": [0, 0, -87.5],
					"position": [2, 2.8, 0]
				},
				"mano_izquierda": {
					"rotation": [0, 0, -17.5],
					"position": [16, -3.6, 0]
				},
				"nudillos_izquierdo": {
					"rotation": [67.57713, -1.91134, -4.62111],
					"position": [0, 1.1, 1.3]
				},
				"dedo_izquierdo1": {
					"rotation": [0, 0, -70],
					"position": [3, -0.8, 0]
				},
				"cabeza": {
					"rotation": [10, 0, 0]
				},
				"cola8": {
					"rotation": [178.04442, -60.049, -185.74197]
				},
				"cola7": {
					"rotation": [-201.26265, -65.45446, 197.18668]
				},
				"cola6": {
					"rotation": [168.01952, -57.5199, -180.60747]
				},
				"cola5": {
					"rotation": [92.34941, -88.29038, -87.65059]
				},
				"cola4": {
					"rotation": [26.4612, -28.69077, -0.40552]
				},
				"cola3": {
					"rotation": [55.24529, -5.52235, -5.08269]
				},
				"cola2": {
					"rotation": [70.34264, 15.7627, 37.25235]
				},
				"cola": {
					"rotation": [45.93148, -19.90349, -19.37626]
				},
				"nube_cola": {
					"rotation": [-12.54624, -4.88119, 1.08482]
				},
				"cola10": {
					"rotation": ["0+math.sin(q.anim_time*90*1-60)*3", -90, 0]
				},
				"cola9": {
					"rotation": [170, -75, -180]
				},
				"cola11": {
					"rotation": ["-23.6711+math.sin(q.anim_time*90*1-120)*6", -53.54374, -10.66654]
				},
				"brazo_derecho": {
					"rotation": [0, 0, 55],
					"position": [-4, -5, 0]
				},
				"brazo_derecho2": {
					"rotation": [0, 0, 82.5],
					"position": [-0.5, 3.9, 0]
				},
				"mano_derecha": {
					"rotation": [0, 0, -95],
					"position": [11.7, -8, 0]
				},
				"nudillo_derecho": {
					"rotation": [0, -26, 0],
					"position": [-0.9, -0.1, 2]
				},
				"dedo_derecho1": {
					"rotation": [0, 0, 22.5],
					"position": [-0.6, -1, 0]
				},
				"dedo_derecho2": {
					"rotation": [0, 0, 17],
					"position": [-0.7, -0.4, 0]
				},
				"dedo_derecho3": {
					"rotation": [0, 0, 15],
					"position": [-0.5, -0.3, 0]
				},
				"cola_cabeza": {
					"rotation": [-61.71905, "-38.7498+math.sin(q.anim_time*90*2+90)*5", "-1.4275+math.sin(q.anim_time*90*4)*1.5"],
					"position": [0, 3, 0]
				},
				"enamorus": {
					"rotation": ["2.5*math.sin(q.anim_time*90*2)*0.5", 0, "2.5*math.sin(q.anim_time*90*2+90)*0.5"],
					"position": ["0+math.sin(q.anim_time*90*1.5)*2", "8+math.sin(q.anim_time*90*3)*1", "0+math.sin(q.anim_time*90*3)*0.5"]
				},
				"dedo_derecho2_2": {
					"rotation": [0, 0, 2],
					"position": [-1, 1, 0]
				},
				"dedo_derecho3_2": {
					"rotation": [0, 0, 5],
					"position": [-2.2, 2.1, 0]
				},
				"dedo_derecho4": {
					"rotation": [0, 0, 10],
					"position": [-0.4, -0.3, 0]
				},
				"bone": {
					"rotation": [3, 0, 0],
					"position": [0, 0.9, 1]
				},
				"dedo_izquierdo2_2": {
					"rotation": [0, 0, 60]
				},
				"bone2": {
					"rotation": [0, 0, 45]
				}
			}
		},
		"animation.enamorus.ground_walk": {
			"loop": true,
			"bones": {
				"cuerpo": {
					"position": [0, 5, 0]
				},
				"nube": {
					"position": [0, 5, 0]
				},
				"cuerpo2": {
					"rotation": [-5, 0, 0],
					"position": [0, 0, -2]
				},
				"brazo_izquierdo": {
					"rotation": [0, 0, -35],
					"position": [14, 7, 0]
				},
				"brazo_izquierdo2": {
					"rotation": [0, 0, -87.5],
					"position": [2, 2.8, 0]
				},
				"mano_izquierda": {
					"rotation": [0, 0, -17.5],
					"position": [16, -3.6, 0]
				},
				"nudillos_izquierdo": {
					"rotation": [67.57713, -1.91134, -4.62111],
					"position": [0, 1.1, 1.3]
				},
				"dedo_izquierdo1": {
					"rotation": [0, 0, -70],
					"position": [3, -0.8, 0]
				},
				"dedo_izquierdo3_2": {
					"rotation": [0, 0, 45]
				},
				"cabeza": {
					"rotation": [10, 0, 0]
				},
				"cola8": {
					"rotation": [178.04442, -60.049, -185.74197]
				},
				"cola7": {
					"rotation": [-201.26265, -65.45446, 197.18668]
				},
				"cola6": {
					"rotation": [168.01952, -57.5199, -180.60747]
				},
				"cola5": {
					"rotation": [92.34941, -88.29038, -87.65059]
				},
				"cola4": {
					"rotation": [26.4612, -28.69077, -0.40552]
				},
				"cola3": {
					"rotation": [55.24529, -5.52235, -5.08269]
				},
				"cola2": {
					"rotation": [70.34264, 15.7627, 37.25235]
				},
				"cola": {
					"rotation": [45.93148, -19.90349, -19.37626]
				},
				"nube_cola": {
					"rotation": [-12.54624, -4.88119, 1.08482]
				},
				"cola10": {
					"rotation": ["0+math.sin(q.anim_time*90*1-60)*3", -90, 0]
				},
				"cola9": {
					"rotation": [170, -75, -180]
				},
				"cola11": {
					"rotation": ["-23.6711+math.sin(q.anim_time*90*1-120)*6", -53.54374, -10.66654]
				},
				"brazo_derecho": {
					"rotation": [0, 0, 55],
					"position": [-4, -5, 0]
				},
				"brazo_derecho2": {
					"rotation": [0, 0, 82.5],
					"position": [-0.5, 3.9, 0]
				},
				"mano_derecha": {
					"rotation": [0, 0, -95],
					"position": [11.7, -8, 0]
				},
				"nudillo_derecho": {
					"rotation": [0, -26, 0],
					"position": [-0.9, -0.1, 2]
				},
				"dedo_derecho1": {
					"rotation": [0, 0, 22.5],
					"position": [-0.6, -1, 0]
				},
				"dedo_derecho2": {
					"rotation": [0, 0, 17],
					"position": [-0.7, -0.4, 0]
				},
				"dedo_derecho3": {
					"rotation": [0, 0, 15],
					"position": [-0.5, -0.3, 0]
				},
				"cola_cabeza": {
					"rotation": [-61.71905, "-38.7498+math.sin(q.anim_time*90*2+90)*5", "-1.4275+math.sin(q.anim_time*90*4)*1.5"],
					"position": [0, 3, 0]
				},
				"enamorus": {
					"rotation": ["12.5+2.5*math.sin(q.anim_time*90*2)*0.5", 0, "2.5*math.sin(q.anim_time*90*2+90)*0.5"],
					"position": ["0+math.sin(q.anim_time*90*1.5)*2", "8+math.sin(q.anim_time*90*3)*1", "0+math.sin(q.anim_time*90*3)*0.5"]
				},
				"dedo_derecho2_2": {
					"rotation": [0, 0, 2],
					"position": [-1, 1, 0]
				},
				"dedo_derecho3_2": {
					"rotation": [0, 0, 5],
					"position": [-2.2, 2.1, 0]
				},
				"dedo_derecho4": {
					"rotation": [0, 0, 10],
					"position": [-0.4, -0.3, 0]
				},
				"bone": {
					"rotation": [3, 0, 0],
					"position": [0, 0.9, 1]
				},
				"dedo_izquierdo2_2": {
					"rotation": [0, 0, 60]
				}
			}
		},
		"animation.enamorus.physical_attack": {
			"loop": true,
			"animation_length": 1.5,
			"bones": {
				"cuerpo": {
					"position": [0, 5, 0]
				},
				"nube": {
					"position": [0, 5, 0]
				},
				"cuerpo2": {
					"rotation": [-5, 0, 0],
					"position": [0, 0, -2]
				},
				"brazo_izquierdo": {
					"rotation": [0, 0, -35],
					"position": [14, 7, 0]
				},
				"brazo_izquierdo2": {
					"rotation": [0, 0, -87.5],
					"position": [2, 2.8, 0]
				},
				"mano_izquierda": {
					"rotation": [0, 0, -17.5],
					"position": [16, -3.6, 0]
				},
				"nudillos_izquierdo": {
					"rotation": [67.57713, -1.91134, -4.62111],
					"position": [0, 1.1, 1.3]
				},
				"dedo_izquierdo1": {
					"rotation": [0, 0, -70],
					"position": [3, -0.8, 0]
				},
				"cabeza": {
					"rotation": [10, 0, 0]
				},
				"cola8": {
					"rotation": {
						"0.0": [178.04442, -60.049, -185.74197],
						"0.8333": [-38.81493, -7.58038, 1.90739],
						"1.4167": [-38.86793, 8.0596, -10.59728]
					}
				},
				"cola7": {
					"rotation": [-201.26265, -65.45446, 197.18668]
				},
				"cola6": {
					"rotation": [168.01952, -57.5199, -180.60747]
				},
				"cola5": {
					"rotation": [92.34941, -88.29038, -87.65059]
				},
				"cola4": {
					"rotation": [26.4612, -28.69077, -0.40552]
				},
				"cola3": {
					"rotation": [55.24529, -5.52235, -5.08269]
				},
				"cola2": {
					"rotation": [70.34264, 15.7627, 37.25235]
				},
				"cola": {
					"rotation": [45.93148, -19.90349, -19.37626]
				},
				"nube_cola": {
					"rotation": [-12.54624, -4.88119, 1.08482]
				},
				"cola10": {
					"rotation": {
						"0.0": ["0+math.sin(q.anim_time*90*1-60)*3", -90, 0],
						"0.8333": ["-0.7211+math.sin(q.anim_time*90*1-60)*3", 10.99017, 0.7353]
					}
				},
				"cola9": {
					"rotation": {
						"0.0": [170, -75, -180],
						"0.8333": [10.38861, -53.03192, -18.74338]
					}
				},
				"cola11": {
					"rotation": {
						"0.0": ["-23.6711+math.sin(q.anim_time*90*1-120)*6", -53.54374, -10.66654],
						"0.8333": ["-12.1878+math.sin(q.anim_time*90*1-120)*6", -3.28304, -32.66145]
					}
				},
				"brazo_derecho": {
					"rotation": [0, 0, 55],
					"position": [-4, -5, 0]
				},
				"brazo_derecho2": {
					"rotation": [0, 0, 82.5],
					"position": [-0.5, 3.9, 0]
				},
				"mano_derecha": {
					"rotation": [0, 0, -95],
					"position": [11.7, -8, 0]
				},
				"nudillo_derecho": {
					"rotation": [0, -26, 0],
					"position": [-0.9, -0.1, 2]
				},
				"dedo_derecho1": {
					"rotation": [0, 0, 22.5],
					"position": [-0.6, -1, 0]
				},
				"dedo_derecho2": {
					"rotation": [0, 0, 17],
					"position": [-0.7, -0.4, 0]
				},
				"dedo_derecho3": {
					"rotation": [0, 0, 15],
					"position": [-0.5, -0.3, 0]
				},
				"cola_cabeza": {
					"rotation": {
						"0.0": [-61.71905, "-38.7498+math.sin(q.anim_time*90*2+90)*5", "-1.4275+math.sin(q.anim_time*90*4)*1.5"],
						"0.8333": [-68.91517, "-5.1714+math.sin(q.anim_time*90*2+90)*5", "14.8527+math.sin(q.anim_time*90*4)*1.5"]
					},
					"position": [0, 3, 0]
				},
				"enamorus": {
					"rotation": ["2.5*math.sin(q.anim_time*90*2)*0.5", 0, "2.5*math.sin(q.anim_time*90*2+90)*0.5"],
					"position": ["0+math.sin(q.anim_time*90*1.5)*2", "8+math.sin(q.anim_time*90*3)*1", "0+math.sin(q.anim_time*90*3)*0.5"]
				},
				"dedo_derecho2_2": {
					"rotation": [0, 0, 2],
					"position": [-1, 1, 0]
				},
				"dedo_derecho3_2": {
					"rotation": [0, 0, 5],
					"position": [-2.2, 2.1, 0]
				},
				"dedo_derecho4": {
					"rotation": [0, 0, 10],
					"position": [-0.4, -0.3, 0]
				},
				"bone": {
					"rotation": [3, 0, 0],
					"position": [0, 0.9, 1]
				},
				"dedo_izquierdo2_2": {
					"rotation": [0, 0, 60]
				},
				"bone2": {
					"rotation": [0, 0, 45]
				}
			}
		}
	}
}