{
  "format_version": "1.8.0",
  "animations": {
    "animation.gothorita.ground_idle": {
      "loop": true,
      "bones": {
        "head": {
          "rotation": ["2.5-math.sin(query.anim_time*90*1)*1.5", 0, 0]
        },
        "ear_left": {
          "rotation": ["-5+math.sin(query.anim_time*90*1+90)*4", 0, 0]
        },
        "ear_right": {
          "rotation": ["-5+math.sin(query.anim_time*90*1+105)*4", 0, 0]
        },
        "arm_left": {
          "rotation": [0, 0, "30+math.sin(query.anim_time*90*1+90)*3"]
        },
        "elbow_left": {
          "rotation": [0, 2.5, "-17.5-math.sin(query.anim_time*90*1+180)*2"]
        },
        "arm_right": {
          "rotation": [0, 0, "-30-math.sin(query.anim_time*90*1+90)*3"]
        },
        "elbow_right": {
          "rotation": [0, -2.5, "17.5+math.sin(query.anim_time*90*1+180)*2"]
        },
        "leg_left": {
          "rotation": [0.6574, 7.4713, 5.04292]
        },
        "knee_left": {
          "rotation": [0, 0, -2.5]
        },
        "foot_left": {
          "rotation": [0.44067, -9.99038, -2.53852]
        },
        "torso": {
          "rotation": ["math.sin(query.anim_time*90*1)*1.5", 0, 0]
        },
        "chest": {
          "rotation": [0, 0, 0]
        },
        "neck": {
          "rotation": ["-math.sin(query.anim_time*90*1+90)*1.5", 0, 0]
        },
        "undefined": {
          "rotation": [0.44067, -9.99038, -2.53852]
        },
        "leg_right": {
          "rotation": [0.6574, -7.4713, -5.04292]
        },
        "knee_right": {
          "rotation": [0, 0, 2.5]
        },
        "foot_right": {
          "rotation": [0.44067, 9.99038, 2.53852]
        }
      }
    },
    "animation.gothorita.battle_idle": {
      "loop": true,
      "bones": {
        "body": {
          "rotation": [0, 57.5, 0],
          "position": [0, -1.2, 0]
        },
        "torso": {
          "rotation": [
            "math.sin(query.anim_time*90*2)*0.5",
            "-12.5+math.sin(query.anim_time*90*1)*2",
            0
          ],
          "position": [0, "math.sin(query.anim_time*90*2)*0.1", 0]
        },
        "neck": {
          "rotation": [
            "-math.sin(query.anim_time*90*2)",
            "-5-math.sin(query.anim_time*90*1)*2",
            0
          ]
        },
        "head": {
          "rotation": [0, -5, 2.5]
        },
        "pupil_left": {
          "position": [0.75, 0, 0]
        },
        "pupil_right": {
          "position": [0.25, 0, 0]
        },
        "leg_left": {
          "rotation": [-12.5, 0, 0],
          "position": [0, 1, 0]
        },
        "knee_left": {
          "rotation": [-12.5, 0, 0]
        },
        "foot_left": {
          "rotation": [25.76926, -13.56626, -6.46066],
          "position": [0, -0.05, 0]
        },
        "arm_left": {
          "rotation": [-0.74555, -11.7006, 45.27466]
        },
        "elbow_left": {
          "rotation": [0, 20, -22.5]
        },
        "arm_right": {
          "rotation": [0, -10, -20]
        },
        "elbow_right": {
          "rotation": [-12.5, 0, 37.5]
        },
        "ear_left": {
          "rotation": [
            "1.3506+math.sin(query.anim_time*90*2+90)",
            0.13087,
            "-3.2632-math.sin(query.anim_time*90*2+90)"
          ]
        },
        "ear_right": {
          "rotation": [
            3.65531,
            0.28648,
            "-1.7109-math.sin(query.anim_time*90*2+90)"
          ]
        },
        "chest": {
          "rotation": [
            "-math.sin(query.anim_time*90*2+90)",
            "math.sin(query.anim_time*90*1+90)",
            0
          ]
        },
        "undefined": {
          "rotation": [25.76926, -13.56626, -6.46066],
          "position": [0, -0.05, 0]
        },
        "leg_right": {
          "rotation": [15, 20, 0]
        },
        "knee_right": {
          "rotation": [15, 0, 0]
        },
        "foot_right": {
          "rotation": [-30, 0, 0],
          "position": [0, 0.025, 0]
        }
      }
    },
    "animation.gothorita.blink": {
      "animation_length": 0.1667,
      "bones": {
        "eye_left": {
          "position": {
            "0.0": [0, 0, 0.1],
            "0.1667": {
              "pre": [0, 0, 0.1],
              "post": [0, 0, 0]
            }
          }
        },
        "eye_right": {
          "position": {
            "0.0": [0, 0, 0.1],
            "0.1667": {
              "pre": [0, 0, 0.1],
              "post": [0, 0, 0]
            }
          }
        },
        "eyelid_left": {
          "position": {
            "0.0": [0, 0, -0.1],
            "0.1667": {
              "pre": [0, 0, -0.1],
              "post": [0, 0, 0]
            }
          }
        },
        "eyelid_right": {
          "position": {
            "0.0": [0, 0, -0.1],
            "0.1667": {
              "pre": [0, 0, -0.1],
              "post": [0, 0, 0]
            }
          }
        }
      }
    },
    "animation.gothorita.ground_walkpre": {
      "loop": true,
      "animation_length": 2,
      "bones": {
        "body": {
          "rotation": [0, "math.sin(query.anim_time*90*4+90)*4", 0],
          "position": {
            "0.0": [0, 0, 0],
            "0.125": [0, -0.3, 0.5],
            "0.25": [0, -0.6, 0.25],
            "0.5": [0, 0, 0],
            "0.625": [0, -0.3, 0.5],
            "0.75": [0, -0.6, 0.25],
            "1.0": [0, 0, 0],
            "1.125": [0, -0.3, 0.5],
            "1.25": [0, -0.6, 0.25],
            "1.5": [0, 0, 0],
            "1.625": [0, -0.3, 0.5],
            "1.75": [0, -0.6, 0.25],
            "2.0": [0, 0, 0]
          }
        },
        "leg_left": {
          "rotation": {
            "0.0": {
              "post": [-12.25381, -12.74128, 0.24766],
              "lerp_mode": "catmullrom"
            },
            "0.5": {
              "post": [27.86082, -8.86042, -4.65468],
              "lerp_mode": "catmullrom"
            },
            "0.875": {
              "post": [-27.65987, -13.57405, 1.03821],
              "lerp_mode": "catmullrom"
            },
            "1.0": {
              "post": [-12.25381, -12.74128, 0.24766],
              "lerp_mode": "catmullrom"
            },
            "1.5": {
              "post": [27.86082, -8.86042, -4.65468],
              "lerp_mode": "catmullrom"
            },
            "1.875": {
              "post": [-27.65987, -13.57405, 1.03821],
              "lerp_mode": "catmullrom"
            },
            "2.0": {
              "post": [-12.25381, -12.74128, 0.24766],
              "lerp_mode": "catmullrom"
            }
          },
          "position": {
            "0.0": {
              "post": [0.25, 0, 0],
              "lerp_mode": "catmullrom"
            },
            "0.125": {
              "post": [0.25, 0.075, 0],
              "lerp_mode": "catmullrom"
            },
            "0.2917": {
              "post": [0.25, -0.35, 0],
              "lerp_mode": "catmullrom"
            },
            "0.5": {
              "post": [0.25, 0, 0],
              "lerp_mode": "catmullrom"
            },
            "1.0": {
              "post": [0.25, 0, 0],
              "lerp_mode": "catmullrom"
            },
            "1.125": {
              "post": [0.25, 0.075, 0],
              "lerp_mode": "catmullrom"
            },
            "1.2917": {
              "post": [0.25, -0.35, 0],
              "lerp_mode": "catmullrom"
            },
            "1.5": {
              "post": [0.25, 0, 0],
              "lerp_mode": "catmullrom"
            },
            "2.0": {
              "post": [0.25, 0, 0],
              "lerp_mode": "catmullrom"
            }
          }
        },
        "knee_left": {
          "rotation": {
            "0.0": {
              "post": [5, 0, 0],
              "lerp_mode": "catmullrom"
            },
            "0.3333": {
              "post": [15.63618, 5.5303, -1.0806],
              "lerp_mode": "catmullrom"
            },
            "0.5": {
              "post": [22.57734, 4.6185, 1.9176],
              "lerp_mode": "catmullrom"
            },
            "0.75": {
              "post": [57.37344, 6.9012, 1.5237],
              "lerp_mode": "catmullrom"
            },
            "0.875": {
              "post": [28.39005, 4.4753, 0.9654],
              "lerp_mode": "catmullrom"
            },
            "1.0": {
              "post": [5, 0, 0],
              "lerp_mode": "catmullrom"
            },
            "1.3333": {
              "post": [15.63618, 5.5303, -1.0806],
              "lerp_mode": "catmullrom"
            },
            "1.5": {
              "post": [22.57734, 4.6185, 1.9176],
              "lerp_mode": "catmullrom"
            },
            "1.75": {
              "post": [57.37344, 6.9012, 1.5237],
              "lerp_mode": "catmullrom"
            },
            "1.875": {
              "post": [28.39005, 4.4753, 0.9654],
              "lerp_mode": "catmullrom"
            },
            "2.0": {
              "post": [5, 0, 0],
              "lerp_mode": "catmullrom"
            }
          }
        },
        "foot_left": {
          "rotation": {
            "0.0": {
              "post": [7.5, 0, 0],
              "lerp_mode": "catmullrom"
            },
            "0.125": {
              "post": [-5.48437, 0, 0],
              "lerp_mode": "catmullrom"
            },
            "0.2083": {
              "post": [-18.12, 0, 0],
              "lerp_mode": "catmullrom"
            },
            "0.375": {
              "post": [-17.57, 0, 0],
              "lerp_mode": "catmullrom"
            },
            "0.5": {
              "post": [2.5, 0, 0],
              "lerp_mode": "catmullrom"
            },
            "0.75": {
              "post": [14.1, 0, 0],
              "lerp_mode": "catmullrom"
            },
            "0.875": {
              "post": [-2.98, 0, 0],
              "lerp_mode": "catmullrom"
            },
            "1.0": {
              "post": [7.5, 0, 0],
              "lerp_mode": "catmullrom"
            },
            "1.125": {
              "post": [-5.48437, 0, 0],
              "lerp_mode": "catmullrom"
            },
            "1.2083": {
              "post": [-18.12, 0, 0],
              "lerp_mode": "catmullrom"
            },
            "1.375": {
              "post": [-17.57, 0, 0],
              "lerp_mode": "catmullrom"
            },
            "1.5": {
              "post": [2.5, 0, 0],
              "lerp_mode": "catmullrom"
            },
            "1.75": {
              "post": [14.1, 0, 0],
              "lerp_mode": "catmullrom"
            },
            "1.875": {
              "post": [-2.98, 0, 0],
              "lerp_mode": "catmullrom"
            },
            "2.0": {
              "post": [7.5, 0, 0],
              "lerp_mode": "catmullrom"
            }
          }
        },
        "torso": {
          "rotation": [
            "5-math.sin(query.anim_time*90*8+90)*2",
            "math.sin(query.anim_time*90*4+180)*4",
            0
          ]
        },
        "chest": {
          "rotation": [
            "-2.5-math.sin(query.anim_time*90*8+90)*1.5",
            "-math.sin(query.anim_time*90*4+180)*4",
            0
          ]
        },
        "neck": {
          "rotation": [
            "-10+math.sin(query.anim_time*90*8+105)*2",
            "-math.sin(query.anim_time*90*4+90)*5",
            0
          ]
        },
        "head": {
          "rotation": [10, 0, 0]
        },
        "ear_left": {
          "rotation": [
            "-2.5+math.sin(query.anim_time*90*4+90)*8",
            "math.sin(query.anim_time*90*4+180)*8",
            "math.sin(query.anim_time*90*4+180)*3"
          ]
        },
        "ear_right": {
          "rotation": [
            "-2.5-math.sin(query.anim_time*90*4+90)*8",
            "math.sin(query.anim_time*90*4+180)*8",
            "math.sin(query.anim_time*90*4+180)*3"
          ]
        },
        "arm_left": {
          "rotation": [
            "-math.sin(query.anim_time*90*4+135)*18",
            "-12.5-math.sin(query.anim_time*90*4+135)*24",
            42.5
          ]
        },
        "elbow_left": {
          "rotation": [0, "22.5+math.sin(query.anim_time*90*4+225)*12", 0]
        },
        "arm_right": {
          "rotation": [
            "math.sin(query.anim_time*90*4+135)*18",
            "12.5-math.sin(query.anim_time*90*4+135)*24",
            -42.5
          ]
        },
        "elbow_right": {
          "rotation": [0, "-22.5+math.sin(query.anim_time*90*4+225)*12", 0]
        },
        "undefined": {
          "rotation": {
            "0.0": {
              "post": [7.5, 0, 0],
              "lerp_mode": "catmullrom"
            },
            "0.125": {
              "post": [-5.48437, 0, 0],
              "lerp_mode": "catmullrom"
            },
            "0.2083": {
              "post": [-18.12, 0, 0],
              "lerp_mode": "catmullrom"
            },
            "0.375": {
              "post": [-17.57, 0, 0],
              "lerp_mode": "catmullrom"
            },
            "0.5": {
              "post": [2.5, 0, 0],
              "lerp_mode": "catmullrom"
            },
            "0.75": {
              "post": [14.1, 0, 0],
              "lerp_mode": "catmullrom"
            },
            "0.875": {
              "post": [-2.98, 0, 0],
              "lerp_mode": "catmullrom"
            },
            "1.0": {
              "post": [7.5, 0, 0],
              "lerp_mode": "catmullrom"
            },
            "1.125": {
              "post": [-5.48437, 0, 0],
              "lerp_mode": "catmullrom"
            },
            "1.2083": {
              "post": [-18.12, 0, 0],
              "lerp_mode": "catmullrom"
            },
            "1.375": {
              "post": [-17.57, 0, 0],
              "lerp_mode": "catmullrom"
            },
            "1.5": {
              "post": [2.5, 0, 0],
              "lerp_mode": "catmullrom"
            },
            "1.75": {
              "post": [14.1, 0, 0],
              "lerp_mode": "catmullrom"
            },
            "1.875": {
              "post": [-2.98, 0, 0],
              "lerp_mode": "catmullrom"
            },
            "2.0": {
              "post": [7.5, 0, 0],
              "lerp_mode": "catmullrom"
            }
          }
        },
        "leg_right": {
          "rotation": {
            "0.0": {
              "post": [27.86082, 8.8604, 4.6547],
              "lerp_mode": "catmullrom"
            },
            "0.375": {
              "post": [-27.65987, 13.5741, -1.0382],
              "lerp_mode": "catmullrom"
            },
            "0.5": {
              "post": [-12.25381, 12.7413, -0.2477],
              "lerp_mode": "catmullrom"
            },
            "1.0": {
              "post": [27.86082, 8.8604, 4.6547],
              "lerp_mode": "catmullrom"
            },
            "1.375": {
              "post": [-27.65987, 13.5741, -1.0382],
              "lerp_mode": "catmullrom"
            },
            "1.5": {
              "post": [-12.25381, 12.7413, -0.2477],
              "lerp_mode": "catmullrom"
            },
            "2.0": {
              "post": [27.86082, 8.8604, 4.6547],
              "lerp_mode": "catmullrom"
            }
          },
          "position": {
            "0.0": {
              "post": [0.25, 0, 0],
              "lerp_mode": "catmullrom"
            },
            "0.5": {
              "post": [0.25, 0, 0],
              "lerp_mode": "catmullrom"
            },
            "0.625": {
              "post": [0.25, 0.075, 0],
              "lerp_mode": "catmullrom"
            },
            "0.7917": {
              "post": [0.25, -0.35, 0],
              "lerp_mode": "catmullrom"
            },
            "1.0": {
              "post": [0.25, 0, 0],
              "lerp_mode": "catmullrom"
            },
            "1.5": {
              "post": [0.25, 0, 0],
              "lerp_mode": "catmullrom"
            },
            "1.625": {
              "post": [0.25, 0.075, 0],
              "lerp_mode": "catmullrom"
            },
            "1.7917": {
              "post": [0.25, -0.35, 0],
              "lerp_mode": "catmullrom"
            },
            "2.0": {
              "post": [0.25, 0, 0],
              "lerp_mode": "catmullrom"
            }
          }
        },
        "knee_right": {
          "rotation": {
            "0.0": {
              "post": [22.59013, -5.5751, 0.39104],
              "lerp_mode": "catmullrom"
            },
            "0.25": {
              "post": [57.37344, -6.90116, -1.52371],
              "lerp_mode": "catmullrom"
            },
            "0.375": {
              "post": [28.39005, -4.47529, -0.96544],
              "lerp_mode": "catmullrom"
            },
            "0.5": {
              "post": [5, 0, 0],
              "lerp_mode": "catmullrom"
            },
            "0.8333": {
              "post": [15.63618, -5.53035, 1.08063],
              "lerp_mode": "catmullrom"
            },
            "1.0": {
              "post": [22.57734, -4.61854, -1.91757],
              "lerp_mode": "catmullrom"
            },
            "1.25": {
              "post": [57.37344, -6.90116, -1.52371],
              "lerp_mode": "catmullrom"
            },
            "1.375": {
              "post": [28.39005, -4.47529, -0.96544],
              "lerp_mode": "catmullrom"
            },
            "1.5": {
              "post": [5, 0, 0],
              "lerp_mode": "catmullrom"
            },
            "1.8333": {
              "post": [15.63618, -5.53035, 1.08063],
              "lerp_mode": "catmullrom"
            },
            "2.0": {
              "post": [22.59013, -5.5751, 0.39104],
              "lerp_mode": "catmullrom"
            }
          }
        },
        "foot_right": {
          "rotation": {
            "0.0": {
              "post": [2.5, 0, 0],
              "lerp_mode": "catmullrom"
            },
            "0.25": {
              "post": [14.1, 0, 0],
              "lerp_mode": "catmullrom"
            },
            "0.375": {
              "post": [-2.98, 0, 0],
              "lerp_mode": "catmullrom"
            },
            "0.5": {
              "post": [7.5, 0, 0],
              "lerp_mode": "catmullrom"
            },
            "0.625": {
              "post": [-5.48437, 0, 0],
              "lerp_mode": "catmullrom"
            },
            "0.7083": {
              "post": [-18.12, 0, 0],
              "lerp_mode": "catmullrom"
            },
            "0.875": {
              "post": [-17.57, 0, 0],
              "lerp_mode": "catmullrom"
            },
            "1.0": {
              "post": [2.5, 0, 0],
              "lerp_mode": "catmullrom"
            },
            "1.25": {
              "post": [14.1, 0, 0],
              "lerp_mode": "catmullrom"
            },
            "1.375": {
              "post": [-2.98, 0, 0],
              "lerp_mode": "catmullrom"
            },
            "1.5": {
              "post": [7.5, 0, 0],
              "lerp_mode": "catmullrom"
            },
            "1.625": {
              "post": [-5.48437, 0, 0],
              "lerp_mode": "catmullrom"
            },
            "1.7083": {
              "post": [-18.12, 0, 0],
              "lerp_mode": "catmullrom"
            },
            "1.875": {
              "post": [-17.57, 0, 0],
              "lerp_mode": "catmullrom"
            },
            "2.0": {
              "post": [2.5, 0, 0],
              "lerp_mode": "catmullrom"
            }
          }
        }
      }
    },
    "animation.gothorita.ground_walk": {
      "loop": true,
      "animation_length": 4,
      "bones": {
        "skirt_left": {
          "rotation": [0, 0, "-12.5-3*math.sin(q.anim_time*90*6-90)"]
        },
        "skirt_right": {
          "rotation": [0, 0, "12.5+3*math.sin(q.anim_time*90*6-90)"]
        },
        "arm_left2": {
          "rotation": [
            0,
            "3+3*math.sin(q.anim_time*90*3-90)",
            "-7.5-2*math.sin(q.anim_time*90*6-110)"
          ],
          "position": [-0.2, 0, 0]
        },
        "arm_right2": {
          "rotation": [0, "-3+3*math.sin(q.anim_time*90*3-90)", 7.5],
          "position": [0.2, 0, 0]
        },
        "leg_left2": {
          "rotation": {
            "0.0": {
              "post": [36.56, 0, 0],
              "lerp_mode": "catmullrom"
            },
            "0.1667": {
              "post": [23, 0, 0],
              "lerp_mode": "catmullrom"
            },
            "0.3333": {
              "post": [0, 0, 0],
              "lerp_mode": "catmullrom"
            },
            "1.0": {
              "post": [20, 0, 0],
              "lerp_mode": "catmullrom"
            },
            "1.25": {
              "post": [39.05, 0, 0],
              "lerp_mode": "catmullrom"
            },
            "1.5": {
              "post": [23, 0, 0],
              "lerp_mode": "catmullrom"
            },
            "1.6667": {
              "post": [0, 0, 0],
              "lerp_mode": "catmullrom"
            },
            "2.3333": {
              "post": [20, 0, 0],
              "lerp_mode": "catmullrom"
            },
            "2.5833": {
              "post": [39.05, 0, 0],
              "lerp_mode": "catmullrom"
            },
            "2.8333": {
              "post": [23, 0, 0],
              "lerp_mode": "catmullrom"
            },
            "3.0": {
              "post": [0, 0, 0],
              "lerp_mode": "catmullrom"
            },
            "3.6667": {
              "post": [20, 0, 0],
              "lerp_mode": "catmullrom"
            },
            "3.9167": {
              "post": [39.05, 0, 0],
              "lerp_mode": "catmullrom"
            },
            "4.0": {
              "post": [36.56, 0, 0],
              "lerp_mode": "catmullrom"
            }
          }
        },
        "leg_right2": {
          "rotation": {
            "0.0": {
              "post": [7.37, 0, 0],
              "lerp_mode": "catmullrom"
            },
            "0.3333": {
              "post": [20, 0, 0],
              "lerp_mode": "catmullrom"
            },
            "0.5833": {
              "post": [39.05, 0, 0],
              "lerp_mode": "catmullrom"
            },
            "0.6667": {
              "post": [36.56, 0, 0],
              "lerp_mode": "catmullrom"
            },
            "0.8333": {
              "post": [23, 0, 0],
              "lerp_mode": "catmullrom"
            },
            "1.0": {
              "post": [0, 0, 0],
              "lerp_mode": "catmullrom"
            },
            "1.6667": {
              "post": [20, 0, 0],
              "lerp_mode": "catmullrom"
            },
            "1.9167": {
              "post": [39.05, 0, 0],
              "lerp_mode": "catmullrom"
            },
            "2.1667": {
              "post": [23, 0, 0],
              "lerp_mode": "catmullrom"
            },
            "2.3333": {
              "post": [0, 0, 0],
              "lerp_mode": "catmullrom"
            },
            "3.0": {
              "post": [20, 0, 0],
              "lerp_mode": "catmullrom"
            },
            "3.25": {
              "post": [39.05, 0, 0],
              "lerp_mode": "catmullrom"
            },
            "3.5": {
              "post": [23, 0, 0],
              "lerp_mode": "catmullrom"
            },
            "3.6667": {
              "post": [0, 0, 0],
              "lerp_mode": "catmullrom"
            },
            "4.0": {
              "post": [7.37, 0, 0],
              "lerp_mode": "catmullrom"
            }
          }
        },
        "arm_right3": {
          "rotation": [
            0,
            "2-2*math.sin(q.anim_time*90*3-130)",
            "7.5+2*math.sin(q.anim_time*90*6-110)"
          ],
          "position": [0.1, 0, 0]
        },
        "arm_left3": {
          "rotation": [0, "2+2*math.sin(q.anim_time*90*3-130)", -7.5],
          "position": [-0.1, 0, 0]
        },
        "hair_side_left": {
          "rotation": [
            "1*math.sin(q.anim_time*90*6-20)",
            0,
            "1*math.sin(q.anim_time*90*6-90)"
          ]
        },
        "hair_side_right": {
          "rotation": [
            "1*math.sin(q.anim_time*90*6-120)",
            0,
            "-(1*math.sin(q.anim_time*90*6-120))"
          ]
        },
        "body": {
          "position": [
            0,
            -0.2,
            "math.clamp((-math.sin(query.anim_time*90*6-170)*0.5),0,1)"
          ]
        },
        "torso": {
          "rotation": [
            "-0.5*math.sin(q.anim_time*90*6-50)",
            "10*math.sin(q.anim_time*90*3)",
            "-4*math.cos(q.anim_time*90*3-50)"
          ],
          "position": [
            0,
            "-0.2+0.1*math.sin(q.anim_time*90*6)",
            "0.1*math.cos(q.anim_time*90*6)"
          ]
        },
        "chest": {
          "rotation": [
            "7.5-0.5*math.sin(q.anim_time*90*3-90)",
            "-10*math.sin(q.anim_time*90*3-40)",
            "5*math.cos(q.anim_time*90*3-80)"
          ]
        },
        "neck": {
          "rotation": [
            "-12.5-3*math.sin(q.anim_time*90*6-130)",
            0,
            "-6*math.sin(q.anim_time*90*3-70)"
          ]
        },
        "head": {
          "rotation": [
            "7.5+3*math.sin(q.anim_time*90*6-90)",
            "-5*math.sin(q.anim_time*90*3+40)",
            "-2*math.sin(q.anim_time*90*3+90)"
          ]
        },
        "arm_left": {
          "rotation": [
            0,
            "-6*math.sin(q.anim_time*90*3-60)",
            "32.5-1*math.sin(q.anim_time*90*6-60)"
          ]
        },
        "elbow_left": {
          "rotation": [
            0.30082,
            "-1.8906-2*math.sin(q.anim_time*90*3-130)",
            "-47.5011+2*math.sin(q.anim_time*90*6-110)"
          ]
        },
        "arm_right": {
          "rotation": [
            0,
            "-6*math.sin(q.anim_time*90*3-60)",
            "-32.5+1*math.sin(q.anim_time*90*6-60)"
          ]
        },
        "elbow_right": {
          "rotation": [
            2.15189,
            "1.2695-2*math.sin(q.anim_time*90*3-130)",
            "45.0527+2*math.sin(q.anim_time*90*6-110)"
          ],
          "position": [0.1, 0, 0]
        },
        "leg_left": {
          "rotation": {
            "0.0": {
              "post": [-3.66096, -10.59061, 1.47157],
              "lerp_mode": "catmullrom"
            },
            "0.3333": {
              "post": [-12.39638, 1.61888, 7.32417],
              "lerp_mode": "catmullrom"
            },
            "1.0": {
              "post": [14.94548, -1.29256, 4.83045],
              "lerp_mode": "catmullrom"
            },
            "1.3333": {
              "post": [-3.66096, -10.59061, 1.47157],
              "lerp_mode": "catmullrom"
            },
            "1.6667": {
              "post": [-12.39638, 1.61888, 7.32417],
              "lerp_mode": "catmullrom"
            },
            "2.3333": {
              "post": [14.94548, -1.29256, 4.83045],
              "lerp_mode": "catmullrom"
            },
            "2.6667": {
              "post": [-3.66096, -10.59061, 1.47157],
              "lerp_mode": "catmullrom"
            },
            "3.0": {
              "post": [-12.39638, 1.61888, 7.32417],
              "lerp_mode": "catmullrom"
            },
            "3.6667": {
              "post": [14.94548, -1.29256, 4.83045],
              "lerp_mode": "catmullrom"
            },
            "4.0": {
              "post": [-3.66096, -10.59061, 1.47157],
              "lerp_mode": "catmullrom"
            }
          },
          "position": {
            "0.0": [0.5, 0.18, 0.13],
            "0.1667": [0.5, 0.9, -0.5],
            "0.3333": [0.5, 0, -1],
            "1.0": [0.5, -0.25, 0.98079],
            "1.5": [0.5, 0.9, -0.5],
            "1.6667": [0.5, 0, -1],
            "2.3333": [0.5, -0.25, 0.98079],
            "2.8333": [0.5, 0.9, -0.5],
            "3.0": [0.5, 0, -1],
            "3.6667": [0.5, -0.25, 0.98079],
            "4.0": [0.5, 0.18, 0.13]
          }
        },
        "knee_left": {
          "rotation": {
            "0.0": {
              "post": [36.56, 0, 0],
              "lerp_mode": "catmullrom"
            },
            "0.1667": {
              "post": [23, 0, 0],
              "lerp_mode": "catmullrom"
            },
            "0.3333": {
              "post": [0, 0, 0],
              "lerp_mode": "catmullrom"
            },
            "1.0": {
              "post": [20, 0, 0],
              "lerp_mode": "catmullrom"
            },
            "1.25": {
              "post": [39.05, 0, 0],
              "lerp_mode": "catmullrom"
            },
            "1.5": {
              "post": [23, 0, 0],
              "lerp_mode": "catmullrom"
            },
            "1.6667": {
              "post": [0, 0, 0],
              "lerp_mode": "catmullrom"
            },
            "2.3333": {
              "post": [20, 0, 0],
              "lerp_mode": "catmullrom"
            },
            "2.5833": {
              "post": [39.05, 0, 0],
              "lerp_mode": "catmullrom"
            },
            "2.8333": {
              "post": [23, 0, 0],
              "lerp_mode": "catmullrom"
            },
            "3.0": {
              "post": [0, 0, 0],
              "lerp_mode": "catmullrom"
            },
            "3.6667": {
              "post": [20, 0, 0],
              "lerp_mode": "catmullrom"
            },
            "3.9167": {
              "post": [39.05, 0, 0],
              "lerp_mode": "catmullrom"
            },
            "4.0": {
              "post": [36.56, 0, 0],
              "lerp_mode": "catmullrom"
            }
          }
        },
        "foot_left": {
          "rotation": {
            "0.0": {
              "post": [1.25, -0.08, -6.49],
              "lerp_mode": "catmullrom"
            },
            "0.3333": {
              "post": [13.00034, -0.0782, -6.4938],
              "lerp_mode": "catmullrom"
            },
            "0.6667": {
              "post": [-8.99966, -0.0782, -6.4938],
              "lerp_mode": "catmullrom"
            },
            "1.0": {
              "post": [-10.49966, -0.0782, -6.4938],
              "lerp_mode": "catmullrom"
            },
            "1.3333": {
              "post": [1.25, -0.08, -6.49],
              "lerp_mode": "catmullrom"
            },
            "1.6667": {
              "post": [13.00034, -0.0782, -6.4938],
              "lerp_mode": "catmullrom"
            },
            "2.0": {
              "post": [-8.99966, -0.0782, -6.4938],
              "lerp_mode": "catmullrom"
            },
            "2.3333": {
              "post": [-10.49966, -0.0782, -6.4938],
              "lerp_mode": "catmullrom"
            },
            "2.6667": {
              "post": [1.25, -0.08, -6.49],
              "lerp_mode": "catmullrom"
            },
            "3.0": {
              "post": [13.00034, -0.0782, -6.4938],
              "lerp_mode": "catmullrom"
            },
            "3.3333": {
              "post": [-8.99966, -0.0782, -6.4938],
              "lerp_mode": "catmullrom"
            },
            "3.6667": {
              "post": [-10.49966, -0.0782, -6.4938],
              "lerp_mode": "catmullrom"
            },
            "4.0": {
              "post": [1.25, -0.08, -6.49],
              "lerp_mode": "catmullrom"
            }
          },
          "position": {
            "0.0": {
              "post": [0, 0, 0],
              "lerp_mode": "catmullrom"
            },
            "0.0833": {
              "post": [0, 0, 0],
              "lerp_mode": "catmullrom"
            },
            "0.3333": {
              "post": [0, 0.2, 0],
              "lerp_mode": "catmullrom"
            },
            "0.6667": {
              "post": [0, 0, 0],
              "lerp_mode": "catmullrom"
            },
            "1.0": {
              "post": [0, 0, 0],
              "lerp_mode": "catmullrom"
            },
            "1.3333": {
              "post": [0, 0, 0],
              "lerp_mode": "catmullrom"
            },
            "1.4167": {
              "post": [0, 0, 0],
              "lerp_mode": "catmullrom"
            },
            "1.6667": {
              "post": [0, 0.2, 0],
              "lerp_mode": "catmullrom"
            },
            "2.0": {
              "post": [0, 0, 0],
              "lerp_mode": "catmullrom"
            },
            "2.3333": {
              "post": [0, 0, 0],
              "lerp_mode": "catmullrom"
            },
            "2.6667": {
              "post": [0, 0, 0],
              "lerp_mode": "catmullrom"
            },
            "2.75": {
              "post": [0, 0, 0],
              "lerp_mode": "catmullrom"
            },
            "3.0": {
              "post": [0, 0.2, 0],
              "lerp_mode": "catmullrom"
            },
            "3.3333": {
              "post": [0, 0, 0],
              "lerp_mode": "catmullrom"
            },
            "3.6667": {
              "post": [0, 0, 0],
              "lerp_mode": "catmullrom"
            },
            "4.0": {
              "post": [0, 0, 0],
              "lerp_mode": "catmullrom"
            }
          }
        },
        "leg_right": {
          "rotation": {
            "0.0": {
              "post": [1.89, -1.51, -6.65],
              "lerp_mode": "catmullrom"
            },
            "0.3333": {
              "post": [14.94548, 1.29256, -4.83045],
              "lerp_mode": "catmullrom"
            },
            "0.6667": {
              "post": [-3.66096, 10.59061, -1.47157],
              "lerp_mode": "catmullrom"
            },
            "1.0": {
              "post": [-12.39638, -1.61888, -7.32417],
              "lerp_mode": "catmullrom"
            },
            "1.6667": {
              "post": [14.94548, 1.29256, -4.83045],
              "lerp_mode": "catmullrom"
            },
            "2.0": {
              "post": [-3.66096, 10.59061, -1.47157],
              "lerp_mode": "catmullrom"
            },
            "2.3333": {
              "post": [-12.39638, -1.61888, -7.32417],
              "lerp_mode": "catmullrom"
            },
            "3.0": {
              "post": [14.94548, 1.29256, -4.83045],
              "lerp_mode": "catmullrom"
            },
            "3.3333": {
              "post": [-3.66096, 10.59061, -1.47157],
              "lerp_mode": "catmullrom"
            },
            "3.6667": {
              "post": [-12.39638, -1.61888, -7.32417],
              "lerp_mode": "catmullrom"
            },
            "4.0": {
              "post": [1.89, -1.51, -6.65],
              "lerp_mode": "catmullrom"
            }
          },
          "position": {
            "0.0": [-0.5, -0.13, -0.01],
            "0.3333": [-0.5, -0.25, 0.98079],
            "0.8333": [-0.5, 0.9, -0.5],
            "1.0": [-0.5, 0, -1],
            "1.1667": [-0.5, -0.06, -0.52],
            "1.6667": [-0.5, -0.25, 0.98079],
            "2.1667": [-0.5, 0.9, -0.5],
            "2.3333": [-0.5, 0, -1],
            "3.0": [-0.5, -0.25, 0.98079],
            "3.5": [-0.5, 0.9, -0.5],
            "3.6667": [-0.5, 0, -1],
            "4.0": [-0.5, -0.13, -0.01]
          }
        },
        "knee_right": {
          "rotation": {
            "0.0": {
              "post": [7.37, 0, 0],
              "lerp_mode": "catmullrom"
            },
            "0.3333": {
              "post": [20, 0, 0],
              "lerp_mode": "catmullrom"
            },
            "0.5833": {
              "post": [39.05, 0, 0],
              "lerp_mode": "catmullrom"
            },
            "0.6667": {
              "post": [36.56, 0, 0],
              "lerp_mode": "catmullrom"
            },
            "0.8333": {
              "post": [23, 0, 0],
              "lerp_mode": "catmullrom"
            },
            "1.0": {
              "post": [0, 0, 0],
              "lerp_mode": "catmullrom"
            },
            "1.6667": {
              "post": [20, 0, 0],
              "lerp_mode": "catmullrom"
            },
            "1.9167": {
              "post": [39.05, 0, 0],
              "lerp_mode": "catmullrom"
            },
            "2.1667": {
              "post": [23, 0, 0],
              "lerp_mode": "catmullrom"
            },
            "2.3333": {
              "post": [0, 0, 0],
              "lerp_mode": "catmullrom"
            },
            "3.0": {
              "post": [20, 0, 0],
              "lerp_mode": "catmullrom"
            },
            "3.25": {
              "post": [39.05, 0, 0],
              "lerp_mode": "catmullrom"
            },
            "3.5": {
              "post": [23, 0, 0],
              "lerp_mode": "catmullrom"
            },
            "3.6667": {
              "post": [0, 0, 0],
              "lerp_mode": "catmullrom"
            },
            "4.0": {
              "post": [7.37, 0, 0],
              "lerp_mode": "catmullrom"
            }
          }
        },
        "foot_right": {
          "rotation": {
            "0.0": {
              "post": [-8.99966, 0.07822, 6.49384],
              "lerp_mode": "catmullrom"
            },
            "0.3333": {
              "post": [-10.49966, 0.07822, 6.49384],
              "lerp_mode": "catmullrom"
            },
            "0.6667": {
              "post": [1.25, 0.08, 6.49],
              "lerp_mode": "catmullrom"
            },
            "1.0": {
              "post": [13.00034, 0.07822, 6.49384],
              "lerp_mode": "catmullrom"
            },
            "1.3333": {
              "post": [-8.99966, 0.07822, 6.49384],
              "lerp_mode": "catmullrom"
            },
            "1.6667": {
              "post": [-10.49966, 0.07822, 6.49384],
              "lerp_mode": "catmullrom"
            },
            "2.0": {
              "post": [1.25, 0.08, 6.49],
              "lerp_mode": "catmullrom"
            },
            "2.3333": {
              "post": [13.00034, 0.07822, 6.49384],
              "lerp_mode": "catmullrom"
            },
            "2.6667": {
              "post": [-8.99966, 0.07822, 6.49384],
              "lerp_mode": "catmullrom"
            },
            "3.0": {
              "post": [-10.49966, 0.07822, 6.49384],
              "lerp_mode": "catmullrom"
            },
            "3.3333": {
              "post": [1.25, 0.08, 6.49],
              "lerp_mode": "catmullrom"
            },
            "3.6667": {
              "post": [13.00034, 0.07822, 6.49384],
              "lerp_mode": "catmullrom"
            },
            "4.0": {
              "post": [-8.99966, 0.07822, 6.49384],
              "lerp_mode": "catmullrom"
            }
          },
          "position": {
            "0.0": {
              "post": [0, 0, 0],
              "lerp_mode": "catmullrom"
            },
            "0.3333": {
              "post": [0, 0, 0],
              "lerp_mode": "catmullrom"
            },
            "0.6667": {
              "post": [0, 0, 0],
              "lerp_mode": "catmullrom"
            },
            "0.75": {
              "post": [0, 0, 0],
              "lerp_mode": "catmullrom"
            },
            "1.0": {
              "post": [0, 0.2, 0],
              "lerp_mode": "catmullrom"
            },
            "1.3333": {
              "post": [0, 0, 0],
              "lerp_mode": "catmullrom"
            },
            "1.6667": {
              "post": [0, 0, 0],
              "lerp_mode": "catmullrom"
            },
            "2.0": {
              "post": [0, 0, 0],
              "lerp_mode": "catmullrom"
            },
            "2.0833": {
              "post": [0, 0, 0],
              "lerp_mode": "catmullrom"
            },
            "2.3333": {
              "post": [0, 0.2, 0],
              "lerp_mode": "catmullrom"
            },
            "2.6667": {
              "post": [0, 0, 0],
              "lerp_mode": "catmullrom"
            },
            "3.0": {
              "post": [0, 0, 0],
              "lerp_mode": "catmullrom"
            },
            "3.3333": {
              "post": [0, 0, 0],
              "lerp_mode": "catmullrom"
            },
            "3.4167": {
              "post": [0, 0, 0],
              "lerp_mode": "catmullrom"
            },
            "3.6667": {
              "post": [0, 0.2, 0],
              "lerp_mode": "catmullrom"
            },
            "4.0": {
              "post": [0, 0, 0],
              "lerp_mode": "catmullrom"
            }
          }
        }
      }
    },
    "animation.gothorita.cry": {
      "animation_length": 1.1667,
      "bones": {
        "torso": {
          "rotation": {
            "0.0": [0, 0, 0],
            "0.125": {
              "pre": [5, 0, 0],
              "post": [5, 0, 0],
              "lerp_mode": "catmullrom"
            },
            "0.25": {
              "post": [7.5, 0, 0],
              "lerp_mode": "catmullrom"
            },
            "0.375": [6.1, 0, 0],
            "0.5": {
              "pre": [2.5, 0, 0],
              "post": [2.5, 0, 0],
              "lerp_mode": "catmullrom"
            },
            "0.625": {
              "post": [0, 0, 0],
              "lerp_mode": "catmullrom"
            },
            "0.75": [3.6, 0, 0],
            "0.8333": [5, 0, 0],
            "0.9167": [3.3, 0, 0],
            "1.0": [0, 0, 0]
          }
        },
        "head": {
          "rotation": {
            "0.0": [0, 0, 0],
            "0.0417": [-3.5, 0, 0],
            "0.125": [-11.5, 0, 0],
            "0.2083": [-14.5, 0, 0],
            "0.2917": [-13.9, 0, 0],
            "0.4167": [-11.5, 0, 0],
            "0.5417": {
              "pre": [-6.5, 0, 0],
              "post": [-6.5, 0, 0],
              "lerp_mode": "catmullrom"
            },
            "0.625": {
              "post": [-4.7, 0, 0],
              "lerp_mode": "catmullrom"
            },
            "0.7083": {
              "post": [-8, 0, 0],
              "lerp_mode": "catmullrom"
            },
            "0.8333": {
              "post": [-9.8, 0, 0],
              "lerp_mode": "catmullrom"
            },
            "0.9167": {
              "post": [-7.8, 0, 0],
              "lerp_mode": "catmullrom"
            },
            "1.0": {
              "post": [-3.3, 0, 0],
              "lerp_mode": "catmullrom"
            },
            "1.1667": [0, 0, 0]
          }
        },
        "ear_left": {
          "rotation": {
            "0.0": [0, 0, 0],
            "0.0833": [1, 0, 0],
            "0.2083": {
              "pre": [6.5, 0, 0],
              "post": [6.5, 0, 0],
              "lerp_mode": "catmullrom"
            },
            "0.2917": {
              "post": [6, 0, 0],
              "lerp_mode": "catmullrom"
            },
            "0.4583": [2.8, 0, 0],
            "0.5833": {
              "pre": [-0.3, 0, 0],
              "post": [-0.3, 0, 0],
              "lerp_mode": "catmullrom"
            },
            "0.7083": {
              "post": [1.1, 0, 0],
              "lerp_mode": "catmullrom"
            },
            "0.7917": {
              "post": [4, 0, 0],
              "lerp_mode": "catmullrom"
            },
            "0.8333": {
              "post": [4.6, 0, 0],
              "lerp_mode": "catmullrom"
            },
            "0.9167": {
              "post": [3.2, 0, 0],
              "lerp_mode": "catmullrom"
            },
            "1.0": {
              "post": [-3, 0, 0],
              "lerp_mode": "catmullrom"
            },
            "1.1667": [0, 0, 0]
          }
        },
        "ear_right": {
          "rotation": {
            "0.0": [0, 0, 0],
            "0.0833": [1, 0, 0],
            "0.2083": {
              "pre": [6.5, 0, 0],
              "post": [6.5, 0, 0],
              "lerp_mode": "catmullrom"
            },
            "0.2917": {
              "post": [6, 0, 0],
              "lerp_mode": "catmullrom"
            },
            "0.4583": [2.8, 0, 0],
            "0.5833": {
              "pre": [-0.3, 0, 0],
              "post": [-0.3, 0, 0],
              "lerp_mode": "catmullrom"
            },
            "0.7083": {
              "post": [1.1, 0, 0],
              "lerp_mode": "catmullrom"
            },
            "0.7917": {
              "post": [4, 0, 0],
              "lerp_mode": "catmullrom"
            },
            "0.8333": {
              "post": [4.6, 0, 0],
              "lerp_mode": "catmullrom"
            },
            "0.9167": {
              "post": [3.2, 0, 0],
              "lerp_mode": "catmullrom"
            },
            "1.0": {
              "post": [-3, 0, 0],
              "lerp_mode": "catmullrom"
            },
            "1.1667": [0, 0, 0]
          }
        },
        "pupil_left": {
          "position": {
            "0.0": [0, 0, 0],
            "0.25": {
              "pre": [0, -0.1, 0],
              "post": [0, -0.1, 0],
              "lerp_mode": "catmullrom"
            },
            "0.625": {
              "post": [0, 0, 0],
              "lerp_mode": "catmullrom"
            },
            "0.7917": {
              "post": [0, -0.1, 0],
              "lerp_mode": "catmullrom"
            },
            "0.9167": [0, 0, 0]
          }
        },
        "pupil_right": {
          "position": {
            "0.0": [0, 0, 0],
            "0.25": {
              "pre": [0, -0.1, 0],
              "post": [0, -0.1, 0],
              "lerp_mode": "catmullrom"
            },
            "0.625": {
              "post": [0, 0, 0],
              "lerp_mode": "catmullrom"
            },
            "0.7917": {
              "post": [0, -0.1, 0],
              "lerp_mode": "catmullrom"
            },
            "0.9167": [0, 0, 0]
          }
        },
        "lip_top": {
          "rotation": {
            "0.0": [0, 0, 0],
            "0.0417": [-1.5, 0, 0],
            "0.125": [-9.5, 0, 0],
            "0.2083": [-12.5, 0, 0],
            "0.2917": [-11.9, 0, 0],
            "0.4167": [-9.5, 0, 0],
            "0.5417": {
              "pre": [-4.5, 0, 0],
              "post": [-4.5, 0, 0],
              "lerp_mode": "catmullrom"
            },
            "0.625": {
              "post": [-2.7, 0, 0],
              "lerp_mode": "catmullrom"
            },
            "0.7083": {
              "post": [-6, 0, 0],
              "lerp_mode": "catmullrom"
            },
            "0.8333": {
              "post": [-7.8, 0, 0],
              "lerp_mode": "catmullrom"
            },
            "0.9167": {
              "post": [-5.8, 0, 0],
              "lerp_mode": "catmullrom"
            },
            "1.0": {
              "post": [-1.3, 0, 0],
              "lerp_mode": "catmullrom"
            },
            "1.1667": [0, 0, 0]
          }
        },
        "lip_bottom": {
          "rotation": {
            "0.0": [0, 0, 0],
            "0.125": {
              "pre": [7, 0, 0],
              "post": [7, 0, 0],
              "lerp_mode": "catmullrom"
            },
            "0.25": {
              "post": [9.5, 0, 0],
              "lerp_mode": "catmullrom"
            },
            "0.375": [8.1, 0, 0],
            "0.5": {
              "pre": [4.5, 0, 0],
              "post": [4.5, 0, 0],
              "lerp_mode": "catmullrom"
            },
            "0.625": {
              "post": [2, 0, 0],
              "lerp_mode": "catmullrom"
            },
            "0.75": [5.6, 0, 0],
            "0.8333": [7, 0, 0],
            "0.9167": [5.3, 0, 0],
            "1.0": [0, 0, 0]
          },
          "position": {
            "0.0": [0, 0, 0],
            "0.125": [0, -0.15, 0],
            "0.375": [0, -0.15, 0],
            "0.625": {
              "pre": [0, 0, 0],
              "post": [0, 0, 0],
              "lerp_mode": "catmullrom"
            },
            "0.8333": {
              "post": [0, -0.15, 0],
              "lerp_mode": "catmullrom"
            },
            "1.0833": [0, 0, 0]
          }
        },
        "arm_left": {
          "rotation": {
            "0.0": [0, 0, 0],
            "0.0833": [0, 0, 9.25],
            "0.1667": [0, 0, 12.5],
            "0.3333": [0, 0, 9.29],
            "0.4583": [0, 0, 4],
            "0.6667": {
              "pre": [0, 0, 2.5],
              "post": [0, 0, 2.5],
              "lerp_mode": "catmullrom"
            },
            "0.8333": {
              "post": [0, 0, 12.5],
              "lerp_mode": "catmullrom"
            },
            "0.9583": [0, 0, 5],
            "1.0833": [0, 0, 0]
          }
        },
        "elbow_left": {
          "rotation": {
            "0.0": [0, 0, 0],
            "0.125": [0, 0, 4.125],
            "0.2083": [0, 0, 6.25],
            "0.4167": [0, 0, 4.135],
            "0.5417": [0, 0, 2],
            "0.75": {
              "pre": [0, 0, 1.25],
              "post": [0, 0, 1.25],
              "lerp_mode": "catmullrom"
            },
            "0.9167": {
              "post": [0, 0, 0.75],
              "lerp_mode": "catmullrom"
            },
            "1.0417": [0, 0, 2.5],
            "1.1667": [0, 0, 0]
          }
        },
        "arm_right": {
          "rotation": {
            "0.0": [0, 0, 0],
            "0.0833": [0, 0, -9.25],
            "0.1667": [0, 0, -12.5],
            "0.3333": [0, 0, -9.29],
            "0.4583": [0, 0, -4],
            "0.6667": {
              "pre": [0, 0, -2.5],
              "post": [0, 0, -2.5],
              "lerp_mode": "catmullrom"
            },
            "0.8333": {
              "post": [0, 0, -12.5],
              "lerp_mode": "catmullrom"
            },
            "0.9583": [0, 0, -5],
            "1.0833": [0, 0, 0]
          }
        },
        "elbow_right": {
          "rotation": {
            "0.0": [0, 0, 0],
            "0.125": [0, 0, -4.125],
            "0.2083": [0, 0, -6.25],
            "0.4167": [0, 0, -4.135],
            "0.5417": [0, 0, -2],
            "0.75": {
              "pre": [0, 0, -1.25],
              "post": [0, 0, -1.25],
              "lerp_mode": "catmullrom"
            },
            "0.9167": {
              "post": [0, 0, -0.75],
              "lerp_mode": "catmullrom"
            },
            "1.0417": [0, 0, -2.5],
            "1.1667": [0, 0, 0]
          }
        }
      },
      "sound_effects": {
        "0.0417": {
          "effect": "gothortia_cry"
        }
      }
    }
  }
}
