{
  "format_version": "1.8.0",
  "animations": {
    "animation.moltres2.ground_idle": {
      "loop": true,
      "bones": {
        "body": {
          "position": [0, -0.1, 0]
        },
        "torso": {
          "rotation": [-15, 0, 0]
        },
        "neck": {
          "rotation": [30, 0, 0]
        },
        "head": {
          "rotation": [-10, 0, 0]
        },
        "hair4": {
          "rotation": [-20, 0, 0]
        },
        "leg_left": {
          "rotation": [1.94714, -14.21826, -7.70881],
          "position": [-3, 0, 0]
        },
        "foot_left": {
          "rotation": [0, 0, 7.5]
        },
        "hair3": {
          "rotation": [-10, 0, 0]
        },
        "hair5": {
          "rotation": [15, 0, 0]
        },
        "hair6": {
          "rotation": [15, 0, 0]
        },
        "upper_torso": {
          "rotation": [-10, 0, 0]
        },
        "wing_open_right": {
          "scale": 0
        },
        "tail": {
          "rotation": [-10, 0, 0]
        },
        "leg_right": {
          "rotation": [2.56834, 13.90237, 10.26538],
          "position": [2, 0, 0]
        },
        "foot_right": {
          "rotation": [0, 0, -10]
        },
        "wing_right": {
          "rotation": [7.5, 60, -62.5],
          "position": [-1, 0, -2]
        },
        "wing_right2": {
          "rotation": [0, -152.5, 0],
          "position": [1, -0.01, 4]
        },
        "wing_right3": {
          "rotation": [0, 60, 0],
          "position": [1, 0.1, -2]
        },
        "jaw": {
          "rotation": [-2.5, 0, 0]
        },
        "bone": {
          "rotation": [0, 47.5, 0],
          "position": [0, -0.01, 0]
        },
        "wing_left": {
          "rotation": [7.5, -60, 62.5],
          "position": [1, 0, -2]
        },
        "wing_left2": {
          "rotation": [0, 152.5, 0],
          "position": [-1, -0.01, 4]
        },
        "wing_left3": {
          "rotation": [0, -60, 0],
          "position": [-1, 0.1, -2]
        },
        "bone2": {
          "rotation": [0, -47.5, 0],
          "position": [0, -0.01, 0]
        }
      }
    },
    "animation.moltres2.ground_walk": {
      "loop": true,
      "bones": {
        "torso": {
          "rotation": [
            "-15+math.sin(q.anim_time*90*6+0+180)*2",
            "0+math.sin(q.anim_time*90*3-60+180)*2.5",
            "0+math.sin(q.anim_time*90*3+0)*2.5"
          ]
        },
        "tail_left": {
          "rotation": [
            "2.5+math.sin(q.anim_time*90*6-25+180)*2",
            "math.sin(q.anim_time*90*3-20+180)*0.75",
            0
          ]
        },
        "tail_left2": {
          "rotation": [
            "2.5+math.sin(q.anim_time*90*6-50+180)*3",
            "math.sin(q.anim_time*90*3-40+180)*1",
            0
          ]
        },
        "tail_right": {
          "rotation": [
            "2.5+math.sin(q.anim_time*90*6-25+180)*2",
            "math.sin(q.anim_time*90*3-20+180)*0.75",
            0
          ]
        },
        "tail_right2": {
          "rotation": [
            "2.5+math.sin(q.anim_time*90*6-50+180)*3",
            "math.sin(q.anim_time*90*3-40+180)*1",
            0
          ]
        },
        "hair": {
          "rotation": ["0+math.sin(q.anim_time*90*6-95+180)*3", 0, 0]
        },
        "hair_left": {
          "rotation": ["0+math.sin(q.anim_time*90*6-90+180)*4", 0, 0]
        },
        "hair_right": {
          "rotation": ["0+math.sin(q.anim_time*90*6-90+180)*4", 0, 0]
        },
        "hair_left2": {
          "rotation": ["0+math.sin(q.anim_time*90*6-85+180)*3", 0, 0]
        },
        "hair_right2": {
          "rotation": ["0+math.sin(q.anim_time*90*6-85+180)*3", 0, 0]
        },
        "wing_closed_left": {
          "rotation": [-15.01365, 2.41476, -0.64743]
        },
        "wing_closed_left2": {
          "rotation": [27.58957, -4.43385, -2.31336]
        },
        "wing_closed_left3": {
          "rotation": [17.64168, -7.15102, -2.26708]
        },
        "wing_closed_right": {
          "rotation": [-15.01365, -2.41476, 0.64743]
        },
        "wing_closed_right2": {
          "rotation": [27.58957, 4.43385, 2.31336]
        },
        "wing_closed_right3": {
          "rotation": [17.64168, 7.15102, 2.26708]
        },
        "wing_open_right": {
          "scale": 0
        },
        "wing_open_left": {
          "scale": 0
        },
        "body": {
          "position": [
            0,
            "0+math.clamp(math.sin(query.anim_time*90*6*-1-30)*1,-0,1)+math.clamp(math.sin(query.anim_time*90*6*-1-30)*1,-0.9,0)",
            0
          ]
        },
        "neck": {
          "rotation": [-7.5, 0, 0]
        },
        "head": {
          "rotation": [
            "20+math.sin(q.anim_time*90*6-40)*3",
            0,
            "0+math.sin(q.anim_time*90*3-50)*0.25"
          ]
        },
        "leg_left": {
          "rotation": [
            "0+math.clamp(math.sin(query.anim_time*90*3*-1-50)*17.5,-17.5,0)+math.clamp(math.sin(query.anim_time*90*3*-1-50)*22.5,-0,20)",
            0,
            0
          ],
          "position": [
            -1,
            "0+math.clamp(math.sin(query.anim_time*90*3*-1-60)*1,0.3,1)",
            "math.sin(q.anim_time*90*3-80)*2"
          ]
        },
        "leg_left2": {
          "rotation": [
            "0+math.clamp(math.sin(query.anim_time*90*3*-1-150)*35.5,-32.5,0)+math.clamp(math.sin(query.anim_time*90*3*-1-150)*17.5,-0,15)",
            0,
            0
          ]
        },
        "foot_left": {
          "rotation": [
            "-7.5+math.clamp(math.sin(query.anim_time*90*3*-1-175)*7.5,-7.5,0)+math.clamp(math.sin(query.anim_time*90*3*-1-175)*22.5,-0,20)",
            0,
            0
          ]
        },
        "toe_middle_left": {
          "rotation": [
            "0+math.clamp(math.sin(query.anim_time*90*3*-1-300)*29.5,-27,0)+math.clamp(math.sin(query.anim_time*90*3*-1-300)*30,-0,27.5)",
            0,
            0
          ]
        },
        "claw_middle_left": {
          "rotation": [
            "0+math.clamp(math.sin(query.anim_time*90*3*-1-330)*15,-0,12.5)",
            0,
            0
          ]
        },
        "toe_back_left": {
          "rotation": [
            "0+math.clamp(math.sin(query.anim_time*90*3*-1-300)*27.5,-0,25)+math.clamp(math.sin(query.anim_time*90*3*-1-300)*22.5,-20,0)",
            0,
            0
          ]
        },
        "claw_back_left": {
          "rotation": [
            "0+math.clamp(math.sin(query.anim_time*90*3*-1-330)*15,-12.5,0)",
            0,
            0
          ]
        },
        "toe_outer_left": {
          "rotation": [
            "-1.5203+math.clamp(math.sin(query.anim_time*90*3*-1-300)*29.5,-27,0)+math.clamp(math.sin(query.anim_time*90*3*-1-300)*30,-0,27.5)",
            -7.13182,
            4.77156
          ]
        },
        "claw_outer_left": {
          "rotation": [
            "0+math.clamp(math.sin(query.anim_time*90*3*-1-330)*15,-0,12.5)",
            0,
            0
          ]
        },
        "toe_inner_left": {
          "rotation": [
            "-1.5203+math.clamp(math.sin(query.anim_time*90*3*-1-300)*29.5,-27,0)+math.clamp(math.sin(query.anim_time*90*3*-1-300)*30,-0,27.5)",
            7.13182,
            -4.77156
          ]
        },
        "claw_inner_left": {
          "rotation": [
            "0+math.clamp(math.sin(query.anim_time*90*3*-1-330)*15,-0,12.5)",
            0,
            0
          ]
        },
        "leg_right": {
          "rotation": [
            "0+math.clamp(math.sin(query.anim_time*90*3*-1-50+180)*17.5,-17.5,0)+math.clamp(math.sin(query.anim_time*90*3*-1-50+180)*22.5,-0,20)",
            0,
            0
          ],
          "position": [
            1,
            "0+math.clamp(math.sin(query.anim_time*90*3*-1-60+180)*1,0.3,1)",
            "-math.sin(q.anim_time*90*3-80)*2"
          ]
        },
        "leg_right2": {
          "rotation": [
            "0+math.clamp(math.sin(query.anim_time*90*3*-1-150+180)*35.5,-32.5,0)+math.clamp(math.sin(query.anim_time*90*3*-1-150+180)*17.5,-0,15)",
            0,
            0
          ]
        },
        "foot_right": {
          "rotation": [
            "-7.5+math.clamp(math.sin(query.anim_time*90*3*-1-175+180)*7.5,-7.5,0)+math.clamp(math.sin(query.anim_time*90*3*-1-175+180)*22.5,-0,20)",
            0,
            0
          ]
        },
        "toe_middle_right": {
          "rotation": [
            "0+math.clamp(math.sin(query.anim_time*90*3*-1-300+180)*29.5,-27,0)+math.clamp(math.sin(query.anim_time*90*3*-1-300+180)*30,-0,27.5)",
            0,
            0
          ]
        },
        "claw_middle_right": {
          "rotation": [
            "0+math.clamp(math.sin(query.anim_time*90*3*-1-330+180)*15,-0,12.5)",
            0,
            0
          ]
        },
        "toe_back_right": {
          "rotation": [
            "0+math.clamp(math.sin(query.anim_time*90*3*-1-300+180)*27.5,-0,25)+math.clamp(math.sin(query.anim_time*90*3*-1-300+180)*22.5,-20,0)",
            0,
            0
          ]
        },
        "claw_back_right": {
          "rotation": [
            "0+math.clamp(math.sin(query.anim_time*90*3*-1-330+180)*15,-12.5,0)",
            0,
            0
          ]
        },
        "toe_inner_right": {
          "rotation": [
            "-1.3208+math.clamp(math.sin(query.anim_time*90*3*-1-300+180)*29.5,-27,0)+math.clamp(math.sin(query.anim_time*90*3*-1-300+180)*30,-0,27.5)",
            -2.79056,
            4.67594
          ]
        },
        "claw_inner_right": {
          "rotation": [
            "0+math.clamp(math.sin(query.anim_time*90*3*-1-330+180)*15,-0,12.5)",
            0,
            0
          ]
        },
        "toe_outer_right": {
          "rotation": [
            "-1.3208+math.clamp(math.sin(query.anim_time*90*3*-1-300+180)*29.5,-27,0)+math.clamp(math.sin(query.anim_time*90*3*-1-300+180)*30,-0,27.5)",
            2.79056,
            -4.67594
          ]
        },
        "claw_outer_right": {
          "rotation": [
            "0+math.clamp(math.sin(query.anim_time*90*3*-1-330+180)*15,-0,12.5)",
            0,
            0
          ]
        },
        "wing_right": {
          "rotation": [7.5, 60, -62.5],
          "position": [-1, 0, -2]
        },
        "wing_right2": {
          "rotation": [0, -152.5, 0],
          "position": [1, -0.01, 4]
        },
        "wing_right3": {
          "rotation": [0, 60, 0],
          "position": [1, 0.1, -2]
        },
        "jaw": {
          "rotation": [-2.5, 0, 0]
        },
        "bone": {
          "rotation": [0, 47.5, 0],
          "position": [0, -0.01, 0]
        },
        "wing_left": {
          "rotation": [7.5, -60, 62.5],
          "position": [1, 0, -2]
        },
        "wing_left2": {
          "rotation": [0, 152.5, 0],
          "position": [-1, -0.01, 4]
        },
        "wing_left3": {
          "rotation": [0, -60, 0],
          "position": [-1, 0.1, -2]
        },
        "bone2": {
          "rotation": [0, -47.5, 0],
          "position": [0, -0.01, 0]
        }
      }
    },
    "animation.moltres2.air_idle": {
      "loop": true,
      "bones": {
        "body": {
          "rotation": ["-10+math.sin(q.anim_time*90*3-60)*-1", 0, 0],
          "position": [
            0,
            "math.sin(q.anim_time*90*3-30)*-2",
            "math.sin(q.anim_time*90*3-30)*-0.5"
          ]
        },
        "torso": {
          "rotation": ["-15+math.sin(q.anim_time*90*3-60)*-3", 0, 0]
        },
        "wing_closed_left": {
          "rotation": [-93.47882, -7.48957, -87.29442],
          "position": [0, -1, 6],
          "scale": 0
        },
        "wing_closed_left2": {
          "rotation": [5.08957, -4.43385, -2.31336]
        },
        "wing_closed_left3": {
          "rotation": [0.14168, -7.15102, -2.26708]
        },
        "tail_left": {
          "rotation": [8.0352, -0.67621, 4.9829]
        },
        "tail_right": {
          "rotation": [8.27991, 1.031, -7.46967]
        },
        "tail_left2": {
          "rotation": [12.64619, -1.47498, 22.81474]
        },
        "tail_right2": {
          "rotation": [12.64619, 1.47498, -22.81474]
        },
        "neck": {
          "rotation": ["30+math.sin(q.anim_time*90*3-70)*-5", 0, 0]
        },
        "head": {
          "rotation": ["-5+math.sin(q.anim_time*90*3-70)*10", 0, 0]
        },
        "hair4": {
          "rotation": ["5+math.sin(q.anim_time*90*3-150)*25", 0, 0]
        },
        "leg_left": {
          "rotation": ["math.sin(q.anim_time*90*3-90)*-2.5", 0, 0]
        },
        "foot_left": {
          "rotation": ["15+math.sin(q.anim_time*90*3-150)*5", 0, 7.5]
        },
        "hair2": {
          "rotation": ["math.sin(q.anim_time*90*3-90)*1", 0, 0]
        },
        "hair3": {
          "rotation": ["math.sin(q.anim_time*90*3-90)*5+4", 0, 0]
        },
        "hair5": {
          "rotation": ["math.sin(q.anim_time*90*3-210)*20-20", 0, 0]
        },
        "hair6": {
          "rotation": ["math.sin(q.anim_time*90*3-300)*50+2.5", 0, 0]
        },
        "leg_left2": {
          "rotation": ["-15+math.sin(q.anim_time*90*3-120)*15", 0, 0]
        },
        "toe_back_left": {
          "rotation": [-60, 0, 0]
        },
        "claw_back_left": {
          "rotation": [-23.06545, -0.03421, -1.5838]
        },
        "toe_inner_left": {
          "rotation": [37.5, 0, 0]
        },
        "claw_inner_left": {
          "rotation": [25, 0, 0]
        },
        "toe_middle_left": {
          "rotation": [35, 0, 0]
        },
        "claw_middle_left": {
          "rotation": [20, 0, 0]
        },
        "toe_outer_left": {
          "rotation": [55, 0, 0]
        },
        "claw_outer_left": {
          "rotation": [20, 0, 0]
        },
        "wing_open_right4": {
          "rotation": [0, 0, "math.sin(q.anim_time*90*3-140)*40"]
        },
        "wing_open_left4": {
          "rotation": [0, 0, "-(math.sin(q.anim_time*90*3-140)*40)"]
        },
        "wing_closed_right": {
          "rotation": [-93.47882, 7.48957, 87.29442],
          "position": [0, -1, 6],
          "scale": 0
        },
        "wing_closed_right2": {
          "rotation": [5.08957, 4.43385, 2.31336]
        },
        "wing_closed_right3": {
          "rotation": [0.14168, 7.15102, 2.26708]
        },
        "wing_open_right": {
          "rotation": [-10, -5, "-5-math.sin(q.anim_time*90*3)*-60"],
          "position": [0, "math.sin(q.anim_time*90*3)*-0.5", 0]
        },
        "wing_open_right2": {
          "rotation": [
            0.30239,
            -7.019,
            "-7.218-math.sin(q.anim_time*90*3-70)*-40"
          ],
          "position": [1, 0, 0]
        },
        "wing_open_right3": {
          "rotation": [0, 0, "(math.sin(q.anim_time*90*3-120)*30)"]
        },
        "tail": {
          "rotation": ["-10+math.sin(q.anim_time*90*3)*10", 0, 0]
        },
        "jaw": {
          "rotation": [-2.5, 0, 0]
        },
        "leg_right": {
          "rotation": ["math.sin(q.anim_time*90*3-90)*-17.5", 0, 0]
        },
        "leg_right2": {
          "rotation": ["-15+math.sin(q.anim_time*90*3-120)*15", 0, 0]
        },
        "foot_right": {
          "rotation": ["15+math.sin(q.anim_time*90*3-150)*5", 0, -7.5]
        },
        "toe_middle_right": {
          "rotation": [35, 0, 0]
        },
        "claw_middle_right": {
          "rotation": [20, 0, 0]
        },
        "toe_back_right": {
          "rotation": [-60, 0, 0]
        },
        "claw_back_right": {
          "rotation": [-23.06545, 0.03421, 1.5838]
        },
        "toe_inner_right": {
          "rotation": [37.5, 0, 0]
        },
        "claw_inner_right": {
          "rotation": [25, 0, 0]
        },
        "toe_outer_right": {
          "rotation": [55, 0, 0]
        },
        "claw_outer_right": {
          "rotation": [20, 0, 0]
        },
        "tail4": {
          "rotation": ["-10+math.sin(q.anim_time*90*3)*10", 0, 0]
        },
        "bone3": {
          "rotation": [-27.5, 0, 0]
        },
        "bone4": {
          "rotation": [55, 0, 0]
        },
        "bone5": {
          "rotation": [-40, 0, 0]
        },
        "wing_right": {
          "rotation": [-10, -5, "-5-math.sin(q.anim_time*90*3)*-60"],
          "position": [0, "math.sin(q.anim_time*90*3)*-0.5", 0]
        },
        "wing_right2": {
          "rotation": [
            0.30239,
            -7.019,
            "-7.218-math.sin(q.anim_time*90*3-70)*-40"
          ],
          "position": [1, 0, 0]
        },
        "wing_right3": {
          "rotation": [0, 0, "(math.sin(q.anim_time*90*3-120)*30)"]
        },
        "wing_left": {
          "rotation": [-10, 5, "5+math.sin(q.anim_time*90*3)*-60"],
          "position": [0, "math.sin(q.anim_time*90*3)*-0.5", 0]
        },
        "wing_left2": {
          "rotation": [
            0.30239,
            7.01899,
            "7.218+math.sin(q.anim_time*90*3-70)*-40"
          ]
        },
        "wing_left3": {
          "rotation": [0, 0, "-(math.sin(q.anim_time*90*3-120)*30)"]
        }
      }
    },
    "animation.moltres2.air_fly": {
      "loop": true,
      "animation_length": 5.2917,
      "bones": {
        "torso": {
          "rotation": {
            "0.0": ["-15+math.sin(q.anim_time*90*3-60)*-3", 0, 0],
            "2.0": [-15, 0, 0],
            "4.0": [-15, 0, 0],
            "5.2917": ["-15+math.sin(q.anim_time*90*3-60)*-3", 0, 0]
          }
        },
        "toe_outer_right2": {
          "rotation": [60, 0, 0]
        },
        "toe_middle_right2": {
          "rotation": [60, 0, 0]
        },
        "toe_inner_right2": {
          "rotation": [60, 0, 0]
        },
        "toe_inner_left2": {
          "rotation": [60, 0, 0]
        },
        "toe_middle_left2": {
          "rotation": [60, 0, 0]
        },
        "toe_outer_left2": {
          "rotation": [60, 0, 0]
        },
        "wing_closed_left": {
          "scale": [1, 0, 0]
        },
        "wing_closed_right": {
          "scale": 0
        },
        "wing_open_right": {
          "rotation": {
            "0.0": [-10, -5, "-5+math.sin(q.anim_time*90*3)*60"],
            "2.0": [-10.55954, -3.65972, 2.40059],
            "4.0": [-10.55954, -3.65972, 2.40059],
            "5.2917": [-10, -5, "-5+math.sin(q.anim_time*90*3)*60"]
          },
          "position": {
            "0.0": [0, "math.sin(q.anim_time*90*3)*-0.5", 0],
            "2.0": [0, 0, 0],
            "4.0": [0, 0, 0],
            "5.2917": [0, "math.sin(q.anim_time*90*3)*-0.5", 0]
          }
        },
        "wing_open_right2": {
          "rotation": {
            "0.0": [
              0.3024,
              -7.01899,
              "-7.218+math.sin(q.anim_time*90*3-70)*40"
            ],
            "2.0": [-0.62346, -6.9988, 0.33845],
            "4.0": [-0.62346, -6.9988, 0.33845],
            "5.2917": [
              0.3024,
              -7.01899,
              "-7.218+math.sin(q.anim_time*90*3-70)*40"
            ]
          }
        },
        "wing_open_right3": {
          "rotation": {
            "0.0": [0, 0, "math.sin(q.anim_time*90*3-120)*30"],
            "2.0": [0, 30, 0],
            "2.0417": ["0-Math.cos((query.anim_time - 0.5) * 720) * 2", 30, 0],
            "4.0": [0, 30, 0],
            "5.2917": [0, 0, "math.sin(q.anim_time*90*3-120)*30"]
          }
        },
        "wing_open_right4": {
          "rotation": {
            "0.0": [0, 0, "math.sin(q.anim_time*90*3-140)*40"],
            "2.0": [0, 0, 0],
            "2.0417": ["0-Math.cos((query.anim_time - 0.5) * 720) * 2", 0, 0],
            "4.0": [0, 0, 0],
            "5.2917": [0, 0, "math.sin(q.anim_time*90*3-140)*40"]
          }
        },
        "wing_open_left": {
          "rotation": {
            "0.0": [-10, 5, "5+math.sin(q.anim_time*90*3)*-60"],
            "2.0": [-10.55954, 3.65972, -2.40057],
            "4.0": [-10.55954, 3.65972, -2.40057],
            "5.2917": [-10, 5, "5+math.sin(q.anim_time*90*3)*-60"]
          },
          "position": {
            "0.0": [0, "math.sin(q.anim_time*90*3)*-0.5", 0],
            "2.0": [0, 0, 0],
            "4.0": [0, 0, 0],
            "5.2917": [0, "math.sin(q.anim_time*90*3)*-0.5", 0]
          }
        },
        "wing_open_left2": {
          "rotation": {
            "0.0": [
              0.30239,
              7.01899,
              "7.218+math.sin(q.anim_time*90*3-70)*-40"
            ],
            "2.0": [-0.62095, 6.9981, -0.3385],
            "4.0": [-0.62095, 6.9981, -0.3385],
            "5.2917": [
              0.30239,
              7.01899,
              "7.218+math.sin(q.anim_time*90*3-70)*-40"
            ]
          }
        },
        "wing_open_left3": {
          "rotation": {
            "0.0": [0, 0, "-(math.sin(q.anim_time*90*3-120)*30)"],
            "2.0": [0, -30, 0],
            "2.0417": ["0-Math.cos((query.anim_time - 0.5) * 720) * 2", -30, 0],
            "4.0": [0, -30, 0],
            "5.2917": [0, 0, "-(math.sin(q.anim_time*90*3-120)*30)"]
          }
        },
        "wing_open_left4": {
          "rotation": {
            "0.0": [0, 0, "-(math.sin(q.anim_time*90*3-140)*40)"],
            "2.0": [0, 0, 0],
            "2.0417": ["0-Math.cos((query.anim_time - 0.5) * 720) * 2", 0, 0],
            "4.0": [0, 0, 0],
            "5.2917": [0, 0, "-(math.sin(q.anim_time*90*3-140)*40)"]
          }
        },
        "hair3": {
          "rotation": ["0-Math.cos((query.anim_time - 0.2) * 720) * 2", 0, 0]
        },
        "hair4": {
          "rotation": ["0-Math.cos((query.anim_time - 0.5) * 720) * 2", 0, 0]
        },
        "hair5": {
          "rotation": ["0-Math.cos((query.anim_time - 0.8) * 720) * 2", 0, 0]
        },
        "hair6": {
          "rotation": ["0-Math.cos((query.anim_time - 0.5) * 720) * 2", 0, 0]
        },
        "bone7": {
          "rotation": ["0-Math.cos((query.anim_time - 0.5) * 720) * 2", 0, 0]
        },
        "bone8": {
          "rotation": ["0-Math.cos((query.anim_time - 0.5) * 720) * 2", 0, 0]
        },
        "bone10": {
          "rotation": ["0-Math.cos((query.anim_time - 0.5) * 720) * 2", 0, 0]
        },
        "bone9": {
          "rotation": ["0-Math.cos((query.anim_time - 0.5) * 720) * 2", 0, 0]
        },
        "body": {
          "rotation": {
            "0.0": ["77.5+math.sin(q.anim_time*90*3-60)*-1", 0, 0],
            "2.0": ["77.5-Math.cos((query.anim_time - 0.5) * 360) * 1", 0, 0],
            "4.0": ["77.5-Math.cos((query.anim_time - 0.5) * 360) * 1", 0, 0],
            "5.2917": ["77.5+math.sin(q.anim_time*90*3-60)*-1", 0, 0]
          },
          "position": {
            "0.0": [0, 0, 0],
            "5.2917": [0, 0, 0]
          }
        },
        "tail": {
          "rotation": [
            "-80.7223-Math.cos((query.anim_time - 0.5) * 720) * 2",
            0,
            0
          ],
          "position": [0, -4, 0]
        },
        "tail4": {
          "rotation": [
            "-90.7223-Math.cos((query.anim_time - 0.5) * 720) * 2",
            28.6912,
            24.3497
          ],
          "position": [-1, -4, -3]
        },
        "upper_torso": {
          "rotation": {
            "0.0": ["math.sin(q.anim_time*90*3-60)*-1", 0, 0],
            "2.0": ["-Math.cos((query.anim_time - 0.5) * 360) * 1", 0, 0],
            "4.0": ["0-Math.cos((query.anim_time - 0.5) * 360) * 1", 0, 0],
            "5.2917": ["0+math.sin(q.anim_time*90*3-60)*-1", 0, 0]
          },
          "position": {
            "0.0": [0, 0, 0],
            "5.2917": [0, 0, 0]
          }
        },
        "neck": {
          "rotation": [0.5, 0, 0],
          "position": [0, 0, 0]
        },
        "head": {
          "rotation": [-77.5, 0, 0],
          "position": [0, 2, -3]
        },
        "bone3": {
          "rotation": ["0-Math.cos((query.anim_time - 0.2) * 720) * 2", 0, 0]
        },
        "bone4": {
          "rotation": ["0-Math.cos((query.anim_time - 0.5) * 720) * 2", 0, 0]
        },
        "bone5": {
          "rotation": ["0-Math.cos((query.anim_time - 0.8) * 720) * 2", 0, 0]
        },
        "leg_left": {
          "rotation": [-42.34892, -9.84655, -1.75378],
          "position": [0, 1, 0.25]
        },
        "leg_left2": {
          "rotation": {
            "0.0": ["-15+math.sin(q.anim_time*90*3-120)*15", 0, 0],
            "2.0": [-15, 0, 0],
            "4.0": [-15, 0, 0],
            "5.2917": ["-15+math.sin(q.anim_time*90*3-120)*15", 0, 0]
          }
        },
        "foot_left": {
          "rotation": {
            "0.0": ["15+math.sin(q.anim_time*90*3-150)*5", 0, 7.5],
            "2.0": [15, 0, 7.5],
            "4.0": [15, 0, 7.5],
            "5.2917": ["15+math.sin(q.anim_time*90*3-150)*5", 0, 7.5]
          }
        },
        "toe_middle_left": {
          "rotation": [45, 0, 0]
        },
        "claw_middle_left": {
          "rotation": [45, 0, 0]
        },
        "toe_back_left": {
          "rotation": [-60, 0, 0]
        },
        "claw_back_left": {
          "rotation": [-45, 0, 0]
        },
        "toe_outer_left": {
          "rotation": [45, 0, 0]
        },
        "claw_outer_left": {
          "rotation": [45, 0, 0]
        },
        "toe_inner_left": {
          "rotation": [45, 0, 0]
        },
        "claw_inner_left": {
          "rotation": [45, 0, 0]
        },
        "leg_right": {
          "rotation": [-42.41547, 7.38542, 1.30962],
          "position": [0, 1, 0.25]
        },
        "leg_right2": {
          "rotation": {
            "0.0": ["-15+math.sin(q.anim_time*90*3-120)*15", 0, 0],
            "2.0": [-15, 0, 0],
            "4.0": [-15, 0, 0],
            "5.2917": ["-15+math.sin(q.anim_time*90*3-120)*15", 0, 0]
          }
        },
        "foot_right": {
          "rotation": {
            "0.0": ["15+math.sin(q.anim_time*90*3-150)*5", 0, -7.5],
            "2.0": [15, 0, -7.5],
            "4.0": [15, 0, -7.5],
            "5.2917": ["15+math.sin(q.anim_time*90*3-150)*5", 0, -7.5]
          }
        },
        "toe_middle_right": {
          "rotation": [45, 0, 0]
        },
        "claw_middle_right": {
          "rotation": [45, 0, 0]
        },
        "toe_back_right": {
          "rotation": [-60, 0, 0]
        },
        "claw_back_right": {
          "rotation": [-45, 0, 0]
        },
        "toe_inner_right": {
          "rotation": [45, 0, 0]
        },
        "claw_inner_right": {
          "rotation": [45, 0, 0]
        },
        "toe_outer_right": {
          "rotation": [45, 0, 0]
        },
        "claw_outer_right": {
          "rotation": [45, 0, 0]
        },
        "bone6": {
          "rotation": ["0-Math.cos((query.anim_time - 0.5) * 720) * 2", 0, 0]
        },
        "wing_right": {
          "rotation": {
            "0.0": [-90, "-5+math.sin(q.anim_time*90*3)*60", -5],
            "2.0": [-88.86956, -2.75886, 2.09224],
            "4.0": [-88.86956, -2.75886, 2.09224],
            "5.2917": [-90, "-5+math.sin(q.anim_time*90*3)*60", -5]
          },
          "position": {
            "0.0": [0, "math.sin(q.anim_time*90*3)*-0.5", 0],
            "2.0": [0, 0, 0],
            "4.0": [0, 0, 0],
            "5.2917": [0, "math.sin(q.anim_time*90*3)*-0.5", 0]
          }
        },
        "wing_right2": {
          "rotation": {
            "0.0": [
              0.30014,
              0.48091,
              "-7.1786+math.sin(q.anim_time*90*3-70)*40"
            ],
            "2.0": [-0.62346, -6.9988, 0.33845],
            "4.0": [-0.62346, -6.9988, 0.33845],
            "5.2917": [
              0.3024,
              -7.01899,
              "-7.218+math.sin(q.anim_time*90*3-70)*40"
            ]
          },
          "position": [0, 0, 0]
        },
        "wing_right3": {
          "rotation": {
            "0.0": [0, 0, "math.sin(q.anim_time*90*3-120)*30"],
            "2.0": [0, 30, 0],
            "2.0417": ["0-Math.cos((query.anim_time - 0.5) * 720) * 2", 30, 0],
            "4.0": [0, 30, 0],
            "5.2917": [0, 0, "math.sin(q.anim_time*90*3-120)*30"]
          },
          "position": [0, 0, 0]
        },
        "fire_right": {
          "rotation": ["0-Math.cos((query.anim_time - 0.5) * 720) * 2", 0, 0]
        },
        "fire_right2": {
          "rotation": ["0-Math.cos((query.anim_time - 0.5) * 720) * 2", 0, 0]
        },
        "jaw": {
          "rotation": [-2.5, 0, 0]
        },
        "wing_left": {
          "rotation": {
            "0.0": [-90, "5-math.sin(q.anim_time*90*3)*60", 5],
            "2.0": [-88.86956, 2.7589, -2.0922],
            "4.0": [-88.86956, 2.7589, -2.0922],
            "5.2917": [-90, "5-math.sin(q.anim_time*90*3)*60", 5]
          },
          "position": {
            "0.0": [0, "math.sin(q.anim_time*90*3)*-0.5", 0],
            "2.0": [0, 0, 0],
            "4.0": [0, 0, 0],
            "5.2917": [0, "math.sin(q.anim_time*90*3)*-0.5", 0]
          }
        },
        "wing_left2": {
          "rotation": {
            "0.0": [
              0.30014,
              -0.4809,
              "7.1786-math.sin(q.anim_time*90*3-70)*40"
            ],
            "2.0": [-0.62346, -6.9988, 0.33845],
            "4.0": [-0.62346, -6.9988, 0.33845],
            "5.2917": [0.3024, 7.019, "7.218-math.sin(q.anim_time*90*3-70)*40"]
          },
          "position": [0, 0, 0]
        },
        "wing_left3": {
          "rotation": {
            "0.0": [0, 0, "-math.sin(q.anim_time*90*3-120)*30"],
            "2.0": [0, -30, 0],
            "2.0417": ["0+Math.cos((query.anim_time - 0.5) * 720) * 2", -30, 0],
            "4.0": [0, -30, 0],
            "5.2917": [0, 0, "-math.sin(q.anim_time*90*3-120)*30"]
          },
          "position": [0, 0, 0]
        }
      }
    },
    "animation.moltres2.cry": {
      "animation_length": 1.08333,
      "bones": {
        "neck": {
          "rotation": {
            "0.0": {
              "post": [0, 0, 0],
              "lerp_mode": "catmullrom"
            },
            "0.2083": {
              "post": [-10, 0, 0],
              "lerp_mode": "catmullrom"
            },
            "0.5": {
              "post": [2.5, 0, 0],
              "lerp_mode": "catmullrom"
            },
            "0.625": {
              "post": [0, 0, 0],
              "lerp_mode": "catmullrom"
            },
            "0.8333": {
              "post": [0, 0, 0],
              "lerp_mode": "catmullrom"
            }
          },
          "position": {
            "0.0": {
              "post": [0, 0, 0],
              "lerp_mode": "catmullrom"
            },
            "0.8333": {
              "post": [0, 0, 0],
              "lerp_mode": "catmullrom"
            }
          }
        },
        "head": {
          "rotation": {
            "0.0": {
              "post": [0, 0, 0],
              "lerp_mode": "catmullrom"
            },
            "0.2083": {
              "post": [7.5, 0, 0],
              "lerp_mode": "catmullrom"
            },
            "0.5": {
              "post": [-2.94, 0, 0],
              "lerp_mode": "catmullrom"
            },
            "0.8333": {
              "post": [0, 0, 0],
              "lerp_mode": "catmullrom"
            }
          },
          "position": {
            "0.0": {
              "post": [0, 0, 0],
              "lerp_mode": "catmullrom"
            },
            "0.8333": {
              "post": [0, 0, 0],
              "lerp_mode": "catmullrom"
            }
          }
        },
        "jaw": {
          "rotation": {
            "0.0": {
              "post": [0, 0, 0],
              "lerp_mode": "catmullrom"
            },
            "0.2083": {
              "post": [45, 0, 0],
              "lerp_mode": "catmullrom"
            },
            "0.4167": {
              "post": [45, 0, 0],
              "lerp_mode": "catmullrom"
            },
            "0.5": {
              "post": [0, 0, 0],
              "lerp_mode": "catmullrom"
            },
            "0.5833": {
              "post": [47.5, 0, 0],
              "lerp_mode": "catmullrom"
            },
            "0.8333": {
              "post": [0, 0, 0],
              "lerp_mode": "catmullrom"
            }
          },
          "position": {
            "0.0": {
              "post": [0, 0, 0],
              "lerp_mode": "catmullrom"
            },
            "0.8333": {
              "post": [0, 0, 0],
              "lerp_mode": "catmullrom"
            }
          }
        }
      }
    },
    "animation.pidgeot.render": {
      "loop": true,
      "bones": {
        "torso": {
          "rotation": [-2.50954, -4.99523, 0.21865]
        },
        "wing_closed_left": {
          "scale": 0
        },
        "wing_closed_right": {
          "scale": 0
        },
        "wing_open_right": {
          "rotation": [-18.95891, -15.0949, 31.1894],
          "position": [4.5, -3, 2]
        },
        "wing_open_right2": {
          "rotation": [3.81397, -11.91276, 19.60193],
          "position": [2, 0, 1]
        },
        "wing_open_right3": {
          "rotation": [-2.56513, 2.04249, 1.67099]
        },
        "wing_open_right4": {
          "rotation": [0, 15, 0]
        },
        "wing_open_left": {
          "rotation": [-18.95891, 15.09492, -31.18939],
          "position": [-4.5, -1, 0]
        },
        "wing_open_left2": {
          "rotation": [3.28396, 12.06754, -22.15279],
          "position": [-3, 0, 0]
        },
        "wing_open_left3": {
          "rotation": [-2.56358, 0.45502, -1.78282]
        },
        "wing_open_left4": {
          "rotation": [0, -15, 0]
        },
        "tail_left2": {
          "rotation": [0, 15, 0]
        },
        "tail_right2": {
          "rotation": [0, -12.5, 0]
        },
        "hair3": {
          "rotation": [9.27698, 7.95531, -15.83156]
        },
        "hair4": {
          "rotation": [25.96295, 15.58394, -8.88636]
        },
        "hair5": {
          "rotation": [34.29013, -1.41595, -7.66007]
        },
        "hair6": {
          "rotation": [27.86082, -8.86042, -4.65468]
        },
        "wing_open_left_top2": {
          "rotation": [0, 7.5, -17.5],
          "position": [-1, 0, 0]
        },
        "wing_open_right_top": {
          "rotation": [0, -5, 7.5]
        },
        "wing_open_right_top2": {
          "rotation": [0, -7.5, 17.5],
          "position": [2, 0, 0]
        },
        "bone14": {
          "rotation": [27.5, 0, 0],
          "position": [0, -0.25, 0.5]
        },
        "bone15": {
          "rotation": [25, 0, 0],
          "position": [0, -0.25, 0.5]
        },
        "bone16": {
          "rotation": [35, 0, 0],
          "position": [0, 0.1, 0.5]
        },
        "bone17": {
          "rotation": [-47.5, 0, 0]
        },
        "wing_open_left_top": {
          "rotation": [0, 0, -7.5]
        },
        "body": {
          "rotation": [-42.5, 0, 0],
          "position": [0, 11, 0]
        },
        "wing_right": {
          "rotation": [-80, 0, 0]
        },
        "wing_right2": {
          "rotation": [0, 0, -37.5]
        },
        "wing_right3": {
          "rotation": [0, 0, -32.5]
        },
        "neck": {
          "rotation": [49.8924, 3.82821, -3.21873],
          "position": [0, -3, -1]
        },
        "head": {
          "rotation": [-14.96258, 4.92385, 0.87038],
          "position": [0, 0, 1]
        },
        "jaw": {
          "rotation": [65, 0, 0]
        },
        "leg_left": {
          "rotation": [20, 0, -17.5]
        },
        "leg_left2": {
          "rotation": [-21.54514, 9.06524, 12.0012]
        },
        "foot_left": {
          "rotation": [-7.41193, -14.98539, -0.66963]
        },
        "toe_middle_left": {
          "rotation": [32.5, 0, 0]
        },
        "claw_middle_left": {
          "rotation": [22.5, 0, 0],
          "position": [0, 0, 0.5]
        },
        "toe_back_left": {
          "rotation": [-35, 0, 0]
        },
        "claw_back_left": {
          "rotation": [-35, 0, 0]
        },
        "toe_outer_left": {
          "rotation": [27.5, -20, 0]
        },
        "claw_outer_left": {
          "rotation": [47.5, 0, 0],
          "position": [0, 0, 0.5]
        },
        "toe_inner_left": {
          "rotation": [42.5, 22.5, 0]
        },
        "claw_inner_left": {
          "rotation": [33.88502, -0.71144, 1.94739],
          "position": [0, 0, 0.5]
        },
        "leg_right": {
          "rotation": [-10.17583, -1.61888, 12.39638]
        },
        "leg_right2": {
          "rotation": [-27.24682, 17.04679, -14.9092]
        },
        "foot_right": {
          "rotation": [18.85088, 8.57499, -3.70573]
        },
        "toe_middle_right": {
          "rotation": [15, 0, 0]
        },
        "claw_middle_right": {
          "rotation": [30, 0, 0],
          "position": [0, 0, 0.5]
        },
        "toe_back_right": {
          "rotation": [-42.5, 0, 0]
        },
        "claw_back_right": {
          "rotation": [-47.5, 0, 0],
          "position": [0, 0.5, -0.5]
        },
        "toe_inner_right": {
          "rotation": [35, -15, 0]
        },
        "claw_inner_right": {
          "rotation": [22.5, 0, 0],
          "position": [0, 0, 0.5]
        },
        "toe_outer_right": {
          "rotation": [30.39441, 10.95195, 6.6922]
        },
        "claw_outer_right": {
          "rotation": [57.5, 0, 0],
          "position": [0, 0.5, 0.5]
        }
      }
    }
  }
}
