{
	"format_version": "1.8.0",
	"animations": {
		"animation.bruxish.ground_idle": {
			"loop": true,
			"bones": {
				"body": {
					"rotation": [5, 0, 0],
					"position": [0, 3, 0]
				},
				"fin_top": {
					"rotation": [-2.5, 0, 0]
				},
				"tail2": {
					"rotation": [-2.5, 0, 0]
				},
				"tail_end": {
					"rotation": [-7.5, 0, 0]
				},
				"flower_open": {
					"scale": 0
				},
				"fin_left": {
					"rotation": [-10, 10, 0]
				},
				"fin_right": {
					"rotation": [-10, -10, 0]
				},
				"flower": {
					"rotation": [-2.5, 0, 0]
				},
				"flower2": {
					"rotation": [-7.5, 0, 0]
				},
				"eyelash_left": {
					"rotation": [0, 0, 0]
				},
				"teeth_bottom_open": {
					"scale": 0
				},
				"teeth_top_open": {
					"scale": 0
				},
				"eyelash_right": {
					"rotation": [0, 0, 0]
				},
				"eyelash_left2_rotation": {
					"rotation": [10.06274, 4.76804, 1.50701]
				},
				"eyelash_right2_rotation": {
					"rotation": [10.06274, -4.76804, -1.50701]
				},
				"eyelash_left3_rotation": {
					"rotation": [9.79951, 2.08217, -0.1339]
				},
				"eyelash_right3_rotation": {
					"rotation": [9.79951, -2.08217, 0.1339]
				}
			}
		},
		"animation.bruxish.mouth_open": {
			"loop": true,
			"animation_length": 1,
			"bones": {
				"body_front_top": {
					"rotation": {
						"0.0": [0, 0, 0],
						"0.25": [0, 0, 0],
						"0.3333": [-12.5, 0, 0],
						"0.6667": [-12.5, 0, 0],
						"0.75": [0, 0, 0],
						"1.0": [0, 0, 0]
					}
				},
				"lip_top": {
					"rotation": {
						"0.0": [0, 0, 0],
						"0.25": [0, 0, 0],
						"0.3333": [-7.5, 0, 0],
						"0.6667": [-7.5, 0, 0],
						"0.75": [0, 0, 0],
						"1.0": [0, 0, 0]
					}
				},
				"lip_top2": {
					"rotation": {
						"0.0": [0, 0, 0],
						"0.25": [0, 0, 0],
						"0.3333": [60, 0, 0],
						"0.6667": [60, 0, 0],
						"0.75": [0, 0, 0],
						"1.0": [0, 0, 0]
					}
				},
				"body_front_bottom": {
					"rotation": {
						"0.0": [0, 0, 0],
						"0.25": [0, 0, 0],
						"0.3333": [12.5, 0, 0],
						"0.6667": [12.5, 0, 0],
						"0.75": [0, 0, 0],
						"1.0": [0, 0, 0]
					}
				},
				"body_front_bottom2": {
					"rotation": {
						"0.0": [0, 0, 0],
						"0.25": [0, 0, 0],
						"0.3333": [25, 0, 0],
						"0.6667": [25, 0, 0],
						"0.75": [0, 0, 0],
						"1.0": [0, 0, 0]
					}
				},
				"lip_bottom": {
					"rotation": {
						"0.0": [0, 0, 0],
						"0.25": [0, 0, 0],
						"0.3333": [20, 0, 0],
						"0.6667": [20, 0, 0],
						"0.75": [0, 0, 0],
						"1.0": [0, 0, 0]
					}
				},
				"lip_bottom2": {
					"rotation": {
						"0.0": [0, 0, 0],
						"0.25": [0, 0, 0],
						"0.3333": [-40, 0, 0],
						"0.6667": [-40, 0, 0],
						"0.75": [0, 0, 0],
						"1.0": [0, 0, 0]
					}
				},
				"body_front_top2": {
					"rotation": {
						"0.0": [0, 0, 0],
						"0.25": [0, 0, 0],
						"0.3333": [-10, 0, 0],
						"0.6667": [-10, 0, 0],
						"0.75": [0, 0, 0],
						"1.0": [0, 0, 0]
					}
				},
				"lip_inside": {
					"rotation": {
						"0.0": [0, 0, 0],
						"0.25": [0, 0, 0],
						"0.3333": [-30, 0, 0],
						"0.6667": [-30, 0, 0],
						"0.75": [0, 0, 0],
						"1.0": [0, 0, 0]
					},
					"position": {
						"0.0": [0, 0, 0],
						"0.25": [0, 0, 0],
						"0.3333": [0, -2, 0],
						"0.6667": [0, -2, 0],
						"0.75": [0, 0, 0],
						"1.0": [0, 0, 0]
					}
				},
				"flower_closed": {
					"scale": 0
				},
				"lips_closed": {
					"scale": {
						"0.0": [1, 1, 1],
						"0.25": {"pre": [1, 1, 1], "post": [1, 1, 1]},
						"0.2917": {"pre": [1, 1, 1], "post": [0, 0, 0]},
						"0.7083": {"pre": [0, 0, 0], "post": [0, 0, 0]},
						"0.75": {"pre": [0, 0, 0], "post": [1, 1, 1]},
						"1.0": {"pre": [1, 1, 1], "post": [1, 1, 1]}
					}
				},
				"teeth_bottom_open": {
					"rotation": [-10, 0, 0],
					"scale": {
						"0.0": [0, 0, 0],
						"0.25": {"pre": [0, 0, 0], "post": [0, 0, 0]},
						"0.2917": {"pre": [0, 0, 0], "post": [1, 1, 1]},
						"0.7083": {"pre": [1, 1, 1], "post": [1, 1, 1]},
						"0.75": {"pre": [1, 1, 1], "post": [0, 0, 0]},
						"1.0": {"pre": [0, 0, 0], "post": [0, 0, 0]}
					}
				},
				"teeth_top_open": {
					"rotation": [-5, 0, 0],
					"scale": {
						"0.0": [0, 0, 0],
						"0.25": {"pre": [0, 0, 0], "post": [0, 0, 0]},
						"0.2917": {"pre": [0, 0, 0], "post": [1, 1, 1]},
						"0.7083": {"pre": [1, 1, 1], "post": [1, 1, 1]},
						"0.75": {"pre": [1, 1, 1], "post": [0, 0, 0]},
						"1.0": {"pre": [0, 0, 0], "post": [0, 0, 0]}
					}
				}
			}
		},
		"animation.bruxish.blink": {
			"animation_length": 0.1667,
			"bones": {
				"body_front_top": {
					"rotation": [0, 0, 0]
				},
				"body_front_top2": {
					"rotation": [0, 0, 0]
				},
				"lip_top": {
					"rotation": [0, 0, 0]
				},
				"lip_inside": {
					"rotation": [0, 0, 0],
					"position": [0, 0, 0]
				},
				"lip_top2": {
					"rotation": [0, 0, 0]
				},
				"body_front_bottom": {
					"rotation": [0, 0, 0]
				},
				"body_front_bottom2": {
					"rotation": [0, 0, 0]
				},
				"lip_bottom": {
					"rotation": [0, 0, 0]
				},
				"lip_bottom2": {
					"rotation": [0, 0, 0]
				},
				"eyelash_left": {
					"rotation": {
						"0.0": [-25, 0, 0],
						"0.125": [-25, 0, 0],
						"0.1667": [0, 0, 0]
					}
				},
				"eyelid_half_left": {
					"position": {
						"0.0": [-0.1, 0, 0],
						"0.125": [-0.1, 0, 0],
						"0.1667": [0, 0, 0]
					}
				},
				"eyelash_right": {
					"rotation": {
						"0.0": [-25, 0, 0],
						"0.125": [-25, 0, 0],
						"0.1667": [0, 0, 0]
					}
				},
				"eyelid_half_right": {
					"position": {
						"0.0": [0.1, 0, 0],
						"0.125": [0.1, 0, 0],
						"0.1667": [0, 0, 0]
					}
				},
				"eyelash_left2_rotation": {
					"rotation": {
						"0.0": [30, 0, 0],
						"0.125": [30, 0, 0],
						"0.1667": [0, 0, 0]
					}
				},
				"eyelash_right2_rotation": {
					"rotation": {
						"0.0": [30, 0, 0],
						"0.125": [30, 0, 0],
						"0.1667": [0, 0, 0]
					}
				},
				"eyelid_left": {
					"position": {
						"0.0": [0.1, 0, 0],
						"0.125": [0.1, 0, 0],
						"0.1667": [0, 0, 0]
					}
				},
				"eyelid_right": {
					"position": {
						"0.0": [-0.1, 0, 0],
						"0.125": [-0.1, 0, 0],
						"0.1667": [0, 0, 0]
					}
				},
				"eyelash_left3_rotation": {
					"rotation": {
						"0.0": [10, 0, 0],
						"0.125": [10, 0, 0],
						"0.1667": [0, 0, 0]
					}
				},
				"eyelash_right3_rotation": {
					"rotation": {
						"0.0": [10, 0, 0],
						"0.125": [10, 0, 0],
						"0.1667": [0, 0, 0]
					}
				}
			}
		},
		"animation.bruxish.shock": {
			"loop": true,
			"bones": {
				"pupil_left": {
					"scale": [1, 0.7, 0.7]
				},
				"pupil_right": {
					"scale": [1, 0.7, 0.7]
				},
				"body_front_top": {
					"rotation": [-10, 0, 0]
				},
				"body_front_top2": {
					"rotation": [-10, 0, 0]
				},
				"lip_top": {
					"rotation": [-2.5, 0, 0]
				},
				"lips_closed": {
					"scale": 0
				},
				"lip_inside": {
					"rotation": [-52.5, 0, 0],
					"position": [0, -2, 0]
				},
				"lip_top2": {
					"rotation": [17.5, 0, 0]
				},
				"body_front_bottom": {
					"rotation": [7.5, 0, 0]
				},
				"body_front_bottom2": {
					"rotation": [15, 0, 0]
				},
				"lip_bottom": {
					"rotation": [22.5, 0, 0]
				},
				"lip_bottom2": {
					"rotation": [-17.5, 0, 0]
				}
			}
		},
		"animation.bruxish.angry": {
			"loop": true,
			"bones": {
				"eyelash_left": {
					"rotation": [20, 0, 0],
					"position": [0, -0.8, 0]
				},
				"eyelash_right": {
					"rotation": [20, 0, 0],
					"position": [0, -0.8, 0]
				},
				"eyelash_left2_rotation": {
					"rotation": [7.5, 0, 0]
				},
				"eyelash_right2_rotation": {
					"rotation": [7.5, 0, 0]
				},
				"eyelash_left3_rotation": {
					"rotation": [15, 0, 0]
				},
				"eyelash_right3_rotation": {
					"rotation": [15, 0, 0]
				}
			}
		},
		"animation.bruxish.sad": {
			"loop": true,
			"bones": {
				"eyelash_left": {
					"rotation": [-27.5, 0, 0],
					"position": [0, 1, 0]
				},
				"eyelash_left2_rotation": {
					"rotation": [2.5, 0, 0]
				},
				"eyelid_half_left": {
					"position": [-0.1, 0, 0]
				},
				"eyelid_sad_left": {
					"position": [0.1, 0, 0]
				},
				"eyelash_right": {
					"rotation": [-27.5, 0, 0],
					"position": [0, 1, 0]
				},
				"eyelash_right2_rotation": {
					"rotation": [2.5, 0, 0]
				},
				"eyelid_half_right": {
					"position": [0.1, 0, 0]
				},
				"eyelid_sad_right": {
					"position": [-0.1, 0, 0]
				},
				"eyelash_left3_rotation": {
					"rotation": [10, 0, 0]
				},
				"eyelash_right3_rotation": {
					"rotation": [10, 0, 0]
				}
			}
		},
		"animation.bruxish.happy": {
			"loop": true,
			"bones": {
				"eyelash_left": {
					"rotation": [32.5, 0, 0]
				},
				"eyelash_left2": {
					"rotation": [-35, 0, 0]
				},
				"eyelash_left3": {
					"rotation": [-40, 0, 0]
				},
				"eyelid_left": {
					"position": [0.1, 0, 0]
				},
				"eyelid_half_left": {
					"position": [-0.1, 0, 0]
				},
				"eyelash_right": {
					"rotation": [32.5, 0, 0]
				},
				"eyelash_right2": {
					"rotation": [-35, 0, 0]
				},
				"eyelash_right3": {
					"rotation": [-40, 0, 0]
				},
				"eyelid_right": {
					"position": [-0.1, 0, 0]
				},
				"eyelid_half_right": {
					"position": [0.1, 0, 0]
				},
				"eyelash_left3_rotation": {
					"rotation": [0, 0, 0]
				}
			}
		},
		"animation.bruxish.recoil": {
			"loop": true,
			"bones": {
				"eyelid_left": {
					"position": [0.1, 0, 0]
				},
				"eyelid_half_left": {
					"position": [-0.1, 0, 0]
				},
				"eyelid_right": {
					"position": [-0.1, 0, 0]
				},
				"eyelid_half_right": {
					"position": [0.1, 0, 0]
				},
				"eyelash_left": {
					"rotation": [10, 0, 0],
					"position": [0, -1, 0]
				},
				"eyelash_left2_rotation": {
					"rotation": [12.5, 0, 0]
				},
				"eyelash_right": {
					"rotation": [10, 0, 0],
					"position": [0, -1, 0]
				},
				"eyelash_right2_rotation": {
					"rotation": [12.5, 0, 0]
				},
				"eyelash_left3_rotation": {
					"rotation": [17.5, 0, 0]
				},
				"eyelash_right3_rotation": {
					"rotation": [17.5, 0, 0]
				}
			}
		},
		"animation.bruxish.cry": {
			"animation_length": 1.2,
			"sound_effects": {
				"0.04": {
					"effect": "pokemon.bruxish.cry"
				}
			}
		}
	}
}