{
	"format_version": "1.8.0",
	"animations": {
		"animation.mantine.ground_idle": {
			"loop": true,
			"animation_length": 2,
			"bones": {
				"body": {
					"rotation": [-16, 0, 0]
				},
				"torso": {
					"rotation": ["3+math.sin(q.anim_time*90*2)*0.8", 0, 0],
					"position": [0, "2.9-math.sin(q.anim_time*90*2)*0.12", 0]
				},
				"antenna_right": {
					"rotation": ["-0.7411+math.sin(q.anim_time*90*2-30)*1.5", 13.5138, -18.63403]
				},
				"antenna_right2": {
					"rotation": [0, 0, 17.5]
				},
				"antenna_right3": {
					"rotation": ["math.sin(q.anim_time*90*2-90)*3", 0, 17.5]
				},
				"antenna_left": {
					"rotation": ["-0.7411+math.sin(q.anim_time*90*2-30)*1.5", -13.5138, 18.63403]
				},
				"antenna_left2": {
					"rotation": [0, 0, -17.5]
				},
				"antenna_left3": {
					"rotation": ["math.sin(q.anim_time*90*2-90)*3", 0, -17.5]
				},
				"wing_right": {
					"rotation": ["5.0767-math.sin(q.anim_time*90*2)*0.9", "9.9616-math.sin(q.anim_time*90*2)*0.3", "-29.9871+math.sin(q.anim_time*90*2)*0.3"],
					"position": [0, -0.6, 0]
				},
				"wing_right2": {
					"rotation": [2.5, 0, 12.5]
				},
				"wing_right3": {
					"rotation": [0, 0, 10]
				},
				"wing_right4": {
					"rotation": [0, 0, 5]
				},
				"wing_left": {
					"rotation": ["5.0767-math.sin(q.anim_time*90*2)*0.9", "-9.9616+math.sin(q.anim_time*90*2)*0.3", "29.9871-math.sin(q.anim_time*90*2)*0.3"],
					"position": [0, -0.6, 0]
				},
				"wing_left2": {
					"rotation": [2.5, 0, -12.5]
				},
				"wing_left3": {
					"rotation": [0, 0, -10]
				},
				"wing_left4": {
					"rotation": [0, 0, -5]
				},
				"tail": {
					"rotation": ["-3-math.sin(q.anim_time*90*2)*0.9", 0, 0]
				},
				"tail2": {
					"rotation": [5, 0, 0]
				},
				"tail3": {
					"rotation": [5, 0, 0]
				},
				"tail4": {
					"rotation": [3.5, 0, 0]
				}
			}
		},
		"animation.mantine.ground_walk": {
			"loop": true,
			"animation_length": 1,
			"bones": {
				"body": {
					"rotation": [-12.5, 0, 0],
					"position": [0, "math.abs(math.sin(q.anim_time*90*4-25)*8)", "math.sin(q.anim_time*90*8-30)*1"]
				},
				"torso": {
					"rotation": ["7.5-math.sin(q.anim_time*90*8-35)*6", 0, 0],
					"position": [0, "0.3-math.sin(q.anim_time*90*2)*0.07", 0]
				},
				"antenna_right": {
					"rotation": ["math.sin(q.anim_time*90*8-25)*4", 13.5138, "-18-math.sin(q.anim_time*90*8-25)*1"]
				},
				"antenna_right2": {
					"rotation": ["math.sin(q.anim_time*90*8-45)*8", 0, 17.5]
				},
				"antenna_right3": {
					"rotation": ["math.sin(q.anim_time*90*8-75)*5", 0, 17.5]
				},
				"antenna_left": {
					"rotation": ["math.sin(q.anim_time*90*8-25)*4", -13.5138, "18-math.sin(q.anim_time*90*8-25)*1"]
				},
				"antenna_left2": {
					"rotation": ["math.sin(q.anim_time*90*8-45)*8", 0, -17.5]
				},
				"antenna_left3": {
					"rotation": ["math.sin(q.anim_time*90*8-75)*5", 0, -17.5]
				},
				"wing_right": {
					"rotation": ["-math.sin(q.anim_time*90*2)*0.8", "-math.sin(q.anim_time*90*8+45)*4", "-math.sin(q.anim_time*90*8-25)*14"],
					"position": [0, -0.6, 0]
				},
				"wing_right2": {
					"rotation": [0, 0, "5-math.sin(q.anim_time*90*8-85)*8"]
				},
				"wing_right3": {
					"rotation": [0, 0, "-(math.sin(q.anim_time*90*8-155)*12)"]
				},
				"wing_right4": {
					"rotation": [0, 0, "-(math.sin(q.anim_time*90*8-180)*12)"]
				},
				"wing_left": {
					"relative_to": {
						"rotation": "entity"
					},
					"rotation": ["-math.sin(q.anim_time*90*2)*0.8", "math.sin(q.anim_time*90*8+45)*4", "math.sin(q.anim_time*90*8-25)*14"],
					"position": [0, -0.6, 0]
				},
				"wing_left2": {
					"rotation": [0, 0, "-5+math.sin(q.anim_time*90*8-85)*8"]
				},
				"wing_left3": {
					"rotation": [0, 0, "math.sin(q.anim_time*90*8-155)*12"]
				},
				"wing_left4": {
					"rotation": [0, 0, "math.sin(q.anim_time*90*8-180)*12"]
				},
				"tail": {
					"rotation": ["-math.sin(q.anim_time*90*8-85)*14", 0, 0]
				},
				"tail2": {
					"rotation": ["-math.sin(q.anim_time*90*8-175)*14", 0, 0]
				},
				"tail3": {
					"rotation": ["-math.sin(q.anim_time*90*8-235)*14", 0, 0]
				},
				"tail4": {
					"rotation": ["-math.sin(q.anim_time*90*8-285)*14", 0, 0]
				}
			}
		},
		"animation.mantine.water_idle": {
			"loop": true,
			"animation_length": 2,
			"bones": {
				"wing_left": {
					"rotation": [0, 0, "2+math.sin(q.anim_time*90*2+65)*5"]
				},
				"wing_left2": {
					"rotation": [0, 0, "math.sin(q.anim_time*90*2)*5"]
				},
				"wing_left3": {
					"rotation": [0, 0, "math.sin(q.anim_time*90*2-65)*5"]
				},
				"wing_left4": {
					"rotation": [0, 0, "math.sin(q.anim_time*90*2-110)*5"]
				},
				"antenna_left": {
					"rotation": ["2-math.sin(q.anim_time*90*2-80)*4", -13.86323, 18.24499]
				},
				"tail": {
					"rotation": ["math.sin(q.anim_time*90*2-170)*8", 0, 0]
				},
				"tail2": {
					"rotation": ["math.sin(q.anim_time*90*2-260)*10", 0, 0]
				},
				"tail3": {
					"rotation": ["math.sin(q.anim_time*90*2-310)*8", 0, 0]
				},
				"tail4": {
					"rotation": ["math.sin(q.anim_time*90*2-370)*10", 0, 0]
				},
				"antenna_left3": {
					"rotation": ["-math.sin(q.anim_time*90*2-140)*2", 0, -20]
				},
				"antenna_left2": {
					"rotation": ["-math.sin(q.anim_time*90*2-110)*2", 0, -17.5]
				},
				"wing_right": {
					"rotation": [0, 0, "-2-math.sin(q.anim_time*90*2+65)*5"]
				},
				"wing_right2": {
					"rotation": [0, 0, "-(math.sin(q.anim_time*90*2)*5)"]
				},
				"wing_right3": {
					"rotation": [0, 0, "-(math.sin(q.anim_time*90*2-65)*5)"]
				},
				"wing_right4": {
					"rotation": [0, 0, "-(math.sin(q.anim_time*90*2-110)*5)"]
				},
				"antenna_right": {
					"rotation": ["2-math.sin(q.anim_time*90*2-80)*4", 13.86323, -18.24499]
				},
				"antenna_right2": {
					"rotation": ["-math.sin(q.anim_time*90*2-110)*2", 0, 17.5]
				},
				"antenna_right3": {
					"rotation": ["-math.sin(q.anim_time*90*2-140)*2", 0, 20]
				},
				"body": {
					"rotation": ["-2-math.sin(q.anim_time*90*2-90)*1", 0, 0],
					"position": [0, "3+math.sin(q.anim_time*90*2)*1", 0]
				}
			}
		},
		"animation.mantine.water_swim": {
			"loop": true,
			"animation_length": 2,
			"bones": {
				"wing_left": {
					"rotation": [8.5, 0, "2+math.sin(q.anim_time*90*2+65)*12"]
				},
				"wing_left2": {
					"rotation": [0, 0, "math.sin(q.anim_time*90*2)*12"]
				},
				"wing_left3": {
					"rotation": [0, 0, "math.sin(q.anim_time*90*2-65)*12"]
				},
				"wing_left4": {
					"rotation": [0, 0, "math.sin(q.anim_time*90*2-110)*14"]
				},
				"antenna_left": {
					"rotation": ["-0.6715-math.sin(q.anim_time*90*2-80)*6", -13.86323, 18.24499]
				},
				"tail": {
					"rotation": ["math.sin(q.anim_time*90*2-170)*13", 0, 0]
				},
				"tail2": {
					"rotation": ["math.sin(q.anim_time*90*2-260)*14", 0, 0]
				},
				"tail3": {
					"rotation": ["math.sin(q.anim_time*90*2-310)*13", 0, 0]
				},
				"tail4": {
					"rotation": ["math.sin(q.anim_time*90*2-370)*14", 0, 0]
				},
				"antenna_left3": {
					"rotation": ["-math.sin(q.anim_time*90*2-140)*2", 0, -20]
				},
				"antenna_left2": {
					"rotation": ["-math.sin(q.anim_time*90*2-110)*2", 0, -17.5]
				},
				"wing_right": {
					"rotation": [8.5, 0, "-2-math.sin(q.anim_time*90*2+65)*12"]
				},
				"wing_right2": {
					"rotation": [0, 0, "-(math.sin(q.anim_time*90*2)*12)"]
				},
				"wing_right3": {
					"rotation": [0, 0, "-(math.sin(q.anim_time*90*2-65)*12)"]
				},
				"wing_right4": {
					"rotation": [0, 0, "-(math.sin(q.anim_time*90*2-110)*14)"]
				},
				"antenna_right": {
					"rotation": ["-0.6715-math.sin(q.anim_time*90*2-80)*6", 13.86323, -18.24499]
				},
				"antenna_right2": {
					"rotation": ["-math.sin(q.anim_time*90*2-110)*2", 0, 17.5]
				},
				"antenna_right3": {
					"rotation": ["-math.sin(q.anim_time*90*2-140)*2", 0, 20]
				},
				"body": {
					"rotation": ["-1+math.sin(q.anim_time*90*2-90)*7", 0, 0],
					"position": [0, "3+math.sin(q.anim_time*90*2+25)*4", 0]
				}
			}
		},
		"animation.mantine.sleep": {
			"loop": true,
			"animation_length": 4,
			"bones": {
				"body": {
					"rotation": [-15, 0, 0]
				},
				"torso": {
					"rotation": ["7.5+math.sin(q.anim_time*90*1)*0.5", 0, 0],
					"position": [0, "-0.3-math.sin(q.anim_time*90*1)*0.05", 0]
				},
				"eye_emote_right": {
					"position": [0, 0, 0.1]
				},
				"eye_emote_right2": {
					"position": [0, 0, 0.1]
				},
				"eye_emote_right3": {
					"position": [0, 0, 0.1]
				},
				"pupil_right": {
					"position": [0, 0, 0.1]
				},
				"eye_emote_left": {
					"position": [0, 0, 0.1]
				},
				"eye_emote_left2": {
					"position": [0, 0, 0.1]
				},
				"eye_emote_left3": {
					"position": [0, 0, 0.1]
				},
				"pupil_left": {
					"position": [0, 0, 0.1]
				},
				"antenna_right": {
					"rotation": ["17.6225+math.sin(q.anim_time*90*1-30)*1", 22.00904, -24.10401]
				},
				"antenna_right2": {
					"rotation": ["27.5+math.sin(q.anim_time*90*1-60)*1.75", 0, 12.5]
				},
				"antenna_right3": {
					"rotation": ["27.5+math.sin(q.anim_time*90*1-90)*2.5", 0, 15]
				},
				"antenna_left": {
					"rotation": ["17.6225+math.sin(q.anim_time*90*1-30)*1", -22.00904, 24.10401]
				},
				"antenna_left2": {
					"rotation": ["27.5+math.sin(q.anim_time*90*1-60)*1.75", 0, -12.5]
				},
				"antenna_left3": {
					"rotation": ["27.5+math.sin(q.anim_time*90*1-90)*2.5", 0, -15]
				},
				"wing_right": {
					"rotation": ["5.019-math.sin(q.anim_time*90*1)*0.55", 4.98093, -19.97721],
					"position": [0, -0.3, 0]
				},
				"wing_right2": {
					"rotation": [0, 0, 15]
				},
				"wing_right3": {
					"rotation": [0, 0, 0]
				},
				"wing_right4": {
					"rotation": [0, 0, -4]
				},
				"wing_left": {
					"rotation": ["5.019-math.sin(q.anim_time*90*1)*0.55", -4.98093, 19.97721],
					"position": [0, -0.3, 0]
				},
				"wing_left2": {
					"rotation": [0, 0, -15],
					"position": [0, 0, 0]
				},
				"wing_left3": {
					"rotation": [0, 0, 0]
				},
				"wing_left4": {
					"rotation": [0, 0, 4]
				},
				"tail": {
					"rotation": ["-9-math.sin(q.anim_time*90*1)*0.6", 0, 0]
				},
				"tail2": {
					"rotation": [7, 0, 0]
				},
				"tail3": {
					"rotation": [9, 0, 0]
				},
				"tail4": {
					"rotation": [0, 0, 0]
				}
			}
		},
		"animation.mantine.blink": {
			"animation_length": 0.1667,
			"bones": {
				"eye_emote_right2": {
					"position": {
						"0.0": [0, 0, 0.1],
						"0.125": [0, 0, 0.1],
						"0.1667": {"pre": [0, 0, 0.1], "post": [0, 0, 0]}
					}
				},
				"eye_emote_right3": {
					"position": {
						"0.0": [0, 0, 0.1],
						"0.125": [0, 0, 0.1],
						"0.1667": {"pre": [0, 0, 0.1], "post": [0, 0, 0]}
					}
				},
				"pupil_right": {
					"position": {
						"0.0": [0, 0, 0.1],
						"0.125": [0, 0, 0.1],
						"0.1667": {"pre": [0, 0, 0.1], "post": [0, 0, 0]}
					}
				},
				"pupil_left": {
					"position": {
						"0.0": [0, 0, 0.1],
						"0.125": [0, 0, 0.1],
						"0.1667": {"pre": [0, 0, 0.1], "post": [0, 0, 0]}
					}
				},
				"eye_emote_left2": {
					"position": {
						"0.0": [0, 0, 0.1],
						"0.125": [0, 0, 0.1],
						"0.1667": {"pre": [0, 0, 0.1], "post": [0, 0, 0]}
					}
				},
				"eye_emote_left3": {
					"position": {
						"0.0": [0, 0, 0.1],
						"0.125": [0, 0, 0.1],
						"0.1667": {"pre": [0, 0, 0.1], "post": [0, 0, 0]}
					}
				},
				"eye_emote_left": {
					"position": {
						"0.0": [0, 0, 0.1],
						"0.125": [0, 0, 0.1],
						"0.1667": {"pre": [0, 0, 0.1], "post": [0, 0, 0]}
					}
				},
				"eye_emote_right": {
					"position": {
						"0.0": [0, 0, 0.1],
						"0.125": [0, 0, 0.1],
						"0.1667": {"pre": [0, 0, 0.1], "post": [0, 0, 0]}
					}
				}
			}
		},
		"animation.mantine.happy": {
			"loop": true,
			"bones": {
				"mouth_closed": {
					"position": [0, 0, 0.1]
				},
				"mouth_open": {
					"position": [0, 0, -0.1]
				}
			}
		},
		"animation.mantine.sad": {
			"loop": true,
			"bones": {
				"mouth_closed_right": {
					"position": [0, -2, 0]
				},
				"mouth_line_right": {
					"position": [1, 0, 0]
				},
				"mouth_closed_left": {
					"position": [0, -2, 0]
				},
				"mouth_line_left": {
					"position": [-1, 0, 0]
				},
				"eye_emote_right2": {
					"rotation": [0, 0, 180],
					"position": [1, 0, 0]
				},
				"eye_emote_right3": {
					"position": [0, 0, 0.1]
				},
				"eye_emote_left2": {
					"rotation": [0, 0, -180],
					"position": [-1, 0, 0]
				},
				"eye_emote_left3": {
					"position": [0, 0, 0.1]
				}
			}
		},
		"animation.mantine.angry": {
			"loop": true,
			"bones": {
				"mouth_closed": {
					"position": [0, 0, 0.1]
				},
				"eye_emote_right3": {
					"position": [0, 0, 0.1]
				},
				"eye_emote_left3": {
					"position": [0, 0, 0.1]
				},
				"mouth_open": {
					"position": [0, 0, -0.1]
				},
				"mouth_open_right": {
					"position": [0, -1, 0]
				},
				"mouth_open_left": {
					"position": [0, -1, 0]
				}
			}
		},
		"animation.mantine.surprised": {
			"loop": true,
			"bones": {
				"mouth_closed": {
					"position": [0, 0, 0.1]
				},
				"mouth_line_right": {
					"position": [-1, 0, 0]
				},
				"mouth_line_left": {
					"position": [1, 0, 0]
				},
				"pupil_right": {
					"scale": [0.6, 0.6, 1]
				},
				"pupil_left": {
					"scale": [0.6, 0.6, 1]
				},
				"mouth_open": {
					"position": [0, 0, -0.1]
				},
				"mouth_open_right": {
					"position": [-0.5, -0.5, 0],
					"scale": [2, 2, 1]
				},
				"mouth_open_left": {
					"position": [0.5, -0.5, 0],
					"scale": [2, 2, 1]
				}
			}
		},
		"animation.mantine.bored": {
			"loop": true,
			"bones": {
				"mouth_closed_right": {
					"position": [0, -1, 0]
				},
				"mouth_closed_left": {
					"position": [0, -1, 0]
				},
				"eye_emote_right2": {
					"position": [0, 0, 0.1]
				},
				"eye_emote_right3": {
					"position": [0, 0, 0.1]
				},
				"eye_emote_left2": {
					"position": [0, 0, 0.1]
				},
				"eye_emote_left3": {
					"position": [0, 0, 0.1]
				}
			}
		},
		"animation.mantine.recoil": {
			"loop": true,
			"bones": {
				"mouth_closed": {
					"position": [0, 0, 0.1]
				},
				"eye_emote_right2": {
					"position": [0, 0, 0.1]
				},
				"eye_emote_right3": {
					"position": [0, 0, 0.1]
				},
				"pupil_right": {
					"position": [0, 0, 0.1]
				},
				"pupil_left": {
					"position": [0, 0, 0.1]
				},
				"eye_emote_left2": {
					"position": [0, 0, 0.1]
				},
				"eye_emote_left3": {
					"position": [0, 0, 0.1]
				},
				"mouth_open": {
					"position": [0, 0, -0.1]
				},
				"mouth_open_right": {
					"position": [0, -1, 0]
				},
				"mouth_open_left": {
					"position": [0, -1, 0]
				},
				"eye_emote_left": {
					"position": [-1, 0, 0],
					"scale": [0.335, 1, 1]
				},
				"eye_emote_right": {
					"position": [1, 0, 0],
					"scale": [0.335, 1, 1]
				}
			}
		}
	}
}