{
  "format_version": "1.8.0",
  "animations": {
    "animation.polteageist.ground_idle": {
      "loop": true,
      "bones": {
        "polteageist": {
          "position": [0, 3, 0]
        },
        "body": {
          "rotation": [
            "0+math.sin(q.anim_time*90*0.75-90)*3",
            0,
            "0+math.sin(q.anim_time*90*1.5-90)*3"
          ],
          "position": [
            "0+math.sin(q.anim_time*90*1.5)*3",
            "0+math.sin(q.anim_time*90*3)*1",
            "0+math.sin(q.anim_time*90*3)*0.5"
          ]
        },
        "head": {
          "rotation": [0, 0, "0+math.sin(q.anim_time*90*1.5-60)*2.5"],
          "position": [0, "0+math.sin(q.anim_time*90*3-90)*0.2", 0]
        },
        "lid": {
          "rotation": [
            "0+math.sin(q.anim_time*90*3-90)*2",
            "0-math.sin(q.anim_time*90*1.5-90)*5",
            "0-math.sin(q.anim_time*90*1.5-90)*5"
          ],
          "position": [0, 0.25, 0]
        },
        "hand_right": {
          "position": [
            "0+math.sin(q.anim_time*90*1.5-90)*0.2",
            "0+math.sin(q.anim_time*90*3-90)*0.2",
            0
          ]
        },
        "hand_left": {
          "position": [
            "0+math.sin(q.anim_time*90*1.5-90)*0.2",
            "0+math.sin(q.anim_time*90*3-90)*0.2",
            0
          ]
        },
        "leg_right": {
          "rotation": [
            "0+math.sin(q.anim_time*90*3)*10",
            0,
            "0+math.sin(q.anim_time*90*1.5-90)*10"
          ]
        },
        "leg_left": {
          "rotation": [
            "0+math.sin(q.anim_time*90*3)*10",
            0,
            "0+math.sin(q.anim_time*90*1.5-90)*10"
          ]
        },
        "hand_right2": {
          "position": [
            "0-math.sin(q.anim_time*90*1.5-90)*0.1",
            "0-math.sin(q.anim_time*90*3-90)*0.1",
            0
          ]
        },
        "hand_left2": {
          "position": [
            "0-math.sin(q.anim_time*90*1.5-90)*0.1",
            "-math.sin(q.anim_time*90*3-90)*0.1",
            0
          ]
        }
      }
    },
    "animation.polteageist.ground_walk": {
      "loop": true,
      "bones": {
        "body": {
          "rotation": [
            "10+math.sin(q.anim_time*90*3-90)*3",
            0,
            "0+math.sin(q.anim_time*90*1.5-90)*3"
          ],
          "position": [
            "0+math.sin(q.anim_time*90*1.5)*3",
            "0+math.sin(q.anim_time*90*3)*1",
            "0+math.sin(q.anim_time*90*3)*0.5"
          ]
        },
        "head": {
          "rotation": [0, 0, "10+math.sin(q.anim_time*90*1.5-60)*2.5"],
          "position": [0, "0+math.sin(q.anim_time*90*3-90)*0.2", 0]
        },
        "lid": {
          "rotation": [
            "0+math.sin(q.anim_time*90*3-90)*2",
            "0-math.sin(q.anim_time*90*1.5-90)*5",
            "0-math.sin(q.anim_time*90*1.5-90)*5"
          ],
          "position": [0, 0.25, 0]
        },
        "hand_right": {
          "position": [
            "0+math.sin(q.anim_time*90*1.5-90)*0.2",
            "0+math.sin(q.anim_time*90*3-90)*0.2",
            0
          ]
        },
        "hand_left": {
          "position": [
            "0+math.sin(q.anim_time*90*1.5-90)*0.2",
            "0+math.sin(q.anim_time*90*3-90)*0.2",
            0
          ]
        },
        "leg_right": {
          "rotation": [
            "103.1481+math.sin(q.anim_time*90*3)*10",
            -49.99891,
            "102.8073+math.sin(q.anim_time*90*1.5-90)*10"
          ],
          "position": [-0.65, 0, 0.5]
        },
        "leg_left": {
          "rotation": [
            "103.1481+math.sin(q.anim_time*90*3)*10",
            -49.99891,
            "102.8073+math.sin(q.anim_time*90*1.5-90)*10"
          ],
          "position": [0.1, 0, 0.25]
        },
        "hand_right2": {
          "position": [
            "0-math.sin(q.anim_time*90*1.5-90)*0.1",
            "0-math.sin(q.anim_time*90*3-90)*0.1",
            0
          ]
        },
        "hand_left2": {
          "position": [
            "0-math.sin(q.anim_time*90*1.5-90)*0.1",
            "-math.sin(q.anim_time*90*3-90)*0.1",
            0
          ]
        },
        "polteageist": {
          "position": [0, 3, 0]
        }
      }
    },
    "animation.polteageist.sleep": {
      "loop": true,
      "bones": {
        "body": {
          "rotation": ["0+math.sin(q.anim_time*90*0.75)*0.5", 0, 0],
          "position": [0, -3.5, 0]
        },
        "head": {
          "rotation": [0, 0, 0],
          "position": [0, "-2.50+math.sin(q.anim_time*90*1.5)*0.1", 0]
        },
        "eyelid_left": {
          "position": [0.1, 0, 0]
        },
        "eyelid_right": {
          "position": [0.1, 0, 0]
        },
        "hand_right": {
          "position": [-2, -4, 0]
        },
        "hand_left": {
          "position": [-2, -4, 0]
        },
        "leg_right": {
          "position": [-1, 5, 0]
        },
        "leg_left": {
          "position": [-1, 5, 0]
        }
      }
    },
    "animation.polteageist.blink": {
      "animation_length": 0.16667,
      "bones": {
        "eyelid_left": {
          "position": {
            "0.0": [0.1, 0, 0],
            "0.125": [0.1, 0, 0],
            "0.1667": [0, 0, 0]
          }
        },
        "eyelid_right": {
          "position": {
            "0.0": [0.1, 0, 0],
            "0.125": [0.1, 0, 0],
            "0.1667": [0, 0, 0]
          }
        }
      }
    }
  },
  "geckolib_format_version": 2
}
