{
	"format_version": "1.8.0",
	"animations": {
		"animation.magikarp.ground_idle": {
			"loop": true,
			"animation_length": 1.5833,
			"bones": {
				"body": {
					"rotation": [-17.5, "-math.sin(q.anim_time*90*5*2-90)*15", -90],
					"position": ["0+math.sin(q.anim_time*90*5-60)*1/2", "-5+math.sin(q.anim_time*90*5*2+66)*3+3+math.clamp(math.sin(q.anim_time*90*5*2+33)*2.5,-10,0)", 0]
				},
				"whisker_right": {
					"rotation": [-45.51039, "28.1524+math.sin(q.anim_time*90*5*2-130)*15", -37.39406]
				},
				"whisker_right2": {
					"rotation": [0, "37.5+math.sin(q.anim_time*90*5*2-160)*15", 0]
				},
				"whisker_right3": {
					"rotation": [0, "17.5+math.sin(q.anim_time*90*5*2-190)*30", 0]
				},
				"whisker_left": {
					"rotation": [-36.34837, "-18.3909+math.sin(q.anim_time*90*5*2)*15", 29.43511]
				},
				"whisker_left2": {
					"rotation": [0, "-37.5+math.sin(q.anim_time*90*5*2-30)*15", 0]
				},
				"whisker_left3": {
					"rotation": [0, "-22.5+math.sin(q.anim_time*90*5*2-60)*30", 0]
				},
				"fin_right": {
					"rotation": [0, "-7.5-math.cos(q.anim_time*90*5*2-60)*30", 0]
				},
				"fin_left": {
					"rotation": [0, "12.5+math.cos(q.anim_time*90*5*2-90)*20", 0]
				},
				"tail": {
					"rotation": [0, "0+math.sin(q.anim_time*90*5*2-90)*20", 0]
				},
				"tail2": {
					"rotation": [0, "0+math.sin(q.anim_time*90*5*2-60)*20", 0]
				},
				"tail3": {
					"rotation": [0, "0+math.sin(q.anim_time*90*5*2-30)*20", 0]
				},
				"upper_lip": {
					"position": [0, "-0.5+math.sin(q.anim_time*90*5*2-90)*0.5", 0]
				},
				"lower_lip": {
					"position": [0, "0.5-math.sin(q.anim_time*90*5*2)*0.5", 0]
				}
			}
		},
		"animation.magikarp.ground_walk": {
			"loop": true,
			"animation_length": 8,
			"bones": {
				"body": {
					"rotation": ["-math.sin(q.anim_time*90*5*1-120)*12", "0-math.sin(q.anim_time*90*5*2-90)*15", "-90-math.sin(q.anim_time*90*5-120)*10"],
					"position": [
						"0+math.sin(q.anim_time*90*5-60)*2",
						"-5+math.sin(q.anim_time*90*5*2+66)*3+3+math.clamp(math.sin(q.anim_time*90*5*2+33)*2.5,-10,0)",
						"0-math.sin(q.anim_time*90*5*2-90)*1"
					]
				},
				"whisker_right": {
					"rotation": [-45.51039, "28.1524+math.sin(q.anim_time*90*5*2-130)*15", -37.39406]
				},
				"whisker_right2": {
					"rotation": [0, "37.5+math.sin(q.anim_time*90*5*2-160)*15", 0]
				},
				"whisker_right3": {
					"rotation": [0, "17.5+math.sin(q.anim_time*90*5*2-190)*30", 0]
				},
				"whisker_left": {
					"rotation": [-36.34837, "-18.3909+math.sin(q.anim_time*90*5*2)*15", 29.43511]
				},
				"whisker_left2": {
					"rotation": [0, "-37.5+math.sin(q.anim_time*90*5*2-30)*15", 0]
				},
				"whisker_left3": {
					"rotation": [0, "-22.5+math.sin(q.anim_time*90*5*2-60)*30", 0]
				},
				"fin_right": {
					"rotation": [0, "0-math.cos(q.anim_time*90*5*2-60)*30", 0]
				},
				"fin_left": {
					"rotation": [0, "12.5+math.cos(q.anim_time*90*5*2-90)*20", 0]
				},
				"tail": {
					"rotation": [0, "0+math.sin(q.anim_time*90*5*2-90)*20", 0]
				},
				"tail2": {
					"rotation": [0, "0+math.sin(q.anim_time*90*5*2-60)*20", 0]
				},
				"tail3": {
					"rotation": [0, "0+math.sin(q.anim_time*90*5*2-30)*20", 0]
				},
				"upper_lip": {
					"position": [0, "-0.5+math.sin(q.anim_time*90*5*2-90)*0.5", 0]
				},
				"lower_lip": {
					"position": [0, "0.5-math.sin(q.anim_time*90*5*2)*0.5", 0]
				}
			}
		},
		"animation.magikarp.sleep": {
			"loop": true,
			"bones": {
				"body": {
					"rotation": ["0-math.sin(q.anim_time*90*1)*1", 2.5, -90],
					"position": [0, -7.5, 0]
				},
				"whisker_right": {
					"rotation": [-90, "0+math.sin(q.anim_time*90*1)*1", -87.5]
				},
				"whisker_right2": {
					"rotation": [-0.91977, 2.31918, -22.46449]
				},
				"whisker_right3": {
					"rotation": [0, -2.5, 17.5]
				},
				"whisker_left": {
					"rotation": [-58.5, 12.4, "77-math.sin(q.anim_time*90*1)*1"]
				},
				"whisker_left2": {
					"rotation": [-21.75582, "-41.416-math.sin(q.anim_time*90*1-30)*3", 25.66941]
				},
				"whisker_left3": {
					"rotation": [2.34599, "-2.8575-math.sin(q.anim_time*90*1-60)*6", -12.36592]
				},
				"fin_right": {
					"rotation": [-32.5, 27.5, 0]
				},
				"fin_left": {
					"rotation": [0, "-10+math.cos(q.anim_time*90*1)*3", 0]
				},
				"tail": {
					"rotation": [0, -2.5, 0]
				},
				"tail2": {
					"rotation": [0, -12.5, 0]
				},
				"tail3": {
					"rotation": [0, -5, 0]
				},
				"upper_lip": {
					"position": [0, "-0.2+math.sin(q.anim_time*90*1)*0.2", 0]
				},
				"lower_lip": {
					"position": [0, "0.2-math.sin(q.anim_time*90*1)*0.2", 0]
				},
				"pupil_closed_right": {
					"position": [-0.1, 0, 0]
				},
				"pupil_right": {
					"position": [0.1, 0, 0]
				},
				"pupil_closed_left": {
					"position": [0.1, 0, 0]
				},
				"pupil_left": {
					"position": [-0.1, 0, 0]
				}
			}
		},
		"animation.magikarp.ground_sleep_quirk": {
			"animation_length": 0.5417,
			"bones": {
				"tail": {
					"rotation": {
						"0.0": {
							"post": [0, 0, 0],
							"lerp_mode": "catmullrom"
						},
						"0.1667": {
							"post": [0, 7.5, 0],
							"lerp_mode": "catmullrom"
						},
						"0.2917": {
							"post": [0, -0.5, 0],
							"lerp_mode": "catmullrom"
						},
						"0.4583": {
							"post": [0, 0, 0],
							"lerp_mode": "catmullrom"
						},
						"0.5417": {
							"post": [0, 0, 0],
							"lerp_mode": "catmullrom"
						}
					}
				},
				"tail2": {
					"rotation": {
						"0.0": [0, 0, 0],
						"0.125": {
							"pre": [0, 10.5, 0],
							"post": [0, 10.5, 0],
							"lerp_mode": "catmullrom"
						},
						"0.2083": {
							"post": [0, 24.37, 0],
							"lerp_mode": "catmullrom"
						},
						"0.2917": {
							"post": [0, 34, 0],
							"lerp_mode": "catmullrom"
						},
						"0.4167": {
							"post": [0, 0, 0],
							"lerp_mode": "catmullrom"
						},
						"0.4583": {
							"post": [0, 1.48, 0],
							"lerp_mode": "catmullrom"
						},
						"0.5417": {
							"post": [0, 0, 0],
							"lerp_mode": "catmullrom"
						}
					}
				},
				"tail3": {
					"rotation": {
						"0.0": {
							"post": [0, 0, 0],
							"lerp_mode": "catmullrom"
						},
						"0.2083": {
							"post": [0, 45, 0],
							"lerp_mode": "catmullrom"
						},
						"0.4167": {
							"post": [0.00002, 32.5, 0.00001],
							"lerp_mode": "catmullrom"
						},
						"0.4583": {
							"post": [0, 0, 0],
							"lerp_mode": "catmullrom"
						},
						"0.5": {
							"post": [0, 5.97, 0],
							"lerp_mode": "catmullrom"
						},
						"0.5417": {
							"post": [0, 0, 0],
							"lerp_mode": "catmullrom"
						}
					}
				},
				"fin_left": {
					"rotation": {
						"0.0": [0, 0, 0],
						"0.1667": {
							"pre": [0, 7.5, 0],
							"post": [0, 7.5, 0],
							"lerp_mode": "catmullrom"
						},
						"0.3333": {
							"post": [0, 12.5, 0],
							"lerp_mode": "catmullrom"
						},
						"0.4583": {
							"post": [0, 0, 0],
							"lerp_mode": "catmullrom"
						},
						"0.5417": {
							"post": [0, 0, 0],
							"lerp_mode": "catmullrom"
						}
					}
				}
			}
		},
		"animation.magikarp.water_idle": {
			"loop": true,
			"bones": {
				"whisker_right": {
					"rotation": [-46.1535, 5.34104, "-61.8897-math.cos(q.anim_time*90*3/2-60)*1"]
				},
				"whisker_right2": {
					"rotation": [-7.05443, "21.5974-math.cos(q.anim_time*90*3/2-120)*5", -16.5458]
				},
				"whisker_right3": {
					"rotation": [1.9122, "2.1152-math.cos(q.anim_time*90*3/2-180)*8", 25.07224]
				},
				"whisker_left": {
					"rotation": [-46.1535, -5.341, "61.8897-math.cos(q.anim_time*90*3/2-60)*1"]
				},
				"whisker_left2": {
					"rotation": [-7.05443, "-21.5974-math.cos(q.anim_time*90*3/2-120)*5", 16.5458]
				},
				"whisker_left3": {
					"rotation": [1.9122, "-2.1152-math.cos(q.anim_time*90*3/2-180)*8", -25.0722]
				},
				"fin_right": {
					"rotation": [0, "0-(math.sin(q.anim_time*90*3*1-66)*15+6)", "0+math.cos(q.anim_time*90*3*1-66)*4"]
				},
				"fin_left": {
					"rotation": [0, "0+(math.sin(q.anim_time*90*3*1-66)*15+6)", "0-math.cos(q.anim_time*90*3*1-66)*4"]
				},
				"tail": {
					"rotation": [0, "0+math.cos(q.anim_time*90*3-30)*1", 0]
				},
				"tail2": {
					"rotation": [0, "0+math.cos(q.anim_time*90*3-60)*2", 0]
				},
				"tail3": {
					"rotation": [0, "math.sin(q.anim_time*90*3-90)*5", 0]
				},
				"upper_lip": {
					"position": [0, "-0.05-math.sin(q.anim_time*90*3+33)*0.05", 0]
				},
				"lower_lip": {
					"position": [0, "0.05+math.sin(q.anim_time*90*3+33)*0.05", 0]
				},
				"torso": {
					"rotation": ["0+math.cos(q.anim_time*90*3)*0.5", "0+math.cos(q.anim_time*90*3/2-30)*1", "0+math.sin(q.anim_time*90*3/2)*0.2"],
					"position": [0, "0+math.sin(q.anim_time*90*3+33)*0.2", 0]
				}
			}
		},
		"animation.magikarp.water_swim": {
			"loop": true,
			"animation_length": 8,
			"bones": {
				"body": {
					"position": ["0-math.sin(q.anim_time*90*3*2-60)*0.2", "0+math.sin(q.anim_time*90*3*2+60)*0.1", "0-math.cos(q.anim_time*90*3*2+60)*0.2"]
				},
				"whisker_right": {
					"rotation": [-30.82546, "22.6139+math.sin(q.anim_time*90*3*2+30)*6", "-50.7079+math.sin(q.anim_time*90*3*2)*8"]
				},
				"whisker_right2": {
					"rotation": [-6.88, "13.6298-math.sin(q.anim_time*90*3*2-60)*5", "-23.4759+math.sin(q.anim_time*90*3*2-60)*5"]
				},
				"whisker_right3": {
					"rotation": [0.38314, "6.614-math.sin(q.anim_time*90*3*2-90)*12", "28.6495+math.sin(q.anim_time*90*3*2-90)*8"]
				},
				"whisker_left": {
					"rotation": [-35.82546, "-22.6139+math.sin(q.anim_time*90*3*2+30)*6", "50.7079+math.sin(q.anim_time*90*3*2)*8"]
				},
				"whisker_left2": {
					"rotation": [-6.88, "-13.6298-math.sin(q.anim_time*90*3*2-60)*5", "23.4759+math.sin(q.anim_time*90*3*2-60)*5"]
				},
				"whisker_left3": {
					"rotation": [0.38314, "-6.614-math.sin(q.anim_time*90*3*2-90)*12", "-28.6495+math.sin(q.anim_time*90*3*2-90)*8"]
				},
				"fin_right": {
					"rotation": [0, "0-(math.sin(q.anim_time*90*3*2-56)*17+6)", "0-math.cos(q.anim_time*90*3*2-66)*5"]
				},
				"fin_left": {
					"rotation": [0, "0+(math.sin(q.anim_time*90*3*2-56)*17+6)", "0+math.cos(q.anim_time*90*3*2-66)*5"]
				},
				"tail": {
					"rotation": [0, "0+math.cos(q.anim_time*90*3*2-30)*5", 0]
				},
				"tail2": {
					"rotation": [0, "0+math.cos(q.anim_time*90*3*2-90)*8", 0]
				},
				"tail3": {
					"rotation": [0, "0+math.cos(q.anim_time*90*3*2-160)*15", 0]
				},
				"upper_lip": {
					"position": [0, "-0.25-math.sin(q.anim_time*90*3*2+33)*0.2", 0]
				},
				"lower_lip": {
					"position": [0, "0.25+math.sin(q.anim_time*90*3*2+33)*0.2", 0]
				},
				"torso": {
					"rotation": [0, "0+math.cos(q.anim_time*90*3*2+60)*4", "0-math.sin(q.anim_time*90*3)*2"],
					"position": [0, "0+math.sin(q.anim_time*90*3*2+33)*0.1", "0+math.sin(q.anim_time*90*3*2-60)*0.1"]
				}
			}
		},
		"animation.magikarp.water_swimfast": {
			"loop": true,
			"animation_length": 8,
			"bones": {
				"body": {
					"rotation": ["0+math.cos(q.anim_time*90*4*2-120)*2", 0, 0],
					"position": ["0+math.sin(q.anim_time*90*4*2+120)*0.6", "0+math.sin(q.anim_time*90*4*2+60)*0.4", "0-math.cos(q.anim_time*90*4*2+60)*0.5"]
				},
				"whisker_right": {
					"rotation": [-30.82546, 22.6139, "-50.7079+math.sin(q.anim_time*90*4*2)*5"]
				},
				"whisker_right2": {
					"rotation": [-6.88, "13.6298-math.sin(q.anim_time*90*4*2-60)*5", "-23.4759+math.sin(q.anim_time*90*4*2)*5"]
				},
				"whisker_right3": {
					"rotation": [0.38314, "6.614-math.sin(q.anim_time*90*4*2-90)*15", "28.6495+math.sin(q.anim_time*90*4*2-60)*2"]
				},
				"whisker_left": {
					"rotation": [-35.82546, -22.6139, "50.7079+math.sin(q.anim_time*90*4*2)*5"]
				},
				"whisker_left2": {
					"rotation": [-6.88, "-13.6298-math.sin(q.anim_time*90*4*2-60)*5", "23.4759+math.sin(q.anim_time*90*4*2)*5"]
				},
				"whisker_left3": {
					"rotation": [0.38314, "-6.614-math.sin(q.anim_time*90*4*2-90)*15", "-28.6495+math.sin(q.anim_time*90*4*2-60)*2"]
				},
				"fin_right": {
					"rotation": [0, "0-(math.sin(q.anim_time*90*4*2-56)*17+6)", "0-math.cos(q.anim_time*90*4*2-66)*5"]
				},
				"fin_left": {
					"rotation": [0, "0+(math.sin(q.anim_time*90*4*2-56)*17+6)", "0+math.cos(q.anim_time*90*4*2-66)*5"]
				},
				"tail": {
					"rotation": [0, "0+math.cos(q.anim_time*90*4*2-30)*9", 0]
				},
				"tail2": {
					"rotation": [0, "0+math.cos(q.anim_time*90*4*2-90)*20", 0]
				},
				"tail3": {
					"rotation": [0, "0+math.cos(q.anim_time*90*4*2-160)*25", 0]
				},
				"upper_lip": {
					"position": [0, "-0.25-math.sin(q.anim_time*90*4*2+33)*0.2", 0]
				},
				"lower_lip": {
					"position": [0, "0.25+math.sin(q.anim_time*90*4*2+33)*0.2", 0]
				},
				"torso": {
					"rotation": [0, "0+math.cos(q.anim_time*90*4*2+60)*6", "0-math.sin(q.anim_time*90*4)*2"],
					"position": [0, "0+math.sin(q.anim_time*90*4*2+33)*0.2", "0+math.sin(q.anim_time*90*4*2-60)*0.3"]
				}
			}
		},
		"animation.magikarp.water_sleep": {
			"loop": true,
			"bones": {
				"whisker_right": {
					"rotation": [-60.60019, -10.7457, "-65.7069-math.cos(q.anim_time*90*2/2-60)*1"]
				},
				"whisker_right2": {
					"rotation": [-5.45565, "11.9264-math.cos(q.anim_time*90*2/2-120)*5", -12.7258]
				},
				"whisker_right3": {
					"rotation": [-0.3534, "12.1058-math.cos(q.anim_time*90*2/2-180)*8", 20.1339]
				},
				"whisker_left": {
					"rotation": [-60.60019, 10.74573, "65.7069-math.cos(q.anim_time*90*2/2-60)*1"]
				},
				"whisker_left2": {
					"rotation": [-5.45565, "-11.9264-math.cos(q.anim_time*90*2/2-120)*5", 12.72585]
				},
				"whisker_left3": {
					"rotation": [-0.3534, "-12.1058-math.cos(q.anim_time*90*2/2-180)*8", -20.1339]
				},
				"fin_right": {
					"rotation": [0, "-7.5-(math.sin(q.anim_time*90*2*1-66)*15+6)", "math.cos(q.anim_time*90*2*1-66)*4"]
				},
				"fin_left": {
					"rotation": [0, "7.5+(math.sin(q.anim_time*90*2*1-66)*15+6)", "-math.cos(q.anim_time*90*2*1-66)*4"]
				},
				"tail": {
					"rotation": [-5, "0+math.cos(q.anim_time*90*2-30)*0.5", 0]
				},
				"tail2": {
					"rotation": [-5, "0+math.cos(q.anim_time*90*2-60)*2", 0]
				},
				"tail3": {
					"rotation": [-2.5, "0+math.sin(q.anim_time*90*2-90)*5", 0]
				},
				"upper_lip": {
					"position": [0, "-0.25-math.sin(q.anim_time*90*2+33)*0.1", 0]
				},
				"lower_lip": {
					"position": [0, "0.25+math.sin(q.anim_time*90*2+33)*0.1", 0]
				},
				"torso": {
					"rotation": ["12.5+math.cos(q.anim_time*90*2)*0.5", "math.cos(q.anim_time*90*2/2-30)*2", "math.sin(q.anim_time*90*2)*0.2"],
					"position": [0, "0+math.sin(q.anim_time*90*2+33)*0.2", 0]
				},
				"pupil_closed_right": {
					"position": [-0.1, 0, 0]
				},
				"pupil_right": {
					"position": [0.1, 0, 0]
				},
				"pupil_closed_left": {
					"position": [0.1, 0, 0]
				},
				"pupil_left": {
					"position": [-0.1, 0, 0]
				},
				"eyelid_left": {
					"position": [0, 0, 0]
				},
				"eyelid_right": {
					"position": [0, 0, 0]
				}
			}
		},
		"animation.magikarp.surfacewater_idle": {
			"loop": true,
			"bones": {
				"whisker_right": {
					"rotation": [-46.1535, 5.34104, "-61.8897-math.cos(q.anim_time*90*3/2-60)*1"]
				},
				"whisker_right2": {
					"rotation": [-7.05443, "21.5974-math.cos(q.anim_time*90*3/2-120)*5", -16.5458]
				},
				"whisker_right3": {
					"rotation": [1.9122, "2.1152-math.cos(q.anim_time*90*3/2-180)*8", 25.07224]
				},
				"whisker_left": {
					"rotation": [-46.1535, -5.341, "61.8897-math.cos(q.anim_time*90*3/2-60)*1"]
				},
				"whisker_left2": {
					"rotation": [-7.05443, "-21.5974-math.cos(q.anim_time*90*3/2-120)*5", 16.5458]
				},
				"whisker_left3": {
					"rotation": [1.9122, "-2.1152-math.cos(q.anim_time*90*3/2-180)*8", -25.0722]
				},
				"fin_right": {
					"rotation": [0, "0-(math.sin(q.anim_time*90*3*1-66)*15+6)", "0+math.cos(q.anim_time*90*3*1-66)*4"]
				},
				"fin_left": {
					"rotation": [0, "0+(math.sin(q.anim_time*90*3*1-66)*15+6)", "0-math.cos(q.anim_time*90*3*1-66)*4"]
				},
				"tail": {
					"rotation": [0, "0+math.cos(q.anim_time*90*3-30)*1", 0]
				},
				"tail2": {
					"rotation": [0, "0+math.cos(q.anim_time*90*3-60)*2", 0]
				},
				"tail3": {
					"rotation": [0, "math.sin(q.anim_time*90*3-90)*5", 0]
				},
				"upper_lip": {
					"position": [0, "-0.05-math.sin(q.anim_time*90*3+33)*0.05", 0]
				},
				"lower_lip": {
					"position": [0, "0.05+math.sin(q.anim_time*90*3+33)*0.05", 0]
				},
				"torso": {
					"rotation": ["0+math.cos(q.anim_time*90*3)*0.5", "0+math.cos(q.anim_time*90*3/2-30)*1", "0+math.sin(q.anim_time*90*3/2)*0.2"],
					"position": [0, "0+math.sin(q.anim_time*90*3+33)*0.2", 0]
				}
			}
		},
		"animation.magikarp.surfacewater_swim": {
			"loop": true,
			"animation_length": 8,
			"bones": {
				"body": {
					"position": ["0-math.sin(q.anim_time*90*3*2-60)*0.2", "0+math.sin(q.anim_time*90*3*2+60)*0.3", "0-math.cos(q.anim_time*90*3*2+60)*0.2"]
				},
				"whisker_right": {
					"rotation": [-30.82546, "22.6139+math.sin(q.anim_time*90*3*2+30)*6", "-50.7079+math.sin(q.anim_time*90*3*2)*8"]
				},
				"whisker_right2": {
					"rotation": [-6.88, "13.6298-math.sin(q.anim_time*90*3*2-60)*5", "-23.4759+math.sin(q.anim_time*90*3*2-60)*5"]
				},
				"whisker_right3": {
					"rotation": [0.38314, "6.614-math.sin(q.anim_time*90*3*2-90)*12", "28.6495+math.sin(q.anim_time*90*3*2-90)*8"]
				},
				"whisker_left": {
					"rotation": [-35.82546, "-22.6139+math.sin(q.anim_time*90*3*2+30)*6", "50.7079+math.sin(q.anim_time*90*3*2)*8"]
				},
				"whisker_left2": {
					"rotation": [-6.88, "-13.6298-math.sin(q.anim_time*90*3*2-60)*5", "23.4759+math.sin(q.anim_time*90*3*2-60)*5"]
				},
				"whisker_left3": {
					"rotation": [0.38314, "-6.614-math.sin(q.anim_time*90*3*2-90)*12", "-28.6495+math.sin(q.anim_time*90*3*2-90)*8"]
				},
				"fin_right": {
					"rotation": [0, "0-(math.sin(q.anim_time*90*3*2-56)*17+6)", "0-math.cos(q.anim_time*90*3*2-66)*5"]
				},
				"fin_left": {
					"rotation": [0, "0+(math.sin(q.anim_time*90*3*2-56)*17+6)", "0+math.cos(q.anim_time*90*3*2-66)*5"]
				},
				"tail": {
					"rotation": [0, "0+math.cos(q.anim_time*90*3*2-30)*5", 0]
				},
				"tail2": {
					"rotation": [0, "0+math.cos(q.anim_time*90*3*2-90)*8", 0]
				},
				"tail3": {
					"rotation": [0, "0+math.cos(q.anim_time*90*3*2-160)*15", 0]
				},
				"upper_lip": {
					"position": [0, "-0.25-math.sin(q.anim_time*90*3*2+33)*0.2", 0]
				},
				"lower_lip": {
					"position": [0, "0.25+math.sin(q.anim_time*90*3*2+33)*0.2", 0]
				},
				"torso": {
					"rotation": [0, "0+math.cos(q.anim_time*90*3*2+60)*4", "0-math.sin(q.anim_time*90*3)*2"],
					"position": [0, "0+math.sin(q.anim_time*90*3*2+33)*0.1", "0+math.sin(q.anim_time*90*3*2-60)*0.1"]
				}
			}
		},
		"animation.magikarp.surfacewater_swimfast": {
			"loop": true,
			"animation_length": 8,
			"bones": {
				"body": {
					"rotation": ["0+math.cos(q.anim_time*90*4*2-120)*2", 0, 0],
					"position": ["0+math.sin(q.anim_time*90*4*2+120)*0.6", "0+math.sin(q.anim_time*90*4*2+60)*0.6", "0-math.cos(q.anim_time*90*4*2+60)*0.5"]
				},
				"whisker_right": {
					"rotation": [-30.82546, 22.6139, "-50.7079+math.sin(q.anim_time*90*4*2)*5"]
				},
				"whisker_right2": {
					"rotation": [-6.88, "13.6298-math.sin(q.anim_time*90*4*2-60)*5", "-23.4759+math.sin(q.anim_time*90*4*2)*5"]
				},
				"whisker_right3": {
					"rotation": [0.38314, "6.614-math.sin(q.anim_time*90*4*2-90)*15", "28.6495+math.sin(q.anim_time*90*4*2-60)*2"]
				},
				"whisker_left": {
					"rotation": [-35.82546, -22.6139, "50.7079+math.sin(q.anim_time*90*4*2)*5"]
				},
				"whisker_left2": {
					"rotation": [-6.88, "-13.6298-math.sin(q.anim_time*90*4*2-60)*5", "23.4759+math.sin(q.anim_time*90*4*2)*5"]
				},
				"whisker_left3": {
					"rotation": [0.38314, "-6.614-math.sin(q.anim_time*90*4*2-90)*15", "-28.6495+math.sin(q.anim_time*90*4*2-60)*2"]
				},
				"fin_right": {
					"rotation": [0, "0-(math.sin(q.anim_time*90*4*2-56)*17+6)", "0-math.cos(q.anim_time*90*4*2-66)*5"]
				},
				"fin_left": {
					"rotation": [0, "0+(math.sin(q.anim_time*90*4*2-56)*17+6)", "0+math.cos(q.anim_time*90*4*2-66)*5"]
				},
				"tail": {
					"rotation": [0, "0+math.cos(q.anim_time*90*4*2-30)*9", 0]
				},
				"tail2": {
					"rotation": [0, "0+math.cos(q.anim_time*90*4*2-90)*20", 0]
				},
				"tail3": {
					"rotation": [0, "0+math.cos(q.anim_time*90*4*2-160)*25", 0]
				},
				"upper_lip": {
					"position": [0, "-0.25-math.sin(q.anim_time*90*4*2+33)*0.2", 0]
				},
				"lower_lip": {
					"position": [0, "0.25+math.sin(q.anim_time*90*4*2+33)*0.2", 0]
				},
				"torso": {
					"rotation": [0, "0+math.cos(q.anim_time*90*4*2+60)*6", "0-math.sin(q.anim_time*90*4)*2"],
					"position": [0, "0+math.sin(q.anim_time*90*4*2+33)*0.2", "0+math.sin(q.anim_time*90*4*2-60)*0.3"]
				}
			}
		},
		"animation.magikarp.surfacewater_quirk": {
			"animation_length": 3.8333,
			"bones": {
				"body": {
					"rotation": {
						"0.0": [0, 0, 0],
						"0.25": [7.5, 0, 0],
						"0.3333": [8.05294, 10.4035, 1.59397],
						"0.4167": [8.31711, -3.03122, -0.33504],
						"0.5": [8.12543, 12.87863, 1.95312],
						"0.5833": [8.30578, -0.55747, 0.02649],
						"0.6667": [7.95592, 5.45215, 0.89122],
						"0.75": [6, 0, 0],
						"1.2917": [-46.62676, 2.1461, -14.63366],
						"1.4583": {
							"pre": [-52.05967, 9.38834, -24.07231],
							"post": [-52.05967, 9.38834, -24.07231],
							"lerp_mode": "catmullrom"
						},
						"1.625": {
							"post": [-56.95472, 13.45308, -43.1434],
							"lerp_mode": "catmullrom"
						},
						"1.875": {
							"post": [-35.39859, -1.15637, -91.51237],
							"lerp_mode": "catmullrom"
						},
						"2.0833": {
							"post": [-5.8195, 49.71589, -93.18023],
							"lerp_mode": "catmullrom"
						},
						"2.25": {
							"post": [9.93978, 61.875, -53.72897],
							"lerp_mode": "catmullrom"
						},
						"2.4167": {
							"post": [37.71, 38.35, 13.17],
							"lerp_mode": "catmullrom"
						},
						"2.6667": [-11.4098, 2.12473, -1.00394],
						"2.7917": [-26.63, 1.7, -0.8],
						"2.875": [-31.74, 6.83, -0.47],
						"3.0": {
							"pre": [-32.24, 6.83, -0.47],
							"post": [-32.24, 6.83, -0.47],
							"lerp_mode": "catmullrom"
						},
						"3.25": {
							"post": [-12.5, 0, 0],
							"lerp_mode": "catmullrom"
						},
						"3.5": {
							"post": [0, 0, 0],
							"lerp_mode": "catmullrom"
						},
						"3.625": {
							"post": [-1.5, 0, 0],
							"lerp_mode": "catmullrom"
						},
						"3.75": {
							"post": [-2.8, 0, 0],
							"lerp_mode": "catmullrom"
						},
						"3.8333": [0, 0, 0]
					},
					"position": {
						"0.0": [0, 0, 0],
						"0.125": [0, 0, 2],
						"0.25": [0, 0, 4.25],
						"0.75": [0, -4.6, 5.25],
						"0.8333": [0, -11.4, 3.25],
						"0.875": [0, -9.45, 2.17],
						"0.9583": [0, -0.75, 0],
						"1.1667": [0, 37.25, -1.2],
						"1.3333": [0, 57.25, -2],
						"1.5417": {
							"pre": [0, 61.95, 0],
							"post": [0, 61.95, 0],
							"lerp_mode": "catmullrom"
						},
						"1.7083": {
							"post": [0, 58.25, 3],
							"lerp_mode": "catmullrom"
						},
						"1.7917": [0, 51.25, 5],
						"1.9167": [0, 36.25, 6.2],
						"2.0833": [0, 0, 6.2],
						"2.2083": [0, -20.29, 5.3],
						"2.3333": [0, "-21.95+math.sin(q.anim_time*90*10)*2", 4],
						"2.7083": [0, -28.25, 3],
						"3.0": {
							"pre": [0, -20.33, 1.8],
							"post": [0, -20.33, 1.8],
							"lerp_mode": "catmullrom"
						},
						"3.2917": {
							"post": [0, -0.95, 0],
							"lerp_mode": "catmullrom"
						},
						"3.8333": [0, 0, 0]
					},
					"scale": {
						"0.0": [1, 1, 1],
						"0.8333": [1, 1, 1],
						"0.9583": [1, 1, 1],
						"1.0833": [1, 0.9, 1],
						"1.5": [1, 1, 1],
						"2.0": [1, 1, 1]
					}
				},
				"fin_right": {
					"rotation": {
						"0.0": [0, 0, 0],
						"0.375": ["-0.0025+math.cos(q.anim_time*90*3)*0.5", "-12.5-math.cos(q.anim_time*90*3-30)*1", "0.0217-math.sin(q.anim_time*90*3)*0.2"],
						"0.4583": [0, -17.9035, -1.594],
						"0.5417": [0, 3.0312, 0.335],
						"0.625": [0, -12.8786, -1.9531],
						"0.7083": [0, 3.0575, -0.0265],
						"0.7917": [0, -17.9522, -0.8912],
						"0.875": [-5, 0, 0],
						"1.625": [0, -50, 0],
						"2.0833": [0, 0, 0],
						"3.8333": [0, 0, 0]
					}
				},
				"fin_left": {
					"rotation": {
						"0.0": [0, 0, 0],
						"0.375": [-0.0025, 12.5, -0.0217],
						"0.4583": [0, 17.9035, 1.59397],
						"0.5417": [0, -3.03122, -0.33504],
						"0.625": [0, 12.87863, 1.55312],
						"0.7083": [0, -3.05747, 0.02649],
						"0.7917": [0, 17.95215, 0.89122],
						"0.875": [0, 0, 0],
						"1.625": [0, 50, 0],
						"2.0833": [0, 0, 0],
						"3.8333": [0, 0, 0]
					}
				},
				"tail": {
					"rotation": {
						"0.0": [0, 0, 0],
						"0.2917": ["0+math.cos(q.anim_time*90*3)*0.5", "math.cos(q.anim_time*90*3-30)*1", "math.sin(q.anim_time*90*3)*0.2"],
						"0.375": [0, 10.4035, 1.59397],
						"0.4583": [0, -3.03122, -0.33504],
						"0.5417": [0, 12.87863, 1.95312],
						"0.625": [0, -0.55747, 0.02649],
						"0.7083": [0, 5.45215, 0.89122],
						"0.7917": ["-5+math.cos(q.anim_time*90*3)*0.5", "0+math.cos(q.anim_time*90*3-30)*1", "0+math.sin(q.anim_time*90*3)*0.2"],
						"1.3333": ["12.5+math.cos(q.anim_time*90*3)*0.5", "9.6647+math.cos(q.anim_time*90*3-30)*1", "0.0646+math.sin(q.anim_time*90*3)*0.2"],
						"1.5": ["10.0117+math.cos(q.anim_time*90*3)*0.5", "14.4315+math.cos(q.anim_time*90*3-30)*1", "-8.4589+math.sin(q.anim_time*90*3)*0.2"],
						"1.875": ["4.3098+math.cos(q.anim_time*90*3)*0.5", "17.8447+math.cos(q.anim_time*90*3-30)*1", "-8.324+math.sin(q.anim_time*90*3)*0.2"],
						"2.0417": ["-5.1902+math.cos(q.anim_time*90*3)*0.5", "4+math.cos(q.anim_time*90*3-30)*1", "math.sin(q.anim_time*90*3)*0.2"],
						"2.25": ["-10.5333+math.cos(q.anim_time*90*3)*0.5", "1+math.cos(q.anim_time*90*3-30)*1", "math.sin(q.anim_time*90*3)*0.2"],
						"2.6667": ["-7.5+math.cos(q.anim_time*90*3)*0.5", "math.cos(q.anim_time*90*3-30)*1", "math.sin(q.anim_time*90*3)*0.2"],
						"2.875": ["-7.5+math.cos(q.anim_time*90*3)*0.5", "0+math.cos(q.anim_time*90*20-60)*10", "math.sin(q.anim_time*90*3)*0.2"],
						"3.5417": ["0+math.cos(q.anim_time*90*3)*0.5", "0+math.cos(q.anim_time*90*3-30)*1", "0+math.sin(q.anim_time*90*3)*0.2"]
					}
				},
				"tail2": {
					"rotation": {
						"0.0": ["0+math.cos(q.anim_time*90*3)*0.5", "0+math.cos(q.anim_time*90*3-30)*1", "0+math.sin(q.anim_time*90*3)*0.2"],
						"0.375": ["-0.0025+math.cos(q.anim_time*90*3)*0.5", "12.5+math.cos(q.anim_time*90*3-30)*1", "-0.0217+math.sin(q.anim_time*90*3)*0.2"],
						"0.4583": [0, -4.5965, 1.59397],
						"0.5417": [0, 6.96878, -0.33504],
						"0.625": [0, -2.12137, 1.95312],
						"0.7083": [0, 1.94253, 0.02649],
						"0.7917": [0, -2.04785, 0.89122],
						"0.875": ["-5+math.cos(q.anim_time*90*3)*0.5", "0+math.cos(q.anim_time*90*3-30)*1", "0+math.sin(q.anim_time*90*3)*0.2"],
						"1.4167": ["0.0207+math.cos(q.anim_time*90*3)*0.5", "17.4993+math.cos(q.anim_time*90*3-30)*1", "0.1543+math.sin(q.anim_time*90*3)*0.2"],
						"1.5833": ["0.0466+math.cos(q.anim_time*90*3)*0.5", "24.999+math.cos(q.anim_time*90*3-30)*1", "-8.3559+math.sin(q.anim_time*90*3)*0.2"],
						"1.9583": ["-3.1902+math.cos(q.anim_time*90*3)*0.5", "18.9502+math.cos(q.anim_time*90*3-30)*1", "-8.324+math.sin(q.anim_time*90*3)*0.2"],
						"2.125": ["11.9667+math.cos(q.anim_time*90*3)*0.5", "4+math.cos(q.anim_time*90*3-30)*1", "math.sin(q.anim_time*90*3)*0.2"],
						"2.3333": ["-10.5333+math.cos(q.anim_time*90*3)*0.5", "1+math.cos(q.anim_time*90*3-30)*1", "math.sin(q.anim_time*90*3)*0.2"],
						"2.75": ["-7.5+math.cos(q.anim_time*90*3)*0.5", "math.cos(q.anim_time*90*3-30)*1", "math.sin(q.anim_time*90*3)*0.2"],
						"2.875": [-5.35, "0.9+math.cos(q.anim_time*90*20-120)*10", 0.17],
						"3.4583": ["0+math.cos(q.anim_time*90*3)*0.5", "0+math.cos(q.anim_time*90*3-30)*1", "0+math.sin(q.anim_time*90*3)*0.2"]
					}
				},
				"tail3": {
					"rotation": {
						"0.0": ["0+math.cos(q.anim_time*90*3)*0.5", "0+math.cos(q.anim_time*90*3-30)*1", "0+math.sin(q.anim_time*90*3)*0.2"],
						"0.375": ["-0.0025+math.cos(q.anim_time*90*3)*0.5", "12.5+math.cos(q.anim_time*90*3-30)*1", "-0.0217+math.sin(q.anim_time*90*3)*0.2"],
						"0.4583": [0, -4.5965, 1.59397],
						"0.5417": [0, 6.96878, -0.33504],
						"0.625": [0, -2.12137, 1.95312],
						"0.7083": [0, 1.94253, 0.02649],
						"0.7917": [0, -2.04785, 0.89122],
						"0.875": ["-5+math.cos(q.anim_time*90*3)*0.5", "0+math.cos(q.anim_time*90*3-30)*1", "0+math.sin(q.anim_time*90*3)*0.2"],
						"1.4167": ["0.0207+math.cos(q.anim_time*90*3)*0.5", "17.4993+math.cos(q.anim_time*90*3-30)*1", "0.1543+math.sin(q.anim_time*90*3)*0.2"],
						"1.5833": [-1.39, 19.02, -3.9],
						"1.7917": ["-3.1902+math.cos(q.anim_time*90*3)*0.5", "18.9502+math.cos(q.anim_time*90*3-30)*1", "-8.324+math.sin(q.anim_time*90*3)*0.2"],
						"2.0": ["11.9667+math.cos(q.anim_time*90*3)*0.5", "4+math.cos(q.anim_time*90*3-30)*1", "math.sin(q.anim_time*90*3)*0.2"],
						"2.25": ["-10.5333+math.cos(q.anim_time*90*3)*0.5", "1+math.cos(q.anim_time*90*3-30)*1", "math.sin(q.anim_time*90*3)*0.2"],
						"2.75": ["-7.5+math.cos(q.anim_time*90*3)*0.5", "math.cos(q.anim_time*90*3-30)*1", "math.sin(q.anim_time*90*3)*0.2"],
						"2.9167": ["-7.5+math.cos(q.anim_time*90*3)*0.5", "0.79+math.cos(q.anim_time*90*20-120)*15", 0.18],
						"3.4583": ["0+math.cos(q.anim_time*90*3)*0.5", "0+math.cos(q.anim_time*90*3-30)*1", "0+math.sin(q.anim_time*90*3)*0.2"]
					}
				},
				"upper_lip": {
					"position": {
						"0.0": [0, "-0.05-math.sin(q.anim_time*90*3+33)*0.05", 0],
						"0.5": [0, "-0.55-math.sin(q.anim_time*90*3+33)*0.05", 0],
						"1.2083": [0, "-0.05-math.sin(q.anim_time*90*3+33)*0.05", 0],
						"2.125": [0, "-0.55-math.sin(q.anim_time*90*3+33)*0.05", 0],
						"2.875": [0, "-0.05-math.sin(q.anim_time*90*3+33)*0.05", 0]
					}
				},
				"lower_lip": {
					"position": {
						"0.0": [0, "0.05+math.sin(q.anim_time*90*3+33)*0.05", 0],
						"0.5": [0, "1.3+math.sin(q.anim_time*90*3+33)*0.05", 0],
						"1.0": [0, "0.05+math.sin(q.anim_time*90*3+33)*0.05", 0],
						"2.0417": [0, "1.3+math.sin(q.anim_time*90*3+33)*0.05", 0],
						"2.875": [0, "0.05+math.sin(q.anim_time*90*3+33)*0.05", 0]
					}
				},
				"whisker_right": {
					"rotation": {
						"0.0": [0, 0, 0],
						"0.2917": [0, -16, 18],
						"0.875": [0, 10, 0],
						"1.25": [30, 30, 20],
						"1.625": [30, 30, 40],
						"2.125": [30, -10, 5],
						"2.3333": [30, 30, 41.92],
						"2.5": [30, 30, 20.75],
						"2.75": [13.64, 13.64, 4.39],
						"3.0": [0, 0, -7],
						"3.1667": [0, -7, -7],
						"3.4167": {
							"pre": [0, 9, -7],
							"post": [0, 9, -7],
							"lerp_mode": "catmullrom"
						},
						"3.6667": {
							"post": [2, -5, -7],
							"lerp_mode": "catmullrom"
						},
						"3.8333": [0, 0, 0]
					}
				},
				"whisker_left": {
					"rotation": {
						"0.0": [0, 0, 0],
						"0.25": [0, 16, -18],
						"0.875": [0, -10, 0],
						"1.25": [30, -30, -20],
						"1.625": [30, -30, -40],
						"2.1667": [30, -30, -62],
						"2.3333": [30, -30, -41.92],
						"2.5": [30, -30, -20.75],
						"2.75": [13.64, -13.64, -4.39],
						"3.0": [0, 7, 7],
						"3.1667": [0, 7, 7],
						"3.4167": {
							"pre": [0, -9, 7],
							"post": [0, -9, 7],
							"lerp_mode": "catmullrom"
						},
						"3.6667": {
							"post": [2, 5, 7],
							"lerp_mode": "catmullrom"
						},
						"3.8333": [0, 0, 0]
					}
				},
				"whisker_right2": {
					"rotation": {
						"0.0": [0, 0, 0],
						"1.0": [0, 0, 0],
						"1.1667": [0, 12, 25],
						"1.3333": {
							"pre": [0, 22, 2],
							"post": [0, 22, 2],
							"lerp_mode": "catmullrom"
						},
						"1.5833": {
							"post": [0, 28, 2],
							"lerp_mode": "catmullrom"
						},
						"1.7917": [0, 28.57, -25.86],
						"2.0": {
							"pre": [-10, 41.33, -3.22],
							"post": [-10, 41.33, -3.22],
							"lerp_mode": "catmullrom"
						},
						"2.2083": {
							"post": [-61, 33.94, -67.29],
							"lerp_mode": "catmullrom"
						},
						"2.5": [0, 0, 0]
					}
				},
				"whisker_right3": {
					"rotation": {
						"0.0": [0, 0, 0],
						"1.7917": [0, 0, 0],
						"1.9583": [0, 40, -1],
						"2.25": {
							"pre": [0, 27.22, -0.56],
							"post": [0, 27.22, -0.56],
							"lerp_mode": "catmullrom"
						},
						"2.5417": {
							"post": [0, -4.31, -0.22],
							"lerp_mode": "catmullrom"
						},
						"2.7083": [0, 0, 0]
					}
				},
				"whisker_left2": {
					"rotation": {
						"0.0": [0, 0, 0],
						"1.0": [0, 0, 0],
						"1.1667": [0, -12, -25],
						"1.3333": {
							"pre": [0, -22, -2],
							"post": [0, -22, -2],
							"lerp_mode": "catmullrom"
						},
						"1.5833": {
							"post": [0, -28, -2],
							"lerp_mode": "catmullrom"
						},
						"1.8333": [0, -13.57, -1.14],
						"2.0": {
							"pre": [0, 11.67, 9.22],
							"post": [0, 11.67, 9.22],
							"lerp_mode": "catmullrom"
						},
						"2.2083": {
							"post": [0, 36.06, 27.29],
							"lerp_mode": "catmullrom"
						},
						"2.5": [0, 0, 0]
					}
				},
				"mouth": {
					"scale": {
						"0.0": [1, 1, 1],
						"0.625": [0.8, 1.1, 1],
						"1.2917": [1, 1.2, 1],
						"1.9583": [0.8, 1.1, 1],
						"2.7083": [1, 1, 1]
					}
				},
				"pupil_closed_right": {
					"position": {
						"0.0": [0, 0, 0],
						"0.0417": {"pre": [0, 0, 0], "post": [-0.1, 0, 0]},
						"0.75": [-0.1, 0, 0],
						"0.7917": {"pre": [-0.1, 0, 0], "post": [0, 0, 0]},
						"1.125": [0, 0, 0],
						"1.1667": {"pre": [0, 0, 0], "post": [-0.1, 0, 0]},
						"1.2083": [-0.1, 0, 0],
						"1.25": {"pre": [-0.1, 0, 0], "post": [0, 0, 0]},
						"2.0": [0, 0, 0],
						"2.0417": {"pre": [0, 0, 0], "post": [-0.1, 0, 0]},
						"2.4167": [-0.1, 0, 0],
						"2.4583": {"pre": [-0.1, 0, 0], "post": [0, 0, 0]},
						"3.8333": [0, 0, 0]
					}
				},
				"pupil_closed_left": {
					"position": {
						"0.0": [0, 0, 0],
						"0.0417": {"pre": [0, 0, 0], "post": [0.1, 0, 0]},
						"0.75": [0.1, 0, 0],
						"0.7917": {"pre": [0.1, 0, 0], "post": [0, 0, 0]},
						"1.125": [0, 0, 0],
						"1.1667": {"pre": [0, 0, 0], "post": [0.1, 0, 0]},
						"1.2083": [0.1, 0, 0],
						"1.25": {"pre": [0.1, 0, 0], "post": [0, 0, 0]},
						"2.0": [0, 0, 0],
						"2.0417": {"pre": [0, 0, 0], "post": [0.1, 0, 0]},
						"2.4167": [0.1, 0, 0],
						"2.4583": {"pre": [0.1, 0, 0], "post": [0, 0, 0]},
						"3.8333": [0, 0, 0]
					}
				}
			}
		},
		"animation.magikarp.ground_faint": {
			"loop": "hold_on_last_frame",
			"animation_length": 3,
			"bones": {
				"body": {
					"rotation": {
						"0.0": [0, "0-math.sin(q.anim_time*90*5*2-90)*15", -90],
						"0.1667": [23.86213, "-2.0692-math.sin(q.anim_time*90*5*2-90)*15", -85.30801],
						"0.2917": [24.35501, "-4.1839-math.sin(q.anim_time*90*5*2-90)*15", -80.8925],
						"0.4167": [5.36031, "1.952-math.sin(q.anim_time*90*5*2-90)*15", -105.43541],
						"0.5": [-10.78, 1.17, -99.26],
						"0.625": [-35, "-math.sin(q.anim_time*90*5*2-90)*15", -90],
						"0.7083": [-32.01, 3.95, -83.34],
						"0.7917": [4.9905, 5.95077, -79.77155],
						"0.875": [-3.21325, -12.75842, -69.71277],
						"0.9583": [-1.65505, -22.4422, -64.07164],
						"1.0833": [-3.1, -26.85, -54.8],
						"1.2083": [0, -22, -65],
						"1.3333": [-2, -9.5, -79.7],
						"1.4583": [-15.14966, -3.31589, -102.05893],
						"1.5417": [-22.17359, 6.00313, -99.95685],
						"1.625": [-27, 15, -90],
						"1.7083": [-30, -1.5, -90],
						"1.75": [-30, -5.5, -90],
						"1.8333": [-30.5, 2, -90]
					},
					"position": {
						"0.0": [0, "-5+math.sin(q.anim_time*90*5*2+66)*3+3+math.clamp(math.sin(q.anim_time*90*5*2+33)*2.5,-10,0)", 0],
						"0.0833": [1.5, "-5+math.sin(q.anim_time*90*5*2+66)*3+3+math.clamp(math.sin(q.anim_time*90*5*2+33)*2.5,-10,0)", 0],
						"0.1667": [2.5, "-5+math.sin(q.anim_time*90*5*2+66)*3+3+math.clamp(math.sin(q.anim_time*90*5*2+33)*2.5,-10,0)", 0],
						"0.2917": [3, "-5+math.sin(q.anim_time*90*5*2+66)*3+3+math.clamp(math.sin(q.anim_time*90*5*2+33)*2.5,-10,0)", 0],
						"0.5": [-3.34, "-5+math.sin(q.anim_time*90*5*2+66)*3+3+math.clamp(math.sin(q.anim_time*90*5*2+33)*2.5,-10,0)", 0],
						"0.625": [-5.4, "-5+math.sin(q.anim_time*90*5*2+66)*3+3+math.clamp(math.sin(q.anim_time*90*5*2+33)*2.5,-10,0)", 0],
						"0.6667": [-5.97, -6.95, 0],
						"0.75": [-4.7, 2, 0],
						"0.8333": [-3, 15.2, 0],
						"0.9167": [-1.25, 19.2, 0],
						"1.0833": [0, 20.2, 0],
						"1.1667": [1, 17.2, 0],
						"1.25": [1, 10, 0],
						"1.2917": [1, 1.5, 0],
						"1.375": [0, -7.75, 0],
						"1.5": [0, -3.5, 0],
						"1.5833": [0, -3.7, 0],
						"1.6667": [0, -4.8, 0],
						"1.7917": [0, -7.55, 0]
					},
					"scale": {
						"0.0": [1, 1, 1],
						"1.3333": [1, 1, 1],
						"1.375": [0.77, 1.11, 1.15],
						"1.4583": [1, 1, 1],
						"1.6667": [1, 1, 1],
						"1.7083": [1, 1.025, 1.025],
						"1.75": [1, 1, 1]
					}
				},
				"whisker_right": {
					"rotation": {
						"0.0": [-45.51039, "28.1524+math.sin(q.anim_time*90*5*2-130)*15", -37.39406],
						"0.625": [-45.51039, "28.1524+math.sin(q.anim_time*90*5*2-130)*15", -37.39406],
						"0.7917": [-45.51, 28.1524, -37.39],
						"0.9167": [-47.77, 17.41, -29.1],
						"1.0": [-49.27448, 10.25483, -30.24503],
						"1.1667": [-49.27448, 8.25483, -30.24503],
						"1.375": [-87.79589, 0.29381, -85.81144],
						"1.4583": [-87.60839, -4.5107, -91.00518],
						"1.5833": [-88.42933, -4.85729, -80.9776],
						"1.8333": [-87.79589, 0.29381, -85.81144]
					}
				},
				"whisker_right2": {
					"rotation": {
						"0.0": [0, "37.5+math.sin(q.anim_time*90*5*2-160)*15", 0],
						"0.625": [0, "37.5+math.sin(q.anim_time*90*5*2-160)*15", 0],
						"0.7917": [-9.42961, 36.46498, -15.61249],
						"1.0417": [5.50672, -13.04383, -23.13002],
						"1.375": [-3.0477, 25.86366, -26.18929],
						"1.4583": [-2.77932, -9.09757, -24.41886],
						"1.7083": [-2.82092, 13.37625, -25.51176],
						"1.9583": [-2.74914, 3.388, -25.02124]
					}
				},
				"whisker_right3": {
					"rotation": {
						"0.0": [0, "17.5+math.sin(q.anim_time*90*5*2-190)*30", 0],
						"0.625": [0, "17.5+math.sin(q.anim_time*90*5*2-190)*30", 0],
						"0.7917": [0, 17.5, 0],
						"0.875": [0.06, -4.69, 2.31],
						"1.0417": [0.93472, -17.85671, 1.99024],
						"1.25": [0.24, 1.71, 7.11],
						"1.4583": [5.73244, 35.40466, 18.81866],
						"1.7083": [4.00581, 24.98499, 25.51563],
						"2.0": [0.57414, 1.3858, 22.50694]
					}
				},
				"whisker_left": {
					"rotation": {
						"0.0": [-36.34837, "-18.3909+math.sin(q.anim_time*90*5*2)*15", 29.43511],
						"0.625": [-36.34837, "-18.3909+math.sin(q.anim_time*90*5*2)*15", 29.43511],
						"0.7917": [-36.34837, -18.3909, 29.43511],
						"0.875": [-34.32233, -4.0754, 19.14234],
						"1.0": [-35.50711, 14.45335, 6.26718],
						"1.125": [-36.46734, 25.90788, 17.2585],
						"1.4167": [-37.96924, 3.71636, 39.93108],
						"1.625": [-36.60149, 13.7456, 44.67327],
						"1.8333": [-37.18967, -16.6311, 66.93378],
						"3.0": [-37.6459, -15.41577, 68.58641]
					}
				},
				"whisker_left2": {
					"rotation": {
						"0.0": [0, "-37.5+math.sin(q.anim_time*90*5*2-30)*15", 0],
						"0.625": [0, "-37.5+math.sin(q.anim_time*90*5*2-30)*15", 0],
						"0.7917": [0, -39.5, 0],
						"0.875": [-3.66565, -21.38598, 27.49429],
						"1.0417": [-3.56, -2.6, 26.93],
						"1.2917": [-3.45468, -8.9099, 26.69173],
						"1.4583": [-12.12465, -34.38504, 13.0975],
						"1.7083": [-9.88014, -12.25, 8.30953],
						"1.9583": [-18.98952, -32.90851, 12.33041]
					}
				},
				"whisker_left3": {
					"rotation": {
						"0.0": [0, "-22.5+math.sin(q.anim_time*90*5*2-60)*30", 0],
						"0.625": [0, "-22.5+math.sin(q.anim_time*90*5*2-60)*30", 0],
						"0.7917": [0, -22.5, 0],
						"0.875": [0, -37.5, 0],
						"1.0417": [0, 2.5, 0],
						"1.2917": [0, 24.5, 0],
						"1.5": [0, -33, 0],
						"1.7083": [0, 15.5, 0],
						"2.0": [0, -33, 0],
						"3.0": [0, -34, 0]
					}
				},
				"fin_right": {
					"rotation": {
						"0.0": [0, "-12.5-math.cos(q.anim_time*90*5*2-90)*15", 0],
						"0.625": [0, "-12.5-math.cos(q.anim_time*90*5*2-90)*15", 0],
						"0.7917": [0, -19.5, 0],
						"0.9583": [0, -28.25, 0],
						"1.1667": [0, -33, 0],
						"1.3333": [0, -23, 0],
						"1.4583": [0, 6.5, 0],
						"1.625": [0, -12, 0],
						"1.875": [0, 8, 0]
					}
				},
				"fin_left": {
					"rotation": {
						"0.0": [0, "12.5+math.cos(q.anim_time*90*5*2-90)*20", 0],
						"0.625": [0, "12.5+math.cos(q.anim_time*90*5*2-90)*20", 0],
						"0.7917": [0, 19.5, 0],
						"0.9583": [0, 49, 0],
						"1.1667": [0, 58, 0],
						"1.3333": [0, 23, 0],
						"1.4583": [0, -6.5, 0],
						"1.625": [0, -0.5, 0],
						"1.875": [0, -8, 0],
						"3.0": [0, -12, 0]
					}
				},
				"tail": {
					"rotation": {
						"0.0": [0, "0+math.sin(q.anim_time*90*5*2-90)*20", 0],
						"0.625": [0, "0+math.sin(q.anim_time*90*5*2-90)*20", 0],
						"0.7917": [0, -10, 0],
						"0.875": [0, 5, 0],
						"1.0417": [0, 29.5, 0],
						"1.1667": [0, 34.47, 0],
						"1.2917": [0, 25.44, 0],
						"1.4167": [0, -3, 0],
						"1.625": [0, -13, 0],
						"1.75": [0, 0.3, 0],
						"1.8333": [0, -5, 0],
						"1.9167": [0, -2.5, 0]
					}
				},
				"tail2": {
					"rotation": {
						"0.0": [0, "0+math.sin(q.anim_time*90*5*2-60)*20", 0],
						"0.625": [0, "0+math.sin(q.anim_time*90*5*2-60)*20", 0],
						"0.7917": [0, -12.5, 0],
						"0.875": [0, 5, 0],
						"1.0417": [0, 29.5, 0],
						"1.2083": [0, 34.47, 0],
						"1.375": [0, 25.44, 0],
						"1.5": [0, -3, 0],
						"1.6667": [0, -15.5, 0],
						"1.75": [0, 2.3, 0],
						"1.9583": [0, -10.5, 0]
					}
				},
				"tail3": {
					"rotation": {
						"0.0": [0, "0+math.sin(q.anim_time*90*5*2-30)*20", 0],
						"0.625": [0, "0+math.sin(q.anim_time*90*5*2-30)*20", 0],
						"0.7917": [0, -7.5, 0],
						"0.875": [0, 5, 0],
						"1.1667": [0, 29.5, 0],
						"1.2917": [0, 34.47, 0],
						"1.4583": [0, 25.44, 0],
						"1.5833": [0, -3, 0],
						"1.75": [0, 26, 0],
						"1.8333": [0, -17.7, 0],
						"1.9167": [0, -8, 0]
					}
				},
				"upper_lip": {
					"position": {
						"0.0": [0, "-0.5+math.sin(q.anim_time*90*5*2-90)*0.5", 0],
						"0.625": [0, "-0.5+math.sin(q.anim_time*90*5*2-90)*0.5", 0],
						"0.7917": [0, -0.5, 0],
						"0.9167": [0, -0.25, 0],
						"1.0": [0, 0, 0],
						"1.4583": [0, -0.25, 0],
						"1.5417": [0, 0, 0],
						"1.625": [0, 0, 0],
						"1.7083": [0, 0, 0]
					}
				},
				"lower_lip": {
					"position": {
						"0.0": [0, "0.5-math.sin(q.anim_time*90*5*2)*0.5", 0],
						"0.625": [0, "0.5-math.sin(q.anim_time*90*5*2)*0.5", 0],
						"0.7917": [0, 0.5, 0],
						"0.9167": [0, 0.25, 0],
						"1.0": [0, 0, 0],
						"1.2917": [0, 0.25, 0],
						"1.4167": [0, 1, 0],
						"1.5417": [0, 1.75, 0],
						"1.625": [0, 1.25, 0],
						"1.7083": [0, 0.25, 0]
					}
				},
				"pupil_closed_right": {
					"position": {
						"0.0": [0, 0, 0],
						"0.1667": [0, 0, 0],
						"0.2083": {"pre": [0, 0, 0], "post": [-0.1, 0, 0]},
						"0.375": [-0.1, 0, 0],
						"0.4167": {"pre": [-0.1, 0, 0], "post": [0, 0, 0]},
						"0.6667": [0, 0, 0],
						"0.7083": {"pre": [0, 0, 0], "post": [-0.1, 0, 0]},
						"0.7917": [-0.1, 0, 0],
						"0.8333": {"pre": [-0.1, 0, 0], "post": [0, 0, 0]},
						"0.875": {"pre": [0, 0, 0], "post": [-0.1, 0, 0]},
						"1.125": {"pre": [-0.1, 0, 0], "post": [0, 0, 0]},
						"1.2917": [0, 0, 0],
						"1.3333": {"pre": [0, 0, 0], "post": [-0.1, 0, 0]},
						"1.5": [-0.1, 0, 0],
						"1.5417": {"pre": [-0.1, 0, 0], "post": [0, 0, 0]},
						"1.75": [0, 0, 0],
						"1.7917": {"pre": [0, 0, 0], "post": [-0.1, 0, 0]},
						"3.0": [-0.1, 0, 0]
					}
				},
				"pupil_closed_left": {
					"position": {
						"0.0": [0, 0, 0],
						"0.1667": [0, 0, 0],
						"0.2083": {"pre": [0, 0, 0], "post": [0.1, 0, 0]},
						"0.375": [0.1, 0, 0],
						"0.4167": {"pre": [0.1, 0, 0], "post": [0, 0, 0]},
						"0.6667": [0, 0, 0],
						"0.7083": {"pre": [0, 0, 0], "post": [0.1, 0, 0]},
						"0.7917": [0.1, 0, 0],
						"0.8333": {"pre": [0.1, 0, 0], "post": [0, 0, 0]},
						"0.875": {"pre": [0, 0, 0], "post": [0.1, 0, 0]},
						"1.125": {"pre": [0.1, 0, 0], "post": [0, 0, 0]},
						"1.2917": [0, 0, 0],
						"1.3333": {"pre": [0, 0, 0], "post": [0.1, 0, 0]},
						"1.5": [0.1, 0, 0],
						"1.5417": {"pre": [0.1, 0, 0], "post": [0, 0, 0]},
						"1.75": [0, 0, 0],
						"1.7917": {"pre": [0, 0, 0], "post": [0.1, 0, 0]},
						"3.0": [0.1, 0, 0]
					}
				},
				"eyelid_right": {
					"position": {
						"0.0": [0, 0, 0],
						"0.1667": [0, 0, 0],
						"0.2083": [-0.1, 0, 0],
						"0.375": [-0.1, 0, 0],
						"0.4167": [0, 0, 0],
						"0.6667": [0, 0, 0],
						"0.7083": [-0.1, 0, 0],
						"0.7917": [0.1, 0, 0],
						"0.8333": [0, 0, 0],
						"0.875": [-0.1, 0, 0],
						"1.125": [0, 0, 0],
						"1.2917": [0, 0, 0],
						"1.3333": [-0.1, 0, 0],
						"1.5": [-0.1, 0, 0],
						"1.5417": [0, 0, 0],
						"1.75": [0, 0, 0],
						"1.7917": [-0.1, 0, 0]
					}
				}
			}
		},
		"animation.magikarp.water_faint": {
			"loop": "hold_on_last_frame",
			"animation_length": 3,
			"bones": {
				"body": {
					"rotation": {
						"0.0": ["0+math.cos(q.anim_time*90*3)*0.5", "0+math.cos(q.anim_time*90*3-30)*1", "0+math.sin(q.anim_time*90*3)*0.2"],
						"0.125": ["2.505+math.cos(q.anim_time*90*3)*0.5", "2.4968+math.cos(q.anim_time*90*3-30)*1", "0.1274+math.sin(q.anim_time*90*3)*0.2"],
						"0.25": [4.3, "0.79+math.cos(q.anim_time*90*3*10)*10", 0.18],
						"0.5": [10.22, 0.22, 0.16],
						"0.5833": [13.38, -0.19, 0.12],
						"0.7083": ["10+math.cos(q.anim_time*90*3)*0.5", "0+math.cos(q.anim_time*90*3-30)*1", "0+math.sin(q.anim_time*90*3)*0.2"],
						"1.0": ["-12.5+math.cos(q.anim_time*90*3)*0.5", "math.cos(q.anim_time*90*3-30)*1", "math.sin(q.anim_time*90*3)*0.2"],
						"1.125": [-19.98, 0.26, -0.14],
						"1.5": {
							"pre": [-30.79, -9.18, -5.96],
							"post": [-30.79, -9.18, -5.96],
							"lerp_mode": "catmullrom"
						},
						"1.6667": {
							"post": [-30.75, -11.37, 2.34],
							"lerp_mode": "catmullrom"
						},
						"2.0833": {
							"post": [-19.32, -2.18, -10.32],
							"lerp_mode": "catmullrom"
						},
						"2.625": {
							"post": [-14.64, -0.62, -78.09],
							"lerp_mode": "catmullrom"
						},
						"3.0": [-9.82285, 18.21909, -92.39053]
					},
					"position": {
						"0.0": [0, "0+math.sin(q.anim_time*90*3+33)*0.2", 0],
						"0.1667": [0, "-1+math.sin(q.anim_time*90*3+33)*0.2", 3.37],
						"0.4167": [0, "-1+math.sin(q.anim_time*90*3+33)*0.2", 4.23],
						"0.5417": [0, "-1+math.sin(q.anim_time*90*3+33)*0.2", 4.49],
						"0.625": [0, "-1+math.sin(q.anim_time*90*3+33)*0.2", 4.25],
						"0.75": [0, -0.04, 3.13],
						"0.875": [0, 1.06, 1.3],
						"0.9583": [0, "2+math.sin(q.anim_time*90*3+33)*0.2", 0.25],
						"1.0833": [0, 3.26, 0],
						"1.25": [0, "5.75+math.sin(q.anim_time*90*3+33)*0.2", 0],
						"1.375": [0, 7.49, 0],
						"1.5": [0, 10.62, 0],
						"1.7083": {
							"pre": [0, 13.62, 0],
							"post": [0, 13.62, 0],
							"lerp_mode": "catmullrom"
						},
						"2.1667": {
							"post": [0, 11.1, 0],
							"lerp_mode": "catmullrom"
						},
						"2.5417": {
							"post": [0, 1.44, 0],
							"lerp_mode": "catmullrom"
						},
						"2.75": {
							"post": [0, -3.33, 0],
							"lerp_mode": "catmullrom"
						},
						"3.0": [0, -5.58, 0]
					}
				},
				"whisker_right": {
					"rotation": {
						"0.0": [-88.66, -2.16, -62.0655],
						"0.1667": [-89.26493, -2.43318, -47.0558],
						"0.2917": [-89.26, "-1.43-math.cos(q.anim_time*90*3*10-30)*5", "-37.06+math.cos(q.anim_time*90*3*10-60)*15"],
						"0.5833": [-88.47327, -2.03033, -56.06716],
						"0.7917": [-89.26493, -2.43318, -47.0558],
						"0.9583": [-89.05, -2.36, -63.0596],
						"1.5833": [-89.05, -2.36, -63.0596],
						"1.875": [-89.36633, -2.4638, -55.55406],
						"2.0": [-88.40985, -2.23101, -66.0896],
						"2.2083": [-88.0466, -1.92103, -80.09139],
						"2.5833": [-100.2194, -38.63485, -64.01121],
						"2.875": [-113.70973, -39.35014, -70.37958],
						"3.0": [-99.6183, -40.36226, -76.75969]
					}
				},
				"whisker_right2": {
					"rotation": {
						"0.0": [-2.10769, "22.3989-math.cos(q.anim_time*90*3-30)*5", -5.4207],
						"0.1667": [-3.39898, 23.102, -25.02465],
						"0.25": [-3.41, "22.84-math.cos(q.anim_time*90*3*10-60)*5", "-23.58+math.cos(q.anim_time*90*3*10-120)*10"],
						"0.625": [-3.56326, 16.09949, -23.06325],
						"0.75": {
							"pre": [-3.63464, 18.09403, -23.08597],
							"post": [-3.63464, 18.09403, -23.08597],
							"lerp_mode": "catmullrom"
						},
						"1.0": {
							"post": [-3.98322, 31.05486, -24.43092],
							"lerp_mode": "catmullrom"
						},
						"1.2083": {
							"post": [-3.7289, 36.58158, -23.57576],
							"lerp_mode": "catmullrom"
						},
						"1.5417": {
							"post": [-3.38, 31.94, -22.8],
							"lerp_mode": "catmullrom"
						},
						"1.7917": {
							"post": [-3.22, 21.78, -22.38],
							"lerp_mode": "catmullrom"
						},
						"2.0417": {
							"post": [-3.06462, 3.62246, -21.96645],
							"lerp_mode": "catmullrom"
						},
						"2.375": {
							"post": [-3.22895, 25.06412, -22.25162],
							"lerp_mode": "catmullrom"
						},
						"2.625": {
							"post": [-10.19173, 39.61932, -23.73201],
							"lerp_mode": "catmullrom"
						},
						"2.8333": {
							"post": [-25.78728, 48.56612, -29.05524],
							"lerp_mode": "catmullrom"
						},
						"3.0": [-25.78728, 48.56612, -29.05524]
					}
				},
				"whisker_right3": {
					"rotation": {
						"0.0": [0.53819, 2.3836, 12.50006],
						"0.1667": [4.65524, -1.28956, 37.61177],
						"0.25": [4.04681, "8.4908-math.cos(q.anim_time*90*3*10-90)*15", "40.7931+math.cos(q.anim_time*90*3*10-180)*10"],
						"0.625": [5.64836, -11.6664, 34.58072],
						"1.0": {
							"pre": [5.65, -24.6664, 24.58],
							"post": [5.65, -24.6664, 24.58],
							"lerp_mode": "catmullrom"
						},
						"1.3333": {
							"post": [5.49991, 3.57291, 22.0873],
							"lerp_mode": "catmullrom"
						},
						"1.625": [-2.48819, 31.2186, 20.11274],
						"1.9167": {
							"pre": [-2.49, 37.22, 20.11],
							"post": [-2.49, 37.22, 20.11],
							"lerp_mode": "catmullrom"
						},
						"2.2917": {
							"post": [9.29173, 36.18515, 18.48063],
							"lerp_mode": "catmullrom"
						},
						"2.5": {
							"post": [13.06659, 45.11417, 19.62324],
							"lerp_mode": "catmullrom"
						},
						"2.7917": {
							"post": [10.06659, 45.11417, 19.62324],
							"lerp_mode": "catmullrom"
						},
						"3.0": [7.69369, 22.87246, 15.45999]
					},
					"position": [0, 0, 0]
				},
				"whisker_left": {
					"rotation": {
						"0.0": [-88.66, 2.16, 62.0655],
						"0.1667": [-89.26493, 2.43318, 47.0558],
						"0.2917": [-89.26, "1.43-math.cos(q.anim_time*90*3*10-30)*5", "37.06+math.cos(q.anim_time*90*3*10-60)*15"],
						"0.5833": [-88.47327, 2.03033, 56.06716],
						"0.7917": [-89.26493, 2.43318, 47.0558],
						"0.9583": [-89.05, 2.36, 63.0596],
						"1.5833": [-89.05, 2.36, 63.0596],
						"1.875": [-89.36633, 2.4638, 55.55406],
						"2.0833": [-91.02857, 2.53918, 24.53584],
						"2.25": [-74.03, 2.54, 12.54],
						"2.625": [-68.45365, 0.13617, 15.53857],
						"2.9167": [-68.45365, 0.13617, 43.53857],
						"3.0": [-68.53921, 1.96997, 75.886]
					}
				},
				"whisker_left2": {
					"rotation": {
						"0.0": [-2.10769, "-22.3989-math.cos(q.anim_time*90*3-30)*5", 5.4207],
						"0.1667": [-3.39898, -23.102, 25.02465],
						"0.25": [-3.41, "-22.84-math.cos(q.anim_time*90*3*10-60)*5", "23.58+math.cos(q.anim_time*90*3*10-120)*10"],
						"0.625": [-3.56326, -16.09949, 23.06325],
						"0.75": {
							"pre": [-3.63464, -18.09403, 23.08597],
							"post": [-3.63464, -18.09403, 23.08597],
							"lerp_mode": "catmullrom"
						},
						"1.0": {
							"post": [-3.98322, -31.05486, 24.43092],
							"lerp_mode": "catmullrom"
						},
						"1.2083": {
							"post": [-3.7289, -36.58158, 23.57576],
							"lerp_mode": "catmullrom"
						},
						"1.5417": {
							"post": [-3.38, -31.94, 22.8],
							"lerp_mode": "catmullrom"
						},
						"1.7917": {
							"post": [-3.22, -21.78, 22.38],
							"lerp_mode": "catmullrom"
						},
						"2.0417": {
							"post": [-3.06462, -3.62246, 21.96645],
							"lerp_mode": "catmullrom"
						},
						"2.2917": {
							"post": [-3.06462, 17.37754, 19.96645],
							"lerp_mode": "catmullrom"
						},
						"2.5833": {
							"post": [-2.54559, 25.39759, 21.86165],
							"lerp_mode": "catmullrom"
						},
						"2.8333": {
							"post": [1.00514, 22.75896, 42.93257],
							"lerp_mode": "catmullrom"
						},
						"3.0": [2.69228, 5.99487, 31.42764]
					}
				},
				"whisker_left3": {
					"rotation": {
						"0.0": [0.53819, -2.3836, -12.50006],
						"0.1667": [4.65524, 1.28956, -37.61177],
						"0.25": [4.04681, "-8.4908-math.cos(q.anim_time*90*3*10-90)*15", "-40.7931+math.cos(q.anim_time*90*3*10-180)*10"],
						"0.625": [5.64836, 11.6664, -34.58072],
						"1.0": {
							"pre": [5.65, 24.6664, -24.58],
							"post": [5.65, 24.6664, -24.58],
							"lerp_mode": "catmullrom"
						},
						"1.3333": {
							"post": [5.49991, -3.57291, -22.0873],
							"lerp_mode": "catmullrom"
						},
						"1.625": [-2.48819, -31.2186, -20.11274],
						"1.9167": {
							"pre": [-2.49, -37.22, -20.11],
							"post": [-2.49, -37.22, -20.11],
							"lerp_mode": "catmullrom"
						},
						"2.2917": {
							"post": [-2.49, -10.22, -20.11],
							"lerp_mode": "catmullrom"
						},
						"2.5": {
							"post": [-2.64773, 16.24909, -21.5552],
							"lerp_mode": "catmullrom"
						},
						"2.7917": {
							"post": [-8.02649, 33.82146, -23.23982],
							"lerp_mode": "catmullrom"
						},
						"3.0": [-13.12181, 41.76679, -27.66326]
					},
					"position": [0, 0, 0]
				},
				"fin_right": {
					"rotation": {
						"0.0": [0, 0, 0],
						"0.0833": [-15.77305, -18.56282, 23.15123],
						"0.1667": [-10.39316, -24.12835, 16.41704],
						"0.2917": {
							"pre": [-2.64, -10.24, 0],
							"post": [-2.64, -10.24, 0],
							"lerp_mode": "catmullrom"
						},
						"0.375": {
							"post": [2.53331, 12.3542, -10.94316],
							"lerp_mode": "catmullrom"
						},
						"0.4583": {
							"post": [-1.47765, 17.23468, 2.18381],
							"lerp_mode": "catmullrom"
						},
						"0.5833": [-8.09, 6.16, 12.78],
						"0.7083": [-15.77305, -18.56282, 23.15123],
						"0.7917": [-26.39316, -24.12835, 28.41704],
						"0.9167": {
							"pre": [-20.43132, -9.5853, 22.02495],
							"post": [-20.43132, -9.5853, 22.02495],
							"lerp_mode": "catmullrom"
						},
						"1.0": {
							"post": [-8.46669, 12.3542, -2.94316],
							"lerp_mode": "catmullrom"
						},
						"1.0833": {
							"post": [-3.47765, 17.23468, 2.18381],
							"lerp_mode": "catmullrom"
						},
						"1.1667": [-8.09, 6.16, 12.78],
						"1.2917": [-15.77305, -18.56282, 23.15123],
						"1.375": [-10.39316, -24.12835, 16.41704],
						"1.5": [-2.64, -10.24, 0],
						"1.6667": {
							"pre": [-18.95334, -29.85752, 21.24653],
							"post": [-18.95334, -29.85752, 21.24653],
							"lerp_mode": "catmullrom"
						},
						"1.8333": {
							"post": [-26.0116, -48.4874, 28.33004],
							"lerp_mode": "catmullrom"
						},
						"2.0": {
							"post": [-107.09188, -53.26389, 119.85318],
							"lerp_mode": "catmullrom"
						},
						"2.375": {
							"post": [-97.95, -27.32, 83.47],
							"lerp_mode": "catmullrom"
						},
						"2.75": [0.59034, 19.27227, 1.14361]
					}
				},
				"fin_left": {
					"rotation": {
						"0.0": [0, 0, 0],
						"0.0833": [-15.77305, 18.56282, -23.15123],
						"0.1667": [-10.39316, 24.12835, -16.41704],
						"0.2917": {
							"pre": [-2.64, 10.24, 0],
							"post": [-2.64, 10.24, 0],
							"lerp_mode": "catmullrom"
						},
						"0.375": {
							"post": [2.53331, -12.3542, 10.94316],
							"lerp_mode": "catmullrom"
						},
						"0.4583": {
							"post": [-1.47765, -17.23468, -2.18381],
							"lerp_mode": "catmullrom"
						},
						"0.5833": [-8.09, -6.16, -12.78],
						"0.7083": [-15.77305, 18.56282, -23.15123],
						"0.7917": [-26.39316, 24.12835, -28.41704],
						"0.9167": {
							"pre": [-20.43132, 9.5853, -22.02495],
							"post": [-20.43132, 9.5853, -22.02495],
							"lerp_mode": "catmullrom"
						},
						"1.0": {
							"post": [-8.46669, -12.3542, 2.94316],
							"lerp_mode": "catmullrom"
						},
						"1.0833": {
							"post": [-3.47765, -17.23468, -2.18381],
							"lerp_mode": "catmullrom"
						},
						"1.1667": [-8.09, -6.16, -12.78],
						"1.2917": [-15.77305, 18.56282, -23.15123],
						"1.375": [-10.39316, 24.12835, -16.41704],
						"1.5": [-2.64, 10.24, 0],
						"1.6667": {
							"pre": [-18.95334, 29.85752, -21.24653],
							"post": [-18.95334, 29.85752, -21.24653],
							"lerp_mode": "catmullrom"
						},
						"1.8333": {
							"post": [-26.0116, 48.4874, -28.33004],
							"lerp_mode": "catmullrom"
						},
						"2.0": {
							"post": [-107.09188, 53.26389, -119.85318],
							"lerp_mode": "catmullrom"
						},
						"2.375": {
							"post": [-97.95, 27.32, -83.47],
							"lerp_mode": "catmullrom"
						},
						"2.75": {
							"post": [1.4108, 35.72178, 0.03257],
							"lerp_mode": "catmullrom"
						},
						"3.0": [0.76538, 10.72576, -0.75413]
					}
				},
				"tail": {
					"rotation": {
						"0.0": [0, "0+math.cos(q.anim_time*90*3-30)*0.5", 0],
						"0.125": [0, "0+math.cos(q.anim_time*90*3-30)*0.5", 0],
						"0.25": [0, "5-math.cos(q.anim_time*90*3*10-90)*5", 0],
						"0.7083": [0, 0, 0],
						"1.0": {
							"pre": [0, 4.75, 0],
							"post": [0, 4.75, 0],
							"lerp_mode": "catmullrom"
						},
						"1.9167": {
							"post": [0, -20.75, 0],
							"lerp_mode": "catmullrom"
						},
						"2.25": {
							"post": [0, -11.75, 0],
							"lerp_mode": "catmullrom"
						},
						"2.5": {
							"post": [0, 8.25, 0],
							"lerp_mode": "catmullrom"
						},
						"3.0": [0, 17.91, 0]
					}
				},
				"tail2": {
					"rotation": {
						"0.0": [0, "0+math.cos(q.anim_time*90*3-30)*0.5", 0],
						"0.125": [0, "0+math.cos(q.anim_time*90*3-30)*0.5", 0],
						"0.25": [0, "7.5-math.cos(q.anim_time*90*3*10-270)*20", 0],
						"0.7083": [0, 0, 0],
						"1.0": {
							"pre": [0, 10, 0],
							"post": [0, 10, 0],
							"lerp_mode": "catmullrom"
						},
						"2.0": {
							"post": [0, -32.5, 0],
							"lerp_mode": "catmullrom"
						},
						"2.4583": {
							"post": [0, 29.5, 0],
							"lerp_mode": "catmullrom"
						},
						"2.7083": {
							"post": [0, 23.5, 0],
							"lerp_mode": "catmullrom"
						},
						"3.0": [0, 8.5, 0]
					}
				},
				"tail3": {
					"rotation": {
						"0.0": [0, "0+math.cos(q.anim_time*90*3-30)*0.5", 0],
						"0.125": [0, "0+math.cos(q.anim_time*90*3-30)*0.5", 0],
						"0.25": [0, "7.5-math.cos(q.anim_time*90*3*10-270)*20", 0],
						"0.7083": [0, 0, 0],
						"1.0": {
							"pre": [0, 7.75, 0],
							"post": [0, 7.75, 0],
							"lerp_mode": "catmullrom"
						},
						"2.0": {
							"post": [0, -17.75, 0],
							"lerp_mode": "catmullrom"
						},
						"2.625": {
							"post": [0, 31.75, 0],
							"lerp_mode": "catmullrom"
						},
						"3.0": [0, 17.25, 0]
					}
				},
				"upper_lip": {
					"position": {
						"0.0": [0, "-0.05-math.sin(q.anim_time*90*3+33)*0.05", 0],
						"0.1667": [0, "-0.8-math.sin(q.anim_time*90*3+33)*0.05", 0],
						"0.5417": [0, "-1.05-math.sin(q.anim_time*90*3+33)*0.05", 0],
						"1.2083": [0, "-0.2-math.sin(q.anim_time*90*3+33)*0.05", 0],
						"2.0417": [0, "-0.2-math.sin(q.anim_time*90*3+33)*0.05", 0],
						"2.25": [0, "-1.2-math.sin(q.anim_time*90*3+33)*0.05", 0]
					}
				},
				"lower_lip": {
					"position": {
						"0.0": [0, "0.2-math.sin(q.anim_time*90*3+33)*0.05", 0],
						"0.1667": [0, "0.2-math.sin(q.anim_time*90*3+33)*0.05", 0],
						"0.5417": [0, "0.95-math.sin(q.anim_time*90*3+33)*0.05", 0],
						"1.2083": [0, "0.3-math.sin(q.anim_time*90*3+33)*0.05", 0],
						"2.25": [0, "0.55-math.sin(q.anim_time*90*3+33)*0.05", 0]
					}
				},
				"mouth": {
					"scale": {
						"0.0": [1, 1, 1],
						"1.0": [1, 1, 1],
						"1.2083": [0.8, 1.3, 1],
						"1.75": [0.8, 1.2, 1],
						"2.25": [1, 1, 1]
					}
				},
				"pupil_closed_right": {
					"position": {
						"0.0": [0, 0, 0],
						"0.2083": [0, 0, 0],
						"0.25": {"pre": [0, 0, 0], "post": [-0.1, 0, 0]},
						"0.625": [-0.1, 0, 0],
						"0.6667": {"pre": [-0.1, 0, 0], "post": [0, 0, 0]},
						"1.8333": [0, 0, 0],
						"1.875": {"pre": [0, 0, 0], "post": [-0.1, 0, 0]},
						"3.0": [-0.1, 0, 0]
					}
				},
				"pupil_closed_left": {
					"position": {
						"0.0": [0, 0, 0],
						"0.2083": [0, 0, 0],
						"0.25": {"pre": [0, 0, 0], "post": [0.1, 0, 0]},
						"0.625": [0.1, 0, 0],
						"0.6667": {"pre": [0.1, 0, 0], "post": [0, 0, 0]},
						"1.8333": [0, 0, 0],
						"1.875": {"pre": [0, 0, 0], "post": [0.1, 0, 0]},
						"3.0": [0.1, 0, 0]
					}
				},
				"eyelid_right": {
					"position": {
						"0.0": [0, 0, 0],
						"0.2083": [0, 0, 0],
						"0.25": [-0.1, 0, 0],
						"0.625": [-0.1, 0, 0],
						"0.6667": [0, 0, 0],
						"1.8333": [0, 0, 0],
						"1.875": [-0.1, 0, 0]
					}
				}
			}
		},
		"animation.magikarp.blink": {
			"animation_length": 0.1667,
			"bones": {
				"pupil_right": {
					"position": {
						"0.0": [0.1, 0, 0],
						"0.125": [0.1, 0, 0],
						"0.1667": {"pre": [0.1, 0, 0], "post": [0, 0, 0]}
					}
				},
				"pupil_left": {
					"position": {
						"0.0": [-0.1, 0, 0],
						"0.125": [-0.1, 0, 0],
						"0.1667": {"pre": [-0.1, 0, 0], "post": [0, 0, 0]}
					}
				},
				"pupil_closed_right": {
					"position": {
						"0.0": [-0.1, 0, 0],
						"0.125": [-0.1, 0, 0],
						"0.1667": {"pre": [-0.1, 0, 0], "post": [0, 0, 0]}
					}
				},
				"pupil_closed_left": {
					"position": {
						"0.0": [0.1, 0, 0],
						"0.125": [0.1, 0, 0],
						"0.1667": {"pre": [0.1, 0, 0], "post": [0, 0, 0]}
					}
				}
			}
		},
		"animation.magikarp.cry": {
			"animation_length": 1.5,
			"bones": {
				"upper_lip": {
					"position": {
						"0.0": {
							"post": [0, 0, 0],
							"lerp_mode": "catmullrom"
						},
						"0.2083": {
							"post": [0, -1, 0],
							"lerp_mode": "catmullrom"
						},
						"0.2917": {
							"post": [0, -1, 0],
							"lerp_mode": "catmullrom"
						},
						"0.4583": {
							"post": [0, -0.15, 0],
							"lerp_mode": "catmullrom"
						},
						"1.5": [0, 0, 0]
					}
				},
				"lower_lip": {
					"position": {
						"0.0": {
							"post": [0, 0, 0],
							"lerp_mode": "catmullrom"
						},
						"0.2083": {
							"post": [0, 1, 0],
							"lerp_mode": "catmullrom"
						},
						"0.2917": {
							"post": [0, 1, 0],
							"lerp_mode": "catmullrom"
						},
						"0.4583": {
							"post": [0, 0.15, 0],
							"lerp_mode": "catmullrom"
						},
						"1.5": [0, 0, 0]
					}
				},
				"body": {
					"rotation": {
						"0.0": {
							"post": [0, 0, 0],
							"lerp_mode": "catmullrom"
						},
						"0.1667": {
							"post": [5, 0, 0],
							"lerp_mode": "catmullrom"
						},
						"0.3333": {
							"post": [-2.5, 0, 0],
							"lerp_mode": "catmullrom"
						},
						"1.125": {
							"post": [-3.5, 0, 0],
							"lerp_mode": "catmullrom"
						},
						"1.5": [0, 0, 0]
					},
					"position": {
						"0.0": {
							"post": [0, 0, 0],
							"lerp_mode": "catmullrom"
						},
						"0.2083": {
							"post": [0, -0.5, 0],
							"lerp_mode": "catmullrom"
						},
						"0.375": {
							"post": [0, 1, 0],
							"lerp_mode": "catmullrom"
						},
						"1.25": {
							"post": [0, 1.25, 0],
							"lerp_mode": "catmullrom"
						},
						"1.5": [0, 0, 0]
					}
				},
				"whisker_right": {
					"rotation": {
						"0.0": {
							"post": [0, 0, 0],
							"lerp_mode": "catmullrom"
						},
						"0.1667": {
							"post": [0, 0, 20],
							"lerp_mode": "catmullrom"
						},
						"0.3333": {
							"post": [0, 0, 2.5],
							"lerp_mode": "catmullrom"
						},
						"1.125": {
							"post": [0, 0, -7.5],
							"lerp_mode": "catmullrom"
						},
						"1.5": [0, 0, 0]
					}
				},
				"whisker_left": {
					"rotation": {
						"0.0": {
							"post": [0, 0, 0],
							"lerp_mode": "catmullrom"
						},
						"0.1667": {
							"post": [0, 0, -20],
							"lerp_mode": "catmullrom"
						},
						"0.3333": {
							"post": [0, 0, 2.5],
							"lerp_mode": "catmullrom"
						},
						"1.125": {
							"post": [0, 0, 7.5],
							"lerp_mode": "catmullrom"
						},
						"1.5": [0, 0, 0]
					}
				}
			},
			"sound_effects": {
				"0.0": {
					"effect": "pokemon.magikarp.cry"
				}
			}
		}
	}
}