{
  "format_version": "1.8.0",
  "animations": {
    "animation.sewaddle.ground_idle": {
      "loop": true,
      "animation_length": 2,
      "bones": {
        "waist": {
          "rotation": [-2.5, 0, 0]
        },
        "torso": {
          "rotation": ["-2.5+math.sin(query.anim_time*90*2)*2", 0, 0]
        },
        "neck": {
          "rotation": ["-40-math.sin(query.anim_time*90*2+90)*2", 0, 0]
        },
        "head": {
          "rotation": ["-25+math.sin(query.anim_time*90*2+90)*1", 0, 0]
        },
        "leg_left2": {
          "rotation": {
            "0.0": {
              "post": [5, 0, 0],
              "lerp_mode": "catmullrom"
            },
            "0.25": {
              "post": [3.75, 0, 0],
              "lerp_mode": "catmullrom"
            },
            "0.5": {
              "post": [3, 0, 0],
              "lerp_mode": "catmullrom"
            },
            "0.75": {
              "post": [3.75, 0, 0],
              "lerp_mode": "catmullrom"
            },
            "1.0": {
              "post": [5, 0, 0],
              "lerp_mode": "catmullrom"
            },
            "1.2917": {
              "post": [6.77, 0, 0],
              "lerp_mode": "catmullrom"
            },
            "1.5": {
              "post": [6.75, 0, 0],
              "lerp_mode": "catmullrom"
            },
            "1.75": {
              "post": [6.27, 0, 0],
              "lerp_mode": "catmullrom"
            },
            "2.0": {
              "post": [5, 0, 0],
              "lerp_mode": "catmullrom"
            }
          },
          "position": {
            "0.0": {
              "post": [0, -0.3, 0.25],
              "lerp_mode": "catmullrom"
            },
            "0.25": {
              "post": [0, -0.26, 0.25],
              "lerp_mode": "catmullrom"
            },
            "0.5": {
              "post": [0, -0.225, 0.25],
              "lerp_mode": "catmullrom"
            },
            "0.75": {
              "post": [0, -0.26, 0.25],
              "lerp_mode": "catmullrom"
            },
            "1.0": {
              "post": [0, -0.3, 0.25],
              "lerp_mode": "catmullrom"
            },
            "1.2917": {
              "post": [0, -0.365, 0.25],
              "lerp_mode": "catmullrom"
            },
            "1.5": {
              "post": [0, -0.375, 0.25],
              "lerp_mode": "catmullrom"
            },
            "1.75": {
              "post": [0, -0.34, 0.25],
              "lerp_mode": "catmullrom"
            },
            "2.0": {
              "post": [0, -0.3, 0.25],
              "lerp_mode": "catmullrom"
            }
          }
        },
        "leg_right2": {
          "rotation": {
            "0.0": {
              "post": [5, 0, 0],
              "lerp_mode": "catmullrom"
            },
            "0.25": {
              "post": [3.75, 0, 0],
              "lerp_mode": "catmullrom"
            },
            "0.5": {
              "post": [3, 0, 0],
              "lerp_mode": "catmullrom"
            },
            "0.75": {
              "post": [3.75, 0, 0],
              "lerp_mode": "catmullrom"
            },
            "1.0": {
              "post": [5, 0, 0],
              "lerp_mode": "catmullrom"
            },
            "1.2917": {
              "post": [6.77, 0, 0],
              "lerp_mode": "catmullrom"
            },
            "1.5": {
              "post": [6.75, 0, 0],
              "lerp_mode": "catmullrom"
            },
            "1.75": {
              "post": [6.27, 0, 0],
              "lerp_mode": "catmullrom"
            },
            "2.0": {
              "post": [5, 0, 0],
              "lerp_mode": "catmullrom"
            }
          },
          "position": {
            "0.0": {
              "post": [0, -0.3, 0.25],
              "lerp_mode": "catmullrom"
            },
            "0.25": {
              "post": [0, -0.26, 0.25],
              "lerp_mode": "catmullrom"
            },
            "0.5": {
              "post": [0, -0.225, 0.25],
              "lerp_mode": "catmullrom"
            },
            "0.75": {
              "post": [0, -0.26, 0.25],
              "lerp_mode": "catmullrom"
            },
            "1.0": {
              "post": [0, -0.3, 0.25],
              "lerp_mode": "catmullrom"
            },
            "1.2917": {
              "post": [0, -0.365, 0.25],
              "lerp_mode": "catmullrom"
            },
            "1.5": {
              "post": [0, -0.375, 0.25],
              "lerp_mode": "catmullrom"
            },
            "1.75": {
              "post": [0, -0.34, 0.25],
              "lerp_mode": "catmullrom"
            },
            "2.0": {
              "post": [0, -0.3, 0.25],
              "lerp_mode": "catmullrom"
            }
          }
        },
        "torso2": {
          "rotation": [-12.5, 0, 0]
        },
        "hood3": {
          "rotation": ["22.5+math.sin(query.anim_time*90*2+360)*7", 0, 0]
        },
        "hood2": {
          "rotation": ["10-math.sin(query.anim_time*90*2+270)*3", 0, 0]
        },
        "hood": {
          "rotation": ["-5+math.sin(query.anim_time*90*2+180)*3", 0, 0]
        },
        "mouth_open": {
          "position": [0, 0.1, 0]
        },
        "hood_right": {
          "rotation": [0, 0, 0]
        },
        "arm_right": {
          "rotation": [
            "-5-math.sin(query.anim_time*90*2+180)*3",
            "5-math.sin(query.anim_time*90*2+180)*2",
            "-5-math.sin(query.anim_time*90*2+180)*3"
          ]
        },
        "arm_left": {
          "rotation": [
            "-5-math.sin(query.anim_time*90*2+180)*3",
            "-5-math.sin(query.anim_time*90*2+180)*2",
            "5-math.sin(query.anim_time*90*2+180)*3"
          ]
        }
      }
    },
    "animation.sewaddle.ground_walk": {
      "loop": true,
      "animation_length": 1,
      "bones": {
        "neck": {
          "rotation": ["-27.5+math.sin(query.anim_time*90*4+45)*2", 0, 0]
        },
        "head": {
          "rotation": ["-52.5-math.sin(query.anim_time*90*4+45)*2", 0, 0]
        },
        "body": {
          "position": [0, 0, "math.sin(query.anim_time*90*4+90)*0.3"]
        },
        "leg_right": {
          "rotation": {
            "0.0": {
              "post": [0, 0, 0],
              "lerp_mode": "catmullrom"
            },
            "0.125": {
              "post": [5, 0, 0],
              "lerp_mode": "catmullrom"
            },
            "0.2917": {
              "post": [-10.83, 0, 0],
              "lerp_mode": "catmullrom"
            },
            "0.4167": {
              "post": [0, 0, 0],
              "lerp_mode": "catmullrom"
            },
            "0.9583": {
              "post": [0, 0, 0],
              "lerp_mode": "catmullrom"
            }
          },
          "position": {
            "0.0": {
              "post": [0, 0, 1],
              "lerp_mode": "catmullrom"
            },
            "0.125": {
              "post": [0, 0.25, 1],
              "lerp_mode": "catmullrom"
            },
            "0.2917": {
              "post": [0, 0.58, -0.17],
              "lerp_mode": "catmullrom"
            },
            "0.4167": {
              "post": [0, 0, -0.5],
              "lerp_mode": "catmullrom"
            },
            "0.9583": {
              "post": [0, 0, 1],
              "lerp_mode": "catmullrom"
            }
          }
        },
        "leg_left": {
          "rotation": {
            "0.0": {
              "post": [0, 0, 0],
              "lerp_mode": "catmullrom"
            },
            "0.4167": {
              "post": [0, 0, 0],
              "lerp_mode": "catmullrom"
            },
            "0.5417": {
              "post": [5, 0, 0],
              "lerp_mode": "catmullrom"
            },
            "0.8333": {
              "post": [-10.83, 0, 0],
              "lerp_mode": "catmullrom"
            },
            "0.9583": {
              "post": [0, 0, 0],
              "lerp_mode": "catmullrom"
            }
          },
          "position": {
            "0.0": {
              "post": [0, 0, -0.5],
              "lerp_mode": "catmullrom"
            },
            "0.4167": {
              "post": [0, 0, 1],
              "lerp_mode": "catmullrom"
            },
            "0.5417": {
              "post": [0, 0.25, 1],
              "lerp_mode": "catmullrom"
            },
            "0.8333": {
              "post": [0, 0.58, -0.17],
              "lerp_mode": "catmullrom"
            },
            "0.9583": {
              "post": [0, 0, -0.5],
              "lerp_mode": "catmullrom"
            }
          }
        },
        "leg_right2": {
          "rotation": {
            "0.0": {
              "post": [0, 0, 0],
              "lerp_mode": "catmullrom"
            },
            "0.4167": {
              "post": [0, 0, 0],
              "lerp_mode": "catmullrom"
            },
            "0.5417": {
              "post": [5, 0, 0],
              "lerp_mode": "catmullrom"
            },
            "0.8333": {
              "post": [-10.83, 0, 0],
              "lerp_mode": "catmullrom"
            },
            "0.9583": {
              "post": [0, 0, 0],
              "lerp_mode": "catmullrom"
            }
          },
          "position": {
            "0.0": {
              "post": [0, 0, -0.5],
              "lerp_mode": "catmullrom"
            },
            "0.4167": {
              "post": [0, 0, 1],
              "lerp_mode": "catmullrom"
            },
            "0.5417": {
              "post": [0, 0.25, 1],
              "lerp_mode": "catmullrom"
            },
            "0.8333": {
              "post": [0, 0.58, -0.17],
              "lerp_mode": "catmullrom"
            },
            "0.9583": {
              "post": [0, 0, -0.5],
              "lerp_mode": "catmullrom"
            }
          }
        },
        "leg_left2": {
          "rotation": {
            "0.0": {
              "post": [0, 0, 0],
              "lerp_mode": "catmullrom"
            },
            "0.125": {
              "post": [5, 0, 0],
              "lerp_mode": "catmullrom"
            },
            "0.2917": {
              "post": [-10.83, 0, 0],
              "lerp_mode": "catmullrom"
            },
            "0.4167": {
              "post": [0, 0, 0],
              "lerp_mode": "catmullrom"
            },
            "0.9583": {
              "post": [0, 0, 0],
              "lerp_mode": "catmullrom"
            }
          },
          "position": {
            "0.0": {
              "post": [0, 0, 1],
              "lerp_mode": "catmullrom"
            },
            "0.125": {
              "post": [0, 0.25, 1],
              "lerp_mode": "catmullrom"
            },
            "0.2917": {
              "post": [0, 0.58, -0.17],
              "lerp_mode": "catmullrom"
            },
            "0.4167": {
              "post": [0, 0, -0.5],
              "lerp_mode": "catmullrom"
            },
            "0.9583": {
              "post": [0, 0, 1],
              "lerp_mode": "catmullrom"
            }
          }
        },
        "hood": {
          "rotation": ["-2.5-math.sin(query.anim_time*90*4+90)*2", 0, 0]
        },
        "hood_left": {
          "rotation": [0, "math.sin(query.anim_time*90*4+135)*2", 0]
        },
        "hood_right": {
          "rotation": [0, "-math.sin(query.anim_time*90*4+90)*2", 0]
        },
        "hood2": {
          "rotation": [-12.5, 0, 0]
        },
        "hood3": {
          "rotation": ["30+math.sin(query.anim_time*90*4+135)*5", 0, 0]
        }
      }
    },
    "animation.sewaddle.blink": {
      "animation_length": 0.1667,
      "bones": {
        "eyelids": {
          "position": {
            "0.0": [0, -0.1, 0],
            "0.1667": { "pre": [0, -0.1, 0], "post": [0, 0, 0] }
          }
        }
      }
    }
  }
}
