{
	"format_version": "1.8.0",
	"animations": {
		"animation.girafarig.ground_idle": {
			"loop": true,
			"bones": {
				"neck": {
					"rotation": [10, 0, 0]
				},
				"neck2": {
					"rotation": [-5, 0, 0]
				},
				"head": {
					"rotation": [-5, 0, 0]
				},
				"ear_left": {
					"rotation": [0, 0, 5]
				},
				"ear_right": {
					"rotation": [0, 0, -5]
				},
				"tail": {
					"rotation": [2.5, 0, 0]
				},
				"tail2": {
					"rotation": [-10, 0, 0]
				},
				"leg_front_left": {
					"rotation": [-2.5, 0, 2.5]
				},
				"leg_front_left2": {
					"rotation": [2.5, 0, 0]
				},
				"leg_front_left3": {
					"rotation": [0, 0, -2.5]
				},
				"leg_back_left": {
					"rotation": [0, 5, 0]
				},
				"leg_back_left2": {
					"rotation": [0, 0, -5]
				},
				"leg_back_left3": {
					"rotation": [0, 0, 5]
				},
				"leg_front_right": {
					"rotation": [-2.5, 0, -2.5]
				},
				"leg_front_right2": {
					"rotation": [2.5, 0, 0]
				},
				"leg_front_right3": {
					"rotation": [0, 0, 2.5]
				},
				"leg_back_right": {
					"rotation": [0, -5, 0]
				},
				"leg_back_right2": {
					"rotation": [0, 0, 5]
				},
				"leg_back_right3": {
					"rotation": [0, 0, -5]
				}
			}
		},
		"animation.girafarig.blink": {
			"animation_length": 0.1667,
			"bones": {
				"eyelid_left": {
					"position": {
						"0.0": [0.1, 0, -0.1],
						"0.125": [0.1, 0, -0.1],
						"0.1667": [0, 0, 0]
					}
				},
				"eyelid_right": {
					"position": {
						"0.0": [-0.1, 0, -0.1],
						"0.125": [-0.1, 0, -0.1],
						"0.1667": [0, 0, 0]
					}
				}
			}
		},
		"animation.girafarig.blink2": {
			"animation_length": 0.1667,
			"bones": {
				"tail_eyelid_left": {
					"position": {
						"0.0": [0.1, 0, 0],
						"0.125": [0.1, 0, 0],
						"0.1667": [0, 0, 0]
					}
				},
				"tail_eyelid_right": {
					"position": {
						"0.0": [-0.1, 0, 0],
						"0.125": [-0.1, 0, 0],
						"0.1667": [0, 0, 0]
					}
				}
			}
		},
		"animation.girafarig.shock": {
			"loop": true,
			"bones": {
				"pupil_left": {
					"position": [0, -0.25, 0],
					"scale": [0.7, 0.7, 1]
				},
				"pupil_right": {
					"position": [0, -0.25, 0],
					"scale": [0.7, 0.7, 1]
				},
				"jaw": {
					"rotation": [67.5, 0, 0]
				}
			}
		},
		"animation.girafarig.angry": {
			"loop": true,
			"bones": {
				"eye_angry_left": {
					"position": [0.1, 0, -0.1]
				},
				"pupil_left": {
					"position": [0, -0.5, 0]
				},
				"pupil_right": {
					"position": [0, -0.5, 0]
				},
				"eye_angry_right": {
					"position": [-0.1, 0, -0.1]
				}
			}
		},
		"animation.girafarig.sad": {
			"loop": true,
			"bones": {
				"eye_sad_left": {
					"position": [0.1, 0, -0.1]
				},
				"eye_sad_right": {
					"position": [-0.1, 0, -0.1]
				}
			}
		},
		"animation.girafarig.happy": {
			"loop": true,
			"bones": {
				"eyelid_happy_left": {
					"position": [0.1, 0, -0.1]
				},
				"jaw": {
					"rotation": [67.5, 0, 0]
				},
				"eyelid_happy_right": {
					"position": [-0.1, 0, -0.1]
				}
			}
		},
		"animation.girafarig.recoil": {
			"loop": true,
			"bones": {
				"eyelid_recoil_left": {
					"position": [0.1, 0, -0.1]
				},
				"eyelid_recoil_right": {
					"position": [-0.1, 0, -0.1]
				}
			}
		},
		"animation.girafarig.cry": {
			"animation_length": 1.2,
			"sound_effects": {
				"0.04": {
					"effect": "pokemon.girafarig.cry"
				}
			}
		}
	}
}