{
  "format_version": "1.8.0",
  "animations": {
    "animation.espurr.ground_idle": {
      "loop": true,
      "animation_length": 2,
      "bones": {
        "arm_r": {
          "rotation": {
            "0.0": [0, 0, 0],
            "1.0": [0, 0, 5],
            "2.0": [0, 0, 0]
          }
        },
        "arm_l": {
          "rotation": {
            "0.0": [0, 0, 0],
            "1.0": [0, 0, -5],
            "2.0": [0, 0, 0]
          }
        },
        "tail": {
          "rotation": {
            "0.0": [0, -5, 0],
            "1.0": [10, 5, 0],
            "2.0": [0, -5, 0]
          }
        },
        "head": {
          "rotation": ["-math.sin((q.anim_time*90*2)+90)*1", 0, 0]
        }
      }
    },
    "animation.espurr.battle_idle": {
      "loop": true,
      "animation_length": 2,
      "bones": {
        "arm_r": {
          "rotation": {
            "0.0": [0, 0, 0],
            "1.0": [0, 0, 5],
            "2.0": [0, 0, 0]
          }
        },
        "arm_l": {
          "rotation": {
            "0.0": [0, 0, 0],
            "1.0": [0, 0, -5],
            "2.0": [0, 0, 0]
          }
        },
        "tail": {
          "rotation": {
            "0.0": [0, -5, 0],
            "1.0": [10, 5, 0],
            "2.0": [0, -5, 0]
          }
        },
        "head": {
          "rotation": ["-math.sin((q.anim_time*90*2)+90)*1", 0, 0]
        }
      }
    },
    "animation.espurr.ground_walk": {
      "loop": true,
      "animation_length": 0.5,
      "bones": {
        "arm_r": {
          "rotation": {
            "0.0": [-30, 0, 0],
            "0.25": [30, 0, 0],
            "0.5": [-30, 0, 0]
          }
        },
        "arm_l": {
          "rotation": {
            "0.0": [30, 0, 0],
            "0.25": [-30, 0, 0],
            "0.5": [30, 0, 0]
          }
        },
        "leg_l": {
          "rotation": {
            "0.0": [-30, 0, 0],
            "0.25": [30, 0, 0],
            "0.5": [-30, 0, 0]
          }
        },
        "leg_r": {
          "rotation": {
            "0.0": [30, 0, 0],
            "0.25": [-30, 0, 0],
            "0.5": [30, 0, 0]
          }
        }
      }
    },
    "animation.espurr.faint": {
      "loop": true,
      "animation_length": 4,
      "bones": {
        "body": {
          "rotation": {
            "0.0": [0, 0, 0],
            "0.375": [25, 0, 0],
            "1.25": [25, 0, 0]
          },
          "position": {
            "0.0": [0, 0, 0],
            "0.375": [0, -1.25, 0],
            "1.25": [0, -1.25, 0]
          }
        },
        "head": {
          "rotation": {
            "0.0": [0, 0, 0],
            "0.375": [15, 0, 0],
            "1.25": [15, 0, 0]
          }
        },
        "arm_r": {
          "rotation": {
            "0.0": [0, 0, 0],
            "0.375": [-95, 0, 0],
            "1.25": [-95, 0, 0]
          }
        },
        "arm_l": {
          "rotation": {
            "0.0": [0, 0, 0],
            "0.375": [-95, 0, 0],
            "1.25": [-95, 0, 0]
          }
        },
        "leg_l": {
          "rotation": {
            "0.0": [0, 0, 0],
            "0.375": [60, 0, 0],
            "1.25": [60, 0, 0]
          }
        },
        "leg_r": {
          "rotation": {
            "0.0": [0, 0, 0],
            "0.375": [65, 0, 0],
            "1.25": [65, 0, 0]
          }
        }
      }
    },
    "animation.espurr.sleep": {
      "loop": true,
      "animation_length": 3,
      "bones": {
        "body": {
          "position": [0, -1.75, 0]
        },
        "head": {
          "rotation": {
            "0.0": [22.5, 0, 0],
            "1.5": [30, 0, 0],
            "3.0": [22.5, 0, 0]
          }
        },
        "eye_r": {
          "position": [0, 0, 0.25]
        },
        "eye_l": {
          "position": [0, 0, 0.25]
        },
        "leg_l": {
          "rotation": [-90, -25, 0],
          "position": [0, 0, -1]
        },
        "leg_r": {
          "rotation": [-90, 25, 0],
          "position": [0, 0, -1]
        },
        "closed_r": {
          "position": [0, 0, -0.27]
        },
        "closed_l": {
          "position": [0, 0, -0.27]
        }
      }
    },
    "animation.espurr.cry": {
      "animation_length": 0.5,
      "bones": {
        "mouth": {
          "position": {
            "0.0": [0, 0, 0],
            "0.0417": {
              "pre": [0, 0, 0],
              "post": [0, 0, -0.25]
            },
            "0.3333": {
              "pre": [0, 0, -0.25],
              "post": [0, 0, 0]
            }
          }
        }
      }
    },
    "animation.espurr.recoil": {
      "animation_length": 1.5,
      "bones": {
        "neck": {
          "rotation": {
            "0.0": [0, 0, 0],
            "0.0417": {
              "pre": [10, 0, 0],
              "post": [10, 0, 0],
              "lerp_mode": "catmullrom"
            },
            "0.4583": {
              "post": [-2.9, 1.5, 0],
              "lerp_mode": "catmullrom"
            },
            "1.1667": {
              "post": [-0.3, 0, 0],
              "lerp_mode": "catmullrom"
            },
            "1.5": [0, 0, 0]
          }
        },
        "eye_r_closed": {
          "position": {
            "0.0": [-0.27, 0, 0],
            "0.25": {
              "pre": [-0.27, 0, 0],
              "post": [-0.27, 0, 0]
            },
            "0.2917": {
              "pre": [-0.27, 0, 0],
              "post": [0, 0, 0]
            }
          }
        },
        "eye_l_closed": {
          "position": {
            "0.0": [0.27, 0, 0],
            "0.25": {
              "pre": [0.27, 0, 0],
              "post": [0.27, 0, 0]
            },
            "0.2917": {
              "pre": [0.27, 0, 0],
              "post": [0, 0, 0]
            }
          }
        },
        "shoulder_l": {
          "rotation": {
            "0.0": [0, 0, 0],
            "0.125": {
              "pre": [-3, -2.5, 0],
              "post": [-3, -2.5, 0],
              "lerp_mode": "catmullrom"
            },
            "0.8333": {
              "post": [0, 0, 0],
              "lerp_mode": "catmullrom"
            },
            "1.5": [0, 0, 0]
          }
        },
        "forearm_l": {
          "rotation": {
            "0.0": [0, 0, 0],
            "0.125": {
              "pre": [-8, 0, 0],
              "post": [-8, 0, 0],
              "lerp_mode": "catmullrom"
            },
            "0.8333": {
              "post": [0, 0, 0],
              "lerp_mode": "catmullrom"
            },
            "1.5": [0, 0, 0]
          }
        },
        "paw_fl": {
          "rotation": {
            "0.0": [0, 0, 0],
            "0.125": {
              "pre": [12, 0, 0],
              "post": [12, 0, 0],
              "lerp_mode": "catmullrom"
            },
            "0.8333": {
              "post": [0, 0, 0],
              "lerp_mode": "catmullrom"
            },
            "1.5": [0, 0, 0]
          }
        },
        "shoulder_r": {
          "rotation": {
            "0.0": [0, 0, 0],
            "0.125": {
              "pre": [-3, 2.5, 0],
              "post": [-3, 2.5, 0],
              "lerp_mode": "catmullrom"
            },
            "0.8333": {
              "post": [0, 0, 0],
              "lerp_mode": "catmullrom"
            },
            "1.5": [0, 0, 0]
          }
        },
        "forearm_r": {
          "rotation": {
            "0.0": [0, 0, 0],
            "0.125": {
              "pre": [-8, 0, 0],
              "post": [-8, 0, 0],
              "lerp_mode": "catmullrom"
            },
            "0.8333": {
              "post": [0, 0, 0],
              "lerp_mode": "catmullrom"
            },
            "1.5": [0, 0, 0]
          }
        },
        "paw_fr": {
          "rotation": {
            "0.0": [0, 0, 0],
            "0.125": {
              "pre": [12, 0, 0],
              "post": [12, 0, 0],
              "lerp_mode": "catmullrom"
            },
            "0.8333": {
              "post": [0, 0, 0],
              "lerp_mode": "catmullrom"
            },
            "1.5": [0, 0, 0]
          }
        },
        "thigh_r": {
          "rotation": {
            "0.0": [0, 0, 0],
            "0.125": {
              "pre": [-8, 0, 0],
              "post": [-8, 0, 0],
              "lerp_mode": "catmullrom"
            },
            "0.8333": {
              "post": [0, 0, 0],
              "lerp_mode": "catmullrom"
            },
            "1.5": [0, 0, 0]
          }
        },
        "knee_r": {
          "rotation": {
            "0.0": [0, 0, 0],
            "0.125": {
              "pre": [15.5, 0, 0],
              "post": [15.5, 0, 0],
              "lerp_mode": "catmullrom"
            },
            "0.8333": {
              "post": [-1.5, 0, 0],
              "lerp_mode": "catmullrom"
            },
            "1.5": [0, 0, 0]
          }
        },
        "calf_r": {
          "rotation": {
            "0.0": [0, 0, 0],
            "0.125": {
              "pre": [-8, 0, 0],
              "post": [-8, 0, 0],
              "lerp_mode": "catmullrom"
            },
            "0.8333": {
              "post": [3.5, 0, 0],
              "lerp_mode": "catmullrom"
            },
            "1.5": [0, 0, 0]
          }
        },
        "paw_br": {
          "rotation": {
            "0.0": [0, 0, 0],
            "0.125": {
              "pre": [8, 0, 0],
              "post": [8, 0, 0],
              "lerp_mode": "catmullrom"
            },
            "0.8333": {
              "post": [-4, 0, 0],
              "lerp_mode": "catmullrom"
            },
            "1.5": [0, 0, 0]
          }
        },
        "thigh_l": {
          "rotation": {
            "0.0": [0, 0, 0],
            "0.125": {
              "pre": [-8, 0, 0],
              "post": [-8, 0, 0],
              "lerp_mode": "catmullrom"
            },
            "0.8333": {
              "post": [0, 0, 0],
              "lerp_mode": "catmullrom"
            },
            "1.5": [0, 0, 0]
          }
        },
        "knee_l": {
          "rotation": {
            "0.0": [0, 0, 0],
            "0.125": {
              "pre": [15.5, 0, 0],
              "post": [15.5, 0, 0],
              "lerp_mode": "catmullrom"
            },
            "0.8333": {
              "post": [-1.5, 0, 0],
              "lerp_mode": "catmullrom"
            },
            "1.5": [0, 0, 0]
          }
        },
        "calf_l": {
          "rotation": {
            "0.0": [0, 0, 0],
            "0.125": {
              "pre": [-8, 0, 0],
              "post": [-8, 0, 0],
              "lerp_mode": "catmullrom"
            },
            "0.8333": {
              "post": [3.5, 0, 0],
              "lerp_mode": "catmullrom"
            },
            "1.5": [0, 0, 0]
          }
        },
        "paw_bl": {
          "rotation": {
            "0.0": [0, 0, 0],
            "0.125": {
              "pre": [8, 0, 0],
              "post": [8, 0, 0],
              "lerp_mode": "catmullrom"
            },
            "0.8333": {
              "post": [-4, 0, 0],
              "lerp_mode": "catmullrom"
            },
            "1.5": [0, 0, 0]
          }
        },
        "body": {
          "rotation": {
            "0.0": [0, 0, 0],
            "0.125": {
              "pre": [-8, 1, 0],
              "post": [-8, 1, 0],
              "lerp_mode": "catmullrom"
            },
            "0.8333": {
              "post": [1, 0, 0],
              "lerp_mode": "catmullrom"
            },
            "1.5": [0, 0, 0]
          }
        },
        "head": {
          "rotation": {
            "0.0": [0, 0, 0],
            "0.0417": {
              "pre": [7.5, 0, 0],
              "post": [7.5, 0, 0],
              "lerp_mode": "catmullrom"
            },
            "0.4583": {
              "post": [-2.9, 1.5, 0],
              "lerp_mode": "catmullrom"
            },
            "1.1667": {
              "post": [-0.3, 0, 0],
              "lerp_mode": "catmullrom"
            },
            "1.5": [0, 0, 0]
          }
        },
        "eye_r": {
          "position": {
            "0.0": [0, 0, 0.25],
            "0.25": {
              "pre": [0, 0, 0.25],
              "post": [0, 0, 0.25]
            },
            "0.2917": {
              "pre": [0, 0, 0.25],
              "post": [0, 0, 0]
            }
          }
        },
        "closed_r": {
          "position": {
            "0.0": [0, 0, -0.27],
            "0.25": {
              "pre": [0, 0, -0.27],
              "post": [0, 0, -0.27]
            },
            "0.2917": {
              "pre": [0, 0, -0.27],
              "post": [0, 0, 0]
            }
          }
        },
        "eye_l": {
          "position": {
            "0.0": [0, 0, 0.25],
            "0.25": {
              "pre": [0, 0, 0.25],
              "post": [0, 0, 0.25]
            },
            "0.2917": {
              "pre": [0, 0, 0.25],
              "post": [0, 0, 0]
            }
          }
        },
        "closed_l": {
          "position": {
            "0.0": [0, 0, -0.27],
            "0.25": {
              "pre": [0, 0, -0.27],
              "post": [0, 0, -0.27]
            },
            "0.2917": {
              "pre": [0, 0, -0.27],
              "post": [0, 0, 0]
            }
          }
        }
      }
    },
    "animation.espurr.physical": {
      "animation_length": 1,
      "bones": {
        "body": {
          "rotation": {
            "0.0": [0, 0, 0],
            "0.25": [0, 0, 0],
            "0.5": [-5, 0, 0],
            "0.625": [5, 0, 0],
            "1.0": [0, 0, 0]
          }
        },
        "head": {
          "rotation": {
            "0.25": [0, 0, 0],
            "0.5": [-5, 0, 0],
            "0.625": [15, 0, 0],
            "1.0": [0, 0, 0]
          }
        }
      }
    },
    "animation.espurr.special": {
      "animation_length": 1.5,
      "bones": {
        "espurr": {
          "rotation": {
            "0.0": [0, 0, 0],
            "0.25": [-5, 0, 0]
          },
          "position": {
            "0.0": [0, 0, 0],
            "0.25": [0, 3, 0]
          }
        },
        "head": {
          "rotation": {
            "0.0": [0, 0, 0],
            "0.25": [-5, 0, 0]
          }
        },
        "eye_r": {
          "position": {
            "0.0": [0, 0, 0],
            "0.125": {
              "pre": [0, 0, 0],
              "post": [0, 0, 0.25]
            }
          }
        },
        "eye_l": {
          "position": {
            "0.0": [0, 0, 0],
            "0.125": {
              "pre": [0, 0, 0],
              "post": [0, 0, 0.25]
            }
          }
        },
        "closed_l": {
          "position": [0, 0, 0]
        },
        "ear_l": {
          "rotation": {
            "0.0": [0, 0, 0],
            "0.25": [-5, 0, -20]
          }
        },
        "ear_r": {
          "rotation": {
            "0.0": [0, 0, 0],
            "0.25": [-5, 0, 20]
          }
        },
        "arm_r": {
          "rotation": {
            "0.0": [0, 0, 0],
            "0.25": [-50, 0, 35]
          }
        },
        "arm_l": {
          "rotation": {
            "0.0": [0, 0, 0],
            "0.25": [-50, 0, -35]
          }
        },
        "leg_l": {
          "rotation": {
            "0.0": [0, 0, 0],
            "0.25": [5, 0, 0]
          }
        },
        "leg_r": {
          "rotation": {
            "0.0": [0, 0, 0],
            "0.25": [5, 0, 0]
          }
        },
        "glow_l": {
          "position": {
            "0.0": [0, 0, 0],
            "0.125": {
              "pre": [0, 0, 0],
              "post": [0, 0, -0.5]
            }
          }
        },
        "glow_r": {
          "position": {
            "0.0": [0, 0, 0],
            "0.125": {
              "pre": [0, 0, 0],
              "post": [0, 0, -0.5]
            }
          }
        }
      }
    },
    "animation.espurr.status": {
      "animation_length": 1.25,
      "bones": {
        "espurr": {
          "rotation": {
            "0.0": [0, 0, 0],
            "0.25": [5, 0, 0],
            "0.5": [5, 0, 0],
            "0.75": [0, 0, 0]
          },
          "position": {
            "0.0": [0, 0, 0],
            "0.25": [0, 0, 0.25],
            "0.5": [0, 0, 0.25],
            "0.75": [0, 0, 0]
          }
        },
        "head": {
          "rotation": {
            "0.0": [0, 0, 0],
            "0.25": [5, 0, 0],
            "0.5": [5, 0, 0],
            "0.75": [-2.5, 0, 0]
          }
        },
        "arm_r": {
          "rotation": {
            "0.0": [0, 0, 0],
            "0.25": [-122.5, 0, 0],
            "0.5": [-122.5, 0, 0],
            "0.75": [-60, 0, 0]
          },
          "position": {
            "0.0": [0, 0, 0],
            "0.25": [0, 0, -1],
            "0.5": [0, 0, -1]
          }
        },
        "arm_l": {
          "rotation": {
            "0.0": [0, 0, 0],
            "0.25": [-122.5, 0, 0],
            "0.5": [-122.5, 0, 0],
            "0.75": [-60, 0, 0]
          },
          "position": {
            "0.0": [0, 0, 0],
            "0.25": [0, 0, -1],
            "0.5": [0, 0, -1]
          }
        },
        "leg_l": {
          "rotation": {
            "0.0": [0, 0, 0],
            "0.25": [-5, 0, 0],
            "0.5": [-5, 0, 0],
            "0.75": [0, 0, 0]
          }
        },
        "leg_r": {
          "rotation": {
            "0.0": [0, 0, 0],
            "0.25": [-5, 0, 0],
            "0.5": [-5, 0, 0],
            "0.75": [0, 0, 0]
          }
        }
      }
    }
  }
}
