{
	"format_version": "1.8.0",
	"animations": {
		"animation.regieleki.ground_idle": {
			"loop": true,
			"animation_length": 1.5,
			"bones": {
				"body": {
					"rotation": {
						"0.0": {
							"post": [0, 0, -7.5],
							"lerp_mode": "catmullrom"
						},
						"0.75": {
							"post": [0, 0, 7.5],
							"lerp_mode": "catmullrom"
						},
						"1.5": {
							"post": [0, 0, -7.5],
							"lerp_mode": "catmullrom"
						}
					},
					"position": {
						"0.0": {
							"post": [0, -0.25, 0],
							"lerp_mode": "catmullrom"
						},
						"0.2083": {
							"post": [1, 3.78, 0],
							"lerp_mode": "catmullrom"
						},
						"0.5": {
							"post": [1, 3.78, 0],
							"lerp_mode": "catmullrom"
						},
						"0.75": {
							"post": [0, -0.25, 0],
							"lerp_mode": "catmullrom"
						},
						"0.9583": {
							"post": [-1, 3.78, 0],
							"lerp_mode": "catmullrom"
						},
						"1.25": {
							"post": [-1, 3.78, 0],
							"lerp_mode": "catmullrom"
						},
						"1.5": {
							"post": [0, -0.25, 0],
							"lerp_mode": "catmullrom"
						}
					}
				},
				"head": {
					"rotation": {
						"0.0": {
							"post": [0, 0, 2.5],
							"lerp_mode": "catmullrom"
						},
						"0.75": {
							"post": [0, 0, -2.5],
							"lerp_mode": "catmullrom"
						},
						"1.5": {
							"post": [0, 0, 2.5],
							"lerp_mode": "catmullrom"
						}
					}
				},
				"tendril_front_left_rotation": {
					"rotation": [0, 0, 5]
				},
				"tendril_front_left2": {
					"rotation": [0, 0, 5]
				},
				"tendril_front_left3": {
					"rotation": [0, 0, 0]
				},
				"tendril_front_left4": {
					"rotation": [0, 0, 2.5]
				},
				"tendril_front_top_left2": {
					"rotation": [-5, 0, 0]
				},
				"tendril_front_top_left3": {
					"rotation": [-8.77883, -12.14597, 2.78565]
				},
				"tendril_front_top_left4": {
					"rotation": [0, 7.5, 0]
				},
				"tendril_front_top_left5": {
					"rotation": [0, -5, 0]
				},
				"tendril_front_bottom_left_rotation": {
					"rotation": [0, 5, 0]
				},
				"tendril_front_bottom_left3": {
					"rotation": [0, 2.5, 0]
				},
				"tendril_front_bottom_left4": {
					"rotation": [-2.35666, 7.65449, 7.85952]
				},
				"tendril_front_bottom_left5": {
					"rotation": [-1.30078, -14.97162, 2.81797]
				},
				"tendril_back_left_rotation": {
					"rotation": [0, 0, 5]
				},
				"tendril_back_left2": {
					"rotation": [0, 0, 5]
				},
				"tendril_back_left4": {
					"rotation": [0, 0, 2.5]
				},
				"tendril_back_top_left_rotation": {
					"rotation": [0, 5, 0]
				},
				"tendril_back_top_left2": {
					"rotation": [5, -5, 0]
				},
				"tendril_back_top_left3": {
					"rotation": [10.65119, 9.83901, 1.90415]
				},
				"tendril_back_top_left4": {
					"rotation": [0, -2.5, 0]
				},
				"tendril_back_bottom_left_rotation": {
					"rotation": [0, 2.5, 0]
				},
				"tendril_back_bottom_left2": {
					"rotation": [0, -7.5, 0]
				},
				"tendril_back_bottom_left3": {
					"rotation": [0, -10, 0]
				},
				"tendril_back_bottom_left4": {
					"rotation": [4.89225, 9.67942, 9.12406]
				},
				"tendril_back_bottom_left5": {
					"rotation": [0, 2.5, 0]
				},
				"arm_left3": {
					"rotation": [0, -5, 2.5]
				},
				"arm_left4": {
					"rotation": [0, 0, 10]
				},
				"arm_left6": {
					"rotation": [0, -5, 7.5]
				},
				"torso_ring3": {
					"rotation": {
						"0.0": {
							"post": [0, 0, 2.5],
							"lerp_mode": "catmullrom"
						},
						"0.75": {
							"post": [0, 0, -2.5],
							"lerp_mode": "catmullrom"
						},
						"1.5": {
							"post": [0, 0, 2.5],
							"lerp_mode": "catmullrom"
						}
					}
				},
				"torso_ring2": {
					"rotation": {
						"0.0": {
							"post": [0, 0, 5],
							"lerp_mode": "catmullrom"
						},
						"0.75": {
							"post": [0, 0, -5],
							"lerp_mode": "catmullrom"
						},
						"1.5": {
							"post": [0, 0, 5],
							"lerp_mode": "catmullrom"
						}
					}
				},
				"torso_ring": {
					"rotation": {
						"0.0": {
							"post": [0, 0, 2.5],
							"lerp_mode": "catmullrom"
						},
						"0.75": {
							"post": [0, 0, -2.5],
							"lerp_mode": "catmullrom"
						},
						"1.5": {
							"post": [0, 0, 2.5],
							"lerp_mode": "catmullrom"
						}
					}
				},
				"leg_left": {
					"rotation": [0, 0, 17.5]
				},
				"leg_right": {
					"rotation": [0, 0, -17.5]
				},
				"shoulder_right": {
					"rotation": [0, 0, 0]
				},
				"shoulder_bolt_large_right_rotation": {
					"rotation": [0, 0, -2.5]
				},
				"arm_right": {
					"rotation": [0, 0, -5]
				},
				"tendril_front_right_rotation": {
					"rotation": [0, 0, -2.5]
				},
				"tendril_front_right2": {
					"rotation": [0, 0, -5]
				},
				"tendril_front_right3": {
					"rotation": [0, 0, -5]
				},
				"tendril_front_right4": {
					"rotation": [0, 0, -7.5]
				},
				"tendril_front_top_right_rotation": {
					"rotation": [0, 5, 0]
				},
				"tendril_front_top_right2": {
					"rotation": [-14.84196, -2.41573, 0.66278]
				},
				"tendril_front_top_right3": {
					"rotation": [0, 7.5, 0]
				},
				"tendril_front_top_right4": {
					"rotation": [0, -5, 0]
				},
				"tendril_front_bottom_right_rotation": {
					"rotation": [0, -5, 0]
				},
				"tendril_front_bottom_right3": {
					"rotation": [0, -2.5, 0]
				},
				"tendril_front_bottom_right4": {
					"rotation": [-2.35666, -7.65449, -7.85952]
				},
				"tendril_front_bottom_right5": {
					"rotation": [-3.88714, 14.74513, -8.44236]
				},
				"tendril_back_right_rotation": {
					"rotation": [0, 0, -7.5]
				},
				"tendril_back_right3": {
					"rotation": [0, 0, -5]
				},
				"tendril_back_right4": {
					"rotation": [-5, 0, 0]
				},
				"tendril_back_right5": {
					"rotation": [0, 0, -5]
				},
				"tendril_back_top_right_rotation": {
					"rotation": [-1.44261, -5.03148, -2.88614]
				},
				"tendril_back_top_right2": {
					"rotation": [0, 2.5, 0]
				},
				"tendril_back_top_right3": {
					"rotation": [5.13932, -4.98047, -0.46311]
				},
				"tendril_back_top_right4": {
					"rotation": [10, 2.5, 0]
				},
				"tendril_back_top_right5": {
					"rotation": [0, -2.5, 0]
				},
				"tendril_back_bottom_right_rotation": {
					"rotation": [0, 5, 0]
				},
				"tendril_back_bottom_right2": {
					"rotation": [0, 7.5, 0]
				},
				"tendril_back_bottom_right4": {
					"rotation": [4.75346, -7.18826, -8.87221]
				},
				"tendril_back_bottom_right5": {
					"rotation": [0, -2.5, 0]
				},
				"tendrils_left": {
					"scale": 0
				},
				"arm_left5": {
					"rotation": [0, -5, 2]
				},
				"arm_left7": {
					"rotation": [0, 0, 5]
				},
				"tendrils_right": {
					"scale": 0
				},
				"arm_right5": {
					"rotation": [0, 5, -2]
				},
				"arm_right4": {
					"rotation": [0, 0, -10]
				},
				"arm_right3": {
					"rotation": [0, -5, 2.5]
				},
				"arm_main_right": {
					"rotation": {
						"0.0": {
							"post": [0, 0, 0],
							"lerp_mode": "catmullrom"
						},
						"0.75": {
							"post": [0, 0, 5],
							"lerp_mode": "catmullrom"
						},
						"1.5": {
							"post": [0, 0, 0],
							"lerp_mode": "catmullrom"
						}
					}
				},
				"arm_right6": {
					"rotation": [0, 5, -7.5]
				},
				"arm_right7": {
					"rotation": [0, 0, -5]
				},
				"arm_main_left": {
					"rotation": {
						"0.0": {
							"post": [0, 0, -5],
							"lerp_mode": "catmullrom"
						},
						"0.75": {
							"post": [0, 0, 0],
							"lerp_mode": "catmullrom"
						},
						"1.5": {
							"post": [0, 0, -5],
							"lerp_mode": "catmullrom"
						}
					}
				}
			}
		},
		"animation.regieleki.blink": {
			"animation_length": 0.1667,
			"bones": {
				"eyelid_center": {
					"position": {
						"0.0": [0, 0, -0.1],
						"0.125": [0, 0, -0.1],
						"0.1667": [0, 0, 0]
					}
				},
				"eyelid_left": {
					"position": {
						"0.0": [0, 0, -0.1],
						"0.125": [0, 0, -0.1],
						"0.1667": [0, 0, 0]
					}
				},
				"eyelid_left_top": {
					"position": {
						"0.0": [0, 0, -0.1],
						"0.125": [0, 0, -0.1],
						"0.1667": [0, 0, 0]
					}
				},
				"eyelid_left_bottom": {
					"position": {
						"0.0": [0, 0, -0.1],
						"0.125": [0, 0, -0.1],
						"0.1667": [0, 0, 0]
					}
				},
				"eyelid_right": {
					"position": {
						"0.0": [0, 0, -0.1],
						"0.125": [0, 0, -0.1],
						"0.1667": [0, 0, 0]
					}
				},
				"eyelid_right_top": {
					"position": {
						"0.0": [0, 0, -0.1],
						"0.125": [0, 0, -0.1],
						"0.1667": [0, 0, 0]
					}
				},
				"eyelid_right_bottom": {
					"position": {
						"0.0": [0, 0, -0.1],
						"0.125": [0, 0, -0.1],
						"0.1667": [0, 0, 0]
					}
				}
			}
		},
		"animation.regieleki.attack": {
			"loop": true,
			"bones": {
				"body": {
					"rotation": [0, 0, -7.5]
				},
				"torso": {
					"rotation": [5, 0, 0]
				},
				"torso_ring": {
					"rotation": [0, 0, 0]
				},
				"torso_ring2": {
					"rotation": [5, 0, 5]
				},
				"torso_ring3": {
					"rotation": [2.5, 0, 0]
				},
				"head": {
					"rotation": [-5, 0, 5]
				},
				"shoulder_left": {
					"rotation": [0, 15, 0]
				},
				"arm_left": {
					"rotation": [-5, 7.5, 0]
				},
				"tendril_front_left_rotation": {
					"rotation": [0, 32.5, 0]
				},
				"tendril_front_left2": {
					"rotation": [0, 0, 0]
				},
				"tendril_front_left3": {
					"rotation": [0, 0, 0]
				},
				"tendril_front_top_left_rotation": {
					"rotation": [0, 30, 0]
				},
				"tendril_front_top_left2": {
					"rotation": [-2.71994, -4.82169, 7.97532]
				},
				"tendril_front_top_left3": {
					"rotation": [-6.8817, -9.09293, 16.47027]
				},
				"tendril_front_top_left5": {
					"rotation": [0, -12.5, 0]
				},
				"tendril_front_bottom_left_rotation": {
					"rotation": [0, 25, 0]
				},
				"tendril_front_bottom_left2": {
					"rotation": [5.16524, -12.0478, -11.24314]
				},
				"tendril_front_bottom_left3": {
					"rotation": [5.38152, -4.291, -15.91527]
				},
				"tendril_front_bottom_left4": {
					"rotation": [0, 12.5, 0]
				},
				"tendril_back_left_rotation": {
					"rotation": [0, -2.5, 0]
				},
				"tendril_back_left2": {
					"rotation": [0, 5, 0]
				},
				"tendril_back_left3": {
					"rotation": [0, 10, 0]
				},
				"tendril_back_top_left_rotation": {
					"rotation": [7.09519, -19.68982, -8.67258]
				},
				"tendril_back_top_left2": {
					"rotation": [-5.38152, 4.291, -15.91527]
				},
				"tendril_back_top_left3": {
					"rotation": [-5.123, 6.93857, -13.4936]
				},
				"tendril_back_top_left4": {
					"rotation": [0, 2.5, -12.5]
				},
				"tendril_back_bottom_left_rotation": {
					"rotation": [3.67393, -2.33289, 6.29298]
				},
				"tendril_back_bottom_left2": {
					"rotation": [3.09472, 7.29711, 8.11003]
				},
				"tendril_back_bottom_left3": {
					"rotation": [0, 0, 7.5]
				},
				"arm_main_left": {
					"scale": 0
				},
				"shoulder_right": {
					"rotation": [0, -15, 0]
				},
				"arm_right": {
					"rotation": [-5, -7.5, 0]
				},
				"tendril_front_right_rotation": {
					"rotation": [0, -32.5, 0]
				},
				"tendril_front_right2": {
					"rotation": [0, 0, 0]
				},
				"tendril_front_right3": {
					"rotation": [0, 0, 0]
				},
				"tendril_front_top_right_rotation": {
					"rotation": [0, -30, 0]
				},
				"tendril_front_top_right2": {
					"rotation": [-2.71994, 4.82169, -7.97532]
				},
				"tendril_front_top_right3": {
					"rotation": [-6.8817, 9.09293, -16.47027]
				},
				"tendril_front_top_right5": {
					"rotation": [0, 12.5, 0]
				},
				"tendril_front_bottom_right_rotation": {
					"rotation": [0, -25, 0]
				},
				"tendril_front_bottom_right2": {
					"rotation": [5.16524, 12.0478, 11.24314]
				},
				"tendril_front_bottom_right3": {
					"rotation": [5.38152, 4.291, 15.91527]
				},
				"tendril_front_bottom_right4": {
					"rotation": [0, -12.5, 0]
				},
				"tendril_back_right_rotation": {
					"rotation": [0, 2.5, 0]
				},
				"tendril_back_right2": {
					"rotation": [0, -5, 0]
				},
				"tendril_back_right3": {
					"rotation": [0, -10, 0]
				},
				"tendril_back_top_right_rotation": {
					"rotation": [7.09519, 19.68982, 8.67258]
				},
				"tendril_back_top_right2": {
					"rotation": [-5.38152, -4.291, 15.91527]
				},
				"tendril_back_top_right3": {
					"rotation": [-5.123, -6.93857, 13.4936]
				},
				"tendril_back_top_right4": {
					"rotation": [0, -2.5, 12.5]
				},
				"tendril_back_bottom_right_rotation": {
					"rotation": [3.67393, 2.33289, -6.29298]
				},
				"tendril_back_bottom_right2": {
					"rotation": [3.09472, -7.29711, -8.11003]
				},
				"tendril_back_bottom_right3": {
					"rotation": [0, 0, -7.5]
				},
				"arm_main_right": {
					"scale": 0
				},
				"leg_left": {
					"rotation": [22.5, 0, 0]
				},
				"leg_right": {
					"rotation": [-12.5, 0, 0]
				}
			}
		}
	}
}