{
  "format_version": "1.8.0",
  "animations": {
    "animation.skitty.ground_idle": {
      "loop": true,
      "animation_length": 2,
      "bones": {
        "head": {
          "rotation": {
            "0.0": [-2.5, 0, 0],
            "0.75": [2.5, 0, 0],
            "1.0": [2.5, 0, 0],
            "1.75": [-2.5, 0, 0],
            "2.0": [-2.5, 0, 0]
          }
        },
        "tail": {
          "rotation": {
            "0.0": [0, 0, 0],
            "0.75": [10, 0, 0],
            "1.0": [10, 0, 0],
            "1.75": [0, 0, 0],
            "2.0": [0, 0, 0]
          }
        },
        "ear_r": {
          "rotation": [0, 0, 0]
        },
        "ear_l": {
          "rotation": [0, 0, 0]
        },
        "tail_end": {
          "rotation": {
            "0.0": [0, 0, 0],
            "0.25": [0, 0, 0],
            "1.0": [10, 0, 0],
            "1.25": [10, 0, 0],
            "2.0": [0, 0, 0]
          }
        },
        "tail_bulb": {
          "rotation": {
            "0.0": [3.33, 0, 0],
            "0.25": [0, 0, 0],
            "0.5": [0, 0, 0],
            "1.25": [10, 0, 0],
            "1.5": [10, 0, 0],
            "2.0": [3.33, 0, 0]
          }
        }
      }
    },
    "animation.skitty.ground_walk": {
      "loop": true,
      "animation_length": 2,
      "bones": {
        "head": {
          "rotation": {
            "0.0": [2.5, 0, 0],
            "0.25": [-2.5, 0, 0],
            "0.5": [2.5, 0, 0],
            "0.75": [-2.5, 0, 0],
            "1.0": [2.5, 0, 0],
            "1.25": [-2.5, 0, 0],
            "1.5": [2.5, 0, 0],
            "1.75": [-2.5, 0, 0],
            "2.0": [2.5, 0, 0]
          }
        },
        "foot_fr": {
          "rotation": {
            "0.0": [-30, 0, 0],
            "0.25": [0, 0, 0],
            "0.5": [30, 0, 0],
            "0.75": [0, 0, 0],
            "1.0": [-30, 0, 0],
            "1.25": [0, 0, 0],
            "1.5": [30, 0, 0],
            "1.75": [0, 0, 0],
            "2.0": [-30, 0, 0]
          }
        },
        "foot_br": {
          "rotation": {
            "0.0": [30, 0, 0],
            "0.25": [0, 0, 0],
            "0.5": [-30, 0, 0],
            "0.75": [0, 0, 0],
            "1.0": [30, 0, 0],
            "1.25": [0, 0, 0],
            "1.5": [-30, 0, 0],
            "1.75": [0, 0, 0],
            "2.0": [30, 0, 0]
          }
        },
        "foot_fl": {
          "rotation": {
            "0.0": [30, 0, 0],
            "0.25": [0, 0, 0],
            "0.5": [-30, 0, 0],
            "0.75": [0, 0, 0],
            "1.0": [30, 0, 0],
            "1.25": [0, 0, 0],
            "1.5": [-30, 0, 0],
            "1.75": [0, 0, 0],
            "2.0": [30, 0, 0]
          }
        },
        "foot_bl": {
          "rotation": {
            "0.0": [-30, 0, 0],
            "0.25": [0, 0, 0],
            "0.5": [30, 0, 0],
            "0.75": [0, 0, 0],
            "1.0": [-30, 0, 0],
            "1.25": [0, 0, 0],
            "1.5": [30, 0, 0],
            "1.75": [0, 0, 0],
            "2.0": [-30, 0, 0]
          }
        },
        "tail": {
          "rotation": {
            "0.0": [5, 0, 0],
            "0.25": [-5, 0, 0],
            "0.5": [5, 0, 0],
            "0.75": [-5, 0, 0],
            "1.0": [5, 0, 0],
            "1.25": [-5, 0, 0],
            "1.5": [5, 0, 0],
            "1.75": [-5, 0, 0],
            "2.0": [5, 0, 0]
          }
        },
        "tail_end": {
          "rotation": {
            "0.0": [2.5, 0, 0],
            "0.25": [-2.5, 0, 0],
            "0.5": [2.5, 0, 0],
            "0.75": [-2.5, 0, 0],
            "1.0": [2.5, 0, 0],
            "1.25": [-2.5, 0, 0],
            "1.5": [2.5, 0, 0],
            "1.75": [-2.5, 0, 0],
            "2.0": [2.5, 0, 0]
          }
        },
        "tail_bulb": {
          "rotation": {
            "0.0": [2.5, 0, 0],
            "0.25": [-2.5, 0, 0],
            "0.5": [2.5, 0, 0],
            "0.75": [-2.5, 0, 0],
            "1.0": [2.5, 0, 0],
            "1.25": [-2.5, 0, 0],
            "1.5": [2.5, 0, 0],
            "1.75": [-2.5, 0, 0],
            "2.0": [2.5, 0, 0]
          }
        }
      }
    },
    "animation.skitty.sleep": {
      "loop": true,
      "animation_length": 4,
      "bones": {
        "body": {
          "rotation": [0, 90, 0],
          "position": [0, -2, 0]
        },
        "head": {
          "rotation": {
            "0.0": [10.076, -75.11459, 5.03771],
            "1.0": [7.576, -75.11459, 5.03771],
            "2.0": [7.576, -75.11459, 5.03771],
            "3.0": [10.076, -75.11459, 5.03771],
            "4.0": [10.076, -75.11459, 5.03771]
          }
        },
        "foot_fr": {
          "position": [0, 2, 0]
        },
        "foot_br": {
          "position": [0, 2, 0]
        },
        "foot_fl": {
          "position": [0, 2, 0]
        },
        "foot_bl": {
          "position": [0, 2, 0]
        },
        "tail": {
          "rotation": [10.43389, 31.97464, 41.90065]
        },
        "tail_end": {
          "rotation": [-15.60237, 69.23068, 0.43768]
        },
        "tail_bulb": {
          "rotation": [-2.01495, 40.66948, -4.99862]
        }
      }
    },
    "animation.skitty.faint": {
      "loop": "hold_on_last_frame",
      "animation_length": 0.58333,
      "bones": {
        "body": {
          "rotation": {
            "0.0": [0, 0, 0],
            "0.5833": [-110, 0, 0]
          },
          "position": {
            "0.0": [0, 0, 0],
            "0.5833": [0, 10, 5]
          }
        },
        "head": {
          "rotation": {
            "0.0": [0, 0, 0],
            "0.5833": [60, 0, 0]
          }
        },
        "foot_fr": {
          "rotation": {
            "0.0": [0, 0, 0],
            "0.5833": [-25, 5, 35]
          }
        },
        "foot_br": {
          "rotation": {
            "0.0": [0, 0, 0],
            "0.5833": [45, 0, 0]
          }
        },
        "foot_fl": {
          "rotation": {
            "0.0": [0, 0, 0],
            "0.5833": [-25, -5, -35]
          }
        },
        "foot_bl": {
          "rotation": {
            "0.0": [0, 0, 0],
            "0.5833": [45, 0, 0]
          }
        },
        "tail": {
          "rotation": {
            "0.0": [0, 0, 0],
            "0.5833": [52.5, 0, 0]
          }
        },
        "tail_end": {
          "rotation": [12.5, 0, 0]
        },
        "tail_bulb": {
          "rotation": [15, 0, 0]
        }
      }
    }
  }
}
