{
  "format_version": "1.8.0",
  "animations": {
    "animation.froslass.cry": {
      "animation_length": 2,
      "bones": {
        "head": {
          "rotation": {
            "0.0": [0, 0, 0],
            "0.1667": [-10, 0, 0],
            "0.9167": [-10, 0, 0],
            "1.4167": [-7.5, 0, 0],
            "1.9167": [0, 0, 0],
            "2.0": [0, 0, 0]
          }
        },
        "arm_right": {
          "rotation": {
            "0.0": [0, 0, 0],
            "0.1667": [10, 0, 0],
            "0.9167": [10, 0, 0],
            "1.4167": [7.5, 0, 0],
            "1.9167": [0, 0, 0],
            "2.0": [0, 0, 0]
          }
        },
        "arm_left": {
          "rotation": {
            "0.0": [0, 0, 0],
            "0.1667": [10, 0, 0],
            "0.9167": [10, 0, 0],
            "1.4167": [7.5, 0, 0],
            "1.9167": [0, 0, 0],
            "2.0": [0, 0, 0]
          }
        },
        "mouth_open": {
          "position": {
            "0.0": [0, 0, 0],
            "0.1667": [0, -1, -1],
            "1.7083": [0, -1, -1],
            "1.875": [0, 0, 0]
          }
        }
      }
    },
    "animation.froslass.faint": {
      "animation_length": 4,
      "bones": {
        "torso": {
          "rotation": {
            "0.0": [0, 0, 0],
            "1.5": [0, -360, 0],
            "1.9583": [0, -360.93, 0],
            "2.4583": [32.09914, -359.94217, 0],
            "4.0": [32.5, -360, 0]
          },
          "position": {
            "0.0": {
              "post": [0, 0, 0],
              "lerp_mode": "catmullrom"
            },
            "0.5": {
              "post": [0, 12, -3],
              "lerp_mode": "catmullrom"
            },
            "0.75": {
              "post": [0, 16, -3.6],
              "lerp_mode": "catmullrom"
            },
            "1.5": {
              "post": [0, 16, -3.6],
              "lerp_mode": "catmullrom"
            },
            "1.75": {
              "post": [0, -8, -3.6],
              "lerp_mode": "catmullrom"
            },
            "2.25": {
              "post": [0, -13, 3.4],
              "lerp_mode": "catmullrom"
            },
            "2.4583": {
              "post": [0, -19.35, 6.82],
              "lerp_mode": "catmullrom"
            },
            "2.75": {
              "post": [0, -19.15, 10.9],
              "lerp_mode": "catmullrom"
            },
            "4.0": {
              "post": [0, -19.15, 11.9],
              "lerp_mode": "catmullrom"
            }
          }
        },
        "head": {
          "rotation": {
            "0.0": {
              "post": [10, 0, 0],
              "lerp_mode": "catmullrom"
            },
            "0.75": {
              "post": [-15, 0, 0],
              "lerp_mode": "catmullrom"
            },
            "1.4583": {
              "post": [-15, 0, 0],
              "lerp_mode": "catmullrom"
            },
            "2.0": {
              "post": [57.5, 0, 0],
              "lerp_mode": "catmullrom"
            },
            "2.4583": {
              "post": [57.5, 0, 0],
              "lerp_mode": "catmullrom"
            },
            "4.0": {
              "post": [57.5, 0, 0],
              "lerp_mode": "catmullrom"
            }
          },
          "position": {
            "2.4583": [0, 0, 0],
            "2.5833": [0, 1.1, 0.7],
            "2.7083": [0, 0, 0]
          }
        },
        "head2": {
          "rotation": {
            "0.0": {
              "post": [7.5, 0, 0],
              "lerp_mode": "catmullrom"
            },
            "4.0": {
              "post": [7.5, 0, 0],
              "lerp_mode": "catmullrom"
            }
          }
        },
        "head3": {
          "rotation": {
            "0.0": {
              "post": [5, 0, 0],
              "lerp_mode": "catmullrom"
            },
            "4.0": {
              "post": [5, 0, 0],
              "lerp_mode": "catmullrom"
            }
          }
        },
        "head4": {
          "rotation": {
            "0.0": {
              "post": [5, 0, 0],
              "lerp_mode": "catmullrom"
            },
            "4.0": {
              "post": [5, 0, 0],
              "lerp_mode": "catmullrom"
            }
          }
        },
        "eye_left": {
          "position": {
            "0.0": [0, 0, 0],
            "0.75": [-1, 0, 1],
            "4.0": [-1, 0, 1]
          }
        },
        "eye_left_closed": {
          "position": {
            "0.0": [0, 0, 0],
            "0.75": [1, 0, -1],
            "4.0": [1, 0, -1]
          }
        },
        "eye_right_closed": {
          "position": {
            "0.0": [0, 0, 0],
            "0.75": [-1, 0, -1],
            "4.0": [-1, 0, -1]
          }
        },
        "eye_right": {
          "position": {
            "0.0": [0, 0, 0],
            "0.75": [1, 0, 1],
            "4.0": [1, 0, 1]
          }
        },
        "arm_right": {
          "rotation": {
            "0.0": {
              "post": [0, 0, -80],
              "lerp_mode": "catmullrom"
            },
            "0.5": {
              "post": [-10.27206, -33.64409, -61.88679],
              "lerp_mode": "catmullrom"
            },
            "1.25": {
              "post": [-10.27206, -33.64409, -61.88679],
              "lerp_mode": "catmullrom"
            },
            "1.7917": {
              "post": [30.14893, -27.12764, -87.90666],
              "lerp_mode": "catmullrom"
            },
            "2.25": {
              "post": [-29.03762, -46.04167, -53.21401],
              "lerp_mode": "catmullrom"
            },
            "2.6667": {
              "post": [-62.99332, -21.82243, 5.03116],
              "lerp_mode": "catmullrom"
            },
            "2.9583": {
              "post": [-76.95875, -30.88877, 12.08523],
              "lerp_mode": "catmullrom"
            },
            "4.0": {
              "post": [-76.95875, -30.88877, 12.08523],
              "lerp_mode": "catmullrom"
            }
          }
        },
        "arm_right2": {
          "rotation": {
            "0.0": {
              "post": [0, 0, 0],
              "lerp_mode": "catmullrom"
            },
            "0.5": {
              "post": [0, -25, -17.5],
              "lerp_mode": "catmullrom"
            },
            "1.25": {
              "post": [0, -25, -17.5],
              "lerp_mode": "catmullrom"
            },
            "1.7917": {
              "post": [0.93841, -23.39896, 4.38023],
              "lerp_mode": "catmullrom"
            },
            "2.25": {
              "post": [-4.06159, -23.39896, 4.38023],
              "lerp_mode": "catmullrom"
            },
            "2.5417": {
              "post": [-10.25198, -21.51686, 20.4918],
              "lerp_mode": "catmullrom"
            },
            "3.0417": {
              "post": [-5.01253, -23.13009, 6.82061],
              "lerp_mode": "catmullrom"
            },
            "4.0": {
              "post": [-3.94269, -23.3253, 4.10837],
              "lerp_mode": "catmullrom"
            }
          }
        },
        "arm_right3": {
          "rotation": {
            "0.0": {
              "post": [0, 0, 0],
              "lerp_mode": "catmullrom"
            },
            "0.5": {
              "post": [18.32252, -24.1782, -38.95658],
              "lerp_mode": "catmullrom"
            },
            "1.25": {
              "post": [18.32252, -24.1782, -38.95658],
              "lerp_mode": "catmullrom"
            },
            "1.7917": {
              "post": [15, 0, 0],
              "lerp_mode": "catmullrom"
            },
            "2.0": {
              "post": [14.78217, -2.57594, 9.6658],
              "lerp_mode": "catmullrom"
            },
            "2.25": {
              "post": [14.94548, 1.29256, -4.83045],
              "lerp_mode": "catmullrom"
            },
            "2.5417": {
              "post": [8.89478, -24.21689, 7.60614],
              "lerp_mode": "catmullrom"
            },
            "4.0": {
              "post": [8.89478, -24.21689, 7.60614],
              "lerp_mode": "catmullrom"
            }
          }
        },
        "arm_right4": {
          "rotation": {
            "0.0": {
              "post": [0, 0, 0],
              "lerp_mode": "catmullrom"
            },
            "0.5": {
              "post": [4.52861, -44.8029, -7.02876],
              "lerp_mode": "catmullrom"
            },
            "1.25": {
              "post": [4.52861, -44.8029, -7.02876],
              "lerp_mode": "catmullrom"
            },
            "1.7917": {
              "post": [0, 0, 47.5],
              "lerp_mode": "catmullrom"
            },
            "2.25": {
              "post": [4.98107, -0.43523, 47.48107],
              "lerp_mode": "catmullrom"
            },
            "2.5417": {
              "post": [-0.56255, 2.30644, 15.08937],
              "lerp_mode": "catmullrom"
            },
            "4.0": {
              "post": [-0.56255, 2.30644, 15.08937],
              "lerp_mode": "catmullrom"
            }
          }
        },
        "arm_right5": {
          "rotation": {
            "0.0": {
              "post": [0, 0, 0],
              "lerp_mode": "catmullrom"
            },
            "0.125": {
              "post": [1.15, 0, 0],
              "lerp_mode": "catmullrom"
            },
            "0.2083": {
              "post": [44.43, 0, 0],
              "lerp_mode": "catmullrom"
            },
            "0.5": {
              "post": [24.77, 0, 0],
              "lerp_mode": "catmullrom"
            },
            "0.75": {
              "post": [-36.07, 0, 0],
              "lerp_mode": "catmullrom"
            },
            "1.7917": {
              "post": [27.5, 0, 0],
              "lerp_mode": "catmullrom"
            },
            "2.0417": {
              "post": [37.5, 0, 0],
              "lerp_mode": "catmullrom"
            },
            "2.75": {
              "post": [2.5, 0, 0],
              "lerp_mode": "catmullrom"
            },
            "4.0": {
              "post": [2.5, 0, 0],
              "lerp_mode": "catmullrom"
            }
          }
        },
        "hand_right": {
          "rotation": {
            "0.0": {
              "post": [0, 0, 0],
              "lerp_mode": "catmullrom"
            },
            "1.7917": {
              "post": [0, 0, 22.5],
              "lerp_mode": "catmullrom"
            },
            "2.25": {
              "post": [0, 0, 10],
              "lerp_mode": "catmullrom"
            },
            "4.0": {
              "post": [0, 0, 10],
              "lerp_mode": "catmullrom"
            }
          }
        },
        "arm_left": {
          "rotation": {
            "0.0": {
              "post": [0, 0, 80],
              "lerp_mode": "catmullrom"
            },
            "0.5": {
              "post": [-10.27206, 33.64409, 61.88679],
              "lerp_mode": "catmullrom"
            },
            "1.25": {
              "post": [-10.27206, 33.64409, 61.88679],
              "lerp_mode": "catmullrom"
            },
            "1.7917": {
              "post": [30.14893, 27.12764, 87.90666],
              "lerp_mode": "catmullrom"
            },
            "2.25": {
              "post": [-29.03762, 46.04167, 53.21401],
              "lerp_mode": "catmullrom"
            },
            "2.6667": {
              "post": [-62.99332, 21.82243, -5.03116],
              "lerp_mode": "catmullrom"
            },
            "2.9583": {
              "post": [-76.95875, 30.88877, -12.08523],
              "lerp_mode": "catmullrom"
            },
            "4.0": {
              "post": [-76.95875, 30.88877, -12.08523],
              "lerp_mode": "catmullrom"
            }
          }
        },
        "arm_left2": {
          "rotation": {
            "0.0": {
              "post": [0, 0, 0],
              "lerp_mode": "catmullrom"
            },
            "0.5": {
              "post": [0, 25, 17.5],
              "lerp_mode": "catmullrom"
            },
            "1.25": {
              "post": [0, 25, 17.5],
              "lerp_mode": "catmullrom"
            },
            "1.7917": {
              "post": [0.93841, 23.39896, -4.38023],
              "lerp_mode": "catmullrom"
            },
            "2.25": {
              "post": [-4.06159, 23.39896, -4.38023],
              "lerp_mode": "catmullrom"
            },
            "2.5417": {
              "post": [-10.25198, 21.51686, -20.4918],
              "lerp_mode": "catmullrom"
            },
            "3.0417": {
              "post": [-5.01253, 23.13009, -6.82061],
              "lerp_mode": "catmullrom"
            },
            "4.0": {
              "post": [-3.94269, 23.3253, -4.10837],
              "lerp_mode": "catmullrom"
            }
          }
        },
        "arm_left3": {
          "rotation": {
            "0.0": {
              "post": [0, 0, 0],
              "lerp_mode": "catmullrom"
            },
            "0.5": {
              "post": [18.32252, 24.1782, 38.95658],
              "lerp_mode": "catmullrom"
            },
            "1.25": {
              "post": [18.32252, 24.1782, 38.95658],
              "lerp_mode": "catmullrom"
            },
            "1.7917": {
              "post": [15, 0, 0],
              "lerp_mode": "catmullrom"
            },
            "2.0": {
              "post": [14.78217, 2.57594, -9.6658],
              "lerp_mode": "catmullrom"
            },
            "2.25": {
              "post": [14.94548, -1.29256, 4.83045],
              "lerp_mode": "catmullrom"
            },
            "2.5417": {
              "post": [8.89478, 24.21689, -7.60614],
              "lerp_mode": "catmullrom"
            },
            "4.0": {
              "post": [8.89478, 24.21689, -7.60614],
              "lerp_mode": "catmullrom"
            }
          }
        },
        "arm_left4": {
          "rotation": {
            "0.0": {
              "post": [0, 0, 0],
              "lerp_mode": "catmullrom"
            },
            "0.5": {
              "post": [4.52861, 44.8029, 7.02876],
              "lerp_mode": "catmullrom"
            },
            "1.25": {
              "post": [4.52861, 44.8029, 7.02876],
              "lerp_mode": "catmullrom"
            },
            "1.7917": {
              "post": [0, 0, -47.5],
              "lerp_mode": "catmullrom"
            },
            "2.25": {
              "post": [4.98107, 0.43523, -47.48107],
              "lerp_mode": "catmullrom"
            },
            "2.5417": {
              "post": [-0.56255, -2.30644, -15.08937],
              "lerp_mode": "catmullrom"
            },
            "4.0": {
              "post": [-0.56255, -2.30644, -15.08937],
              "lerp_mode": "catmullrom"
            }
          }
        },
        "arm_left5": {
          "rotation": {
            "0.0": {
              "post": [0, 0, 0],
              "lerp_mode": "catmullrom"
            },
            "0.125": {
              "post": [1.15, 0, 0],
              "lerp_mode": "catmullrom"
            },
            "0.2083": {
              "post": [44.43, 0, 0],
              "lerp_mode": "catmullrom"
            },
            "0.5": {
              "post": [24.77, 0, 0],
              "lerp_mode": "catmullrom"
            },
            "0.75": {
              "post": [-36.07, 0, 0],
              "lerp_mode": "catmullrom"
            },
            "1.7917": {
              "post": [27.5, 0, 0],
              "lerp_mode": "catmullrom"
            },
            "2.0417": {
              "post": [37.5, 0, 0],
              "lerp_mode": "catmullrom"
            },
            "2.75": {
              "post": [2.5, 0, 0],
              "lerp_mode": "catmullrom"
            },
            "4.0": {
              "post": [2.5, 0, 0],
              "lerp_mode": "catmullrom"
            }
          }
        },
        "hand_left": {
          "rotation": {
            "0.0": {
              "post": [0, 0, 0],
              "lerp_mode": "catmullrom"
            },
            "1.7917": {
              "post": [0, 0, -22.5],
              "lerp_mode": "catmullrom"
            },
            "2.25": {
              "post": [0, 0, -10],
              "lerp_mode": "catmullrom"
            },
            "4.0": {
              "post": [0, 0, -10],
              "lerp_mode": "catmullrom"
            }
          }
        },
        "mouth_open": {
          "position": {
            "0.0": [0, 0, 0],
            "0.25": [0, -1, -1],
            "1.5417": [0, -1, -1],
            "1.75": [0, 0, 0],
            "4.0": [0, 0, 0]
          }
        },
        "neck": {
          "rotation": {
            "0.0": {
              "post": [-7.5, 0, 0],
              "lerp_mode": "catmullrom"
            },
            "1.5": {
              "post": [-7.5, 0, 0],
              "lerp_mode": "catmullrom"
            },
            "1.75": {
              "post": [7.5, 0, 0],
              "lerp_mode": "catmullrom"
            },
            "2.0": {
              "post": [32.5, 0, 0],
              "lerp_mode": "catmullrom"
            },
            "2.5417": {
              "post": [50, 0, 0],
              "lerp_mode": "catmullrom"
            },
            "3.0": {
              "post": [57.5, 0, 0],
              "lerp_mode": "catmullrom"
            },
            "4.0": {
              "post": [57.5, 0, 0],
              "lerp_mode": "catmullrom"
            }
          }
        },
        "body": {
          "rotation": {
            "0.0": {
              "post": [0, 0, 0],
              "lerp_mode": "catmullrom"
            },
            "1.5": {
              "post": [0, 5, -7.5],
              "lerp_mode": "catmullrom"
            },
            "1.75": {
              "post": [17.5, 0, 0],
              "lerp_mode": "catmullrom"
            },
            "2.0": {
              "post": [15, 0, 0],
              "lerp_mode": "catmullrom"
            },
            "2.5417": {
              "post": [17.5, 0, 0],
              "lerp_mode": "catmullrom"
            },
            "3.0": {
              "post": [0, 0, 0],
              "lerp_mode": "catmullrom"
            },
            "4.0": {
              "post": [0, 0, 0],
              "lerp_mode": "catmullrom"
            }
          }
        },
        "body2": {
          "rotation": {
            "0.0": {
              "post": [7.5, 0, 0],
              "lerp_mode": "catmullrom"
            },
            "1.5": {
              "post": [7.51681, 8.41262, -6.45804],
              "lerp_mode": "catmullrom"
            },
            "1.75": {
              "post": [7.5, 0, 0],
              "lerp_mode": "catmullrom"
            },
            "2.0": {
              "post": [20, 0, 0],
              "lerp_mode": "catmullrom"
            },
            "3.2083": {
              "post": [0, 0, 0],
              "lerp_mode": "catmullrom"
            },
            "4.0": {
              "post": [0, 0, 0],
              "lerp_mode": "catmullrom"
            }
          }
        },
        "body3": {
          "rotation": {
            "0.0": {
              "post": [5, 0, 0],
              "lerp_mode": "catmullrom"
            },
            "1.5": {
              "post": [5.02885, 7.90672, -4.32548],
              "lerp_mode": "catmullrom"
            },
            "1.75": {
              "post": [15, 0, 0],
              "lerp_mode": "catmullrom"
            },
            "2.0": {
              "post": [7.5, 0, 0],
              "lerp_mode": "catmullrom"
            },
            "2.7083": {
              "post": [15, 0, 0],
              "lerp_mode": "catmullrom"
            },
            "3.2083": {
              "post": [-5, 0, 0],
              "lerp_mode": "catmullrom"
            },
            "4.0": {
              "post": [0, 0, 0],
              "lerp_mode": "catmullrom"
            }
          }
        },
        "sash_left": {
          "rotation": {
            "0.0": {
              "post": [0, 0, 0],
              "lerp_mode": "catmullrom"
            },
            "1.25": {
              "post": [0, 50, 0],
              "lerp_mode": "catmullrom"
            },
            "1.75": {
              "post": [17.5, -7.5, 0],
              "lerp_mode": "catmullrom"
            },
            "1.8333": {
              "post": [0, 2.5, 0],
              "lerp_mode": "catmullrom"
            },
            "1.9583": {
              "post": [7.5, 2.5, 0],
              "lerp_mode": "catmullrom"
            },
            "2.1667": {
              "post": [0, 20, 0],
              "lerp_mode": "catmullrom"
            },
            "2.75": {
              "post": [0, 50, 0],
              "lerp_mode": "catmullrom"
            },
            "4.0": {
              "post": [0, 50, 0],
              "lerp_mode": "catmullrom"
            }
          }
        },
        "sash_right": {
          "rotation": {
            "0.0": {
              "post": [0, 0, 0],
              "lerp_mode": "catmullrom"
            },
            "1.25": {
              "post": [0, 50, 0],
              "lerp_mode": "catmullrom"
            },
            "1.75": {
              "post": [17.5, -7.5, 0],
              "lerp_mode": "catmullrom"
            },
            "1.8333": {
              "post": [0, 2.5, 0],
              "lerp_mode": "catmullrom"
            },
            "1.9583": {
              "post": [7.5, -2.5, 0],
              "lerp_mode": "catmullrom"
            },
            "2.1667": {
              "post": [-7.5, -20, 0],
              "lerp_mode": "catmullrom"
            },
            "2.75": {
              "post": [0, -50, 0],
              "lerp_mode": "catmullrom"
            },
            "4.0": {
              "post": [0, -50, 0],
              "lerp_mode": "catmullrom"
            }
          }
        },
        "body4": {
          "rotation": {
            "0.0": {
              "post": [7.5, 0, 0],
              "lerp_mode": "catmullrom"
            },
            "1.5": {
              "post": [7.47178, 0.65182, -4.95744],
              "lerp_mode": "catmullrom"
            },
            "1.75": {
              "post": [17.5, 0, 0],
              "lerp_mode": "catmullrom"
            },
            "2.0": {
              "post": [7.5, 0, 0],
              "lerp_mode": "catmullrom"
            },
            "4.0": {
              "post": [7.5, 0, 0],
              "lerp_mode": "catmullrom"
            }
          }
        },
        "body5": {
          "rotation": {
            "0.0": {
              "post": [10, 0, 0],
              "lerp_mode": "catmullrom"
            },
            "1.5": {
              "post": [10.15108, 9.84655, 1.75378],
              "lerp_mode": "catmullrom"
            },
            "1.75": {
              "post": [10, 0, 0],
              "lerp_mode": "catmullrom"
            },
            "2.0": {
              "post": [5, 0, 0],
              "lerp_mode": "catmullrom"
            },
            "2.7917": {
              "post": [7.5, 0, 0],
              "lerp_mode": "catmullrom"
            },
            "3.5": {
              "post": [-7.5, 0, 0],
              "lerp_mode": "catmullrom"
            },
            "4.0": {
              "post": [-7.5, 0, 0],
              "lerp_mode": "catmullrom"
            }
          }
        }
      }
    },
    "animation.froslass.battle_idle": {
      "loop": true,
      "bones": {
        "head2": {
          "rotation": [7.5, 0, 0]
        },
        "head3": {
          "rotation": [5, 0, 0]
        },
        "head4": {
          "rotation": [5, 0, 0]
        },
        "sash_left": {
          "rotation": [0, "40-4*(math.cos(q.anim_time*150)*2)", 0]
        },
        "sash_right": {
          "rotation": [0, "-40-4*(math.cos(q.anim_time*150)*2)", 0]
        },
        "head": {
          "rotation": [0, 0, "0+2*(math.sin(q.anim_time*150+40)*1)"]
        },
        "neck": {
          "rotation": [-5, 0, "0-1*(math.cos(q.anim_time*150-25)*1)"]
        },
        "body": {
          "rotation": [
            5,
            "0+2*(math.cos(q.anim_time*150-45)*1)",
            "0-1*(math.cos(q.anim_time*150+25)*1)"
          ]
        },
        "body2": {
          "rotation": [
            "5+1*(math.cos(q.anim_time*300-65)*1)",
            "0+2*(math.cos(q.anim_time*150-65)*1)",
            "0-1*(math.cos(q.anim_time*150+15)*1)"
          ]
        },
        "body3": {
          "rotation": [
            "5-1*(math.cos(q.anim_time*300-85)*1)",
            0,
            "0-1*(math.cos(q.anim_time*150)*1)"
          ]
        },
        "body4": {
          "rotation": [0, 0, 0]
        },
        "body5": {
          "rotation": [10, 0, "0-3*(math.cos(q.anim_time*150)*1)"],
          "position": [0, 0.5, 0]
        },
        "arm_right": {
          "rotation": [
            0.65001,
            -0.39964,
            "-72.4019+2.5*(math.cos(q.anim_time*150-25)*0.5)+1*(math.cos(q.anim_time*300)*0.5)"
          ],
          "position": [-0.15, -0.00856, 0.00553]
        },
        "arm_right2": {
          "rotation": [
            -15.6,
            "-46.1405+7*(math.cos(q.anim_time*150-85)*0.5)",
            7.5601
          ],
          "position": [0.80149, -0.08932, 0.55066]
        },
        "arm_right3": {
          "rotation": [
            -13.65934,
            "-45.155+3*(math.cos(q.anim_time*150-85)*0.5)",
            -1.82335
          ],
          "position": [1.26011, 0.03008, 0.96149]
        },
        "arm_right4": {
          "rotation": [0, "0-4*(math.cos(q.anim_time*150-105)*0.5)", -62.5]
        },
        "finger_front_right": {
          "rotation": [
            -1.71394,
            4.69776,
            "-20.0703+10*(math.cos(q.anim_time*150-105)*2)"
          ],
          "position": [0.05, 0, 0]
        },
        "finger_middle_Right": {
          "rotation": [
            -2.66399,
            14.76689,
            "-10.3453+10*(math.cos(q.anim_time*150-115)*2)"
          ],
          "position": [0.15, -0.025, 0]
        },
        "finger_back_right": {
          "rotation": [
            -6.1191,
            21.69365,
            "-16.1735+10*(math.cos(q.anim_time*150-125)*2)"
          ],
          "position": [0.2, -0.025, 0]
        },
        "arm_left": {
          "rotation": [
            -7.49506,
            "6.784-7*(math.sin(q.anim_time*150-45)*0.5)",
            "84.0673-2.5*(math.cos(q.anim_time*150-25)*0.5)-1*(math.cos(q.anim_time*300)*0.5)"
          ]
        },
        "hand_right": {
          "rotation": [0, 0, "-37.5+4*(math.cos(q.anim_time*150-105)*2)"]
        },
        "arm_left2": {
          "rotation": [
            0,
            "0-7*(math.cos(q.anim_time*150-65)*0.5)",
            "-2-3*(math.cos(q.anim_time*150-45)*1)"
          ]
        },
        "arm_left3": {
          "rotation": [
            0,
            "0-7*(math.cos(q.anim_time*150-85)*0.5)",
            "0-4*(math.cos(q.anim_time*150)*1)"
          ]
        },
        "arm_left4": {
          "rotation": [
            0,
            "7-7*(math.cos(q.anim_time*150-105)*0.5)",
            "2-8*(math.cos(q.anim_time*150)*1)"
          ]
        },
        "hand_left": {
          "rotation": [0, 0, "-10*(math.cos(q.anim_time*150-105)*1)"]
        },
        "finger_front_left": {
          "rotation": [0, 15, 0],
          "position": [-0.1, 0, 0]
        },
        "finger_middle_Left": {
          "rotation": [0, 0, 0]
        },
        "finger_back_left": {
          "rotation": [0, -10, 0],
          "position": [-0.1, 0, 0]
        },
        "arm_right5": {
          "rotation": ["0+3*(math.cos(q.anim_time*150+25)*2)", 0, 0]
        },
        "arm_left5": {
          "rotation": ["0-10*(math.cos(q.anim_time*150+25)*2)", 0, 0]
        },
        "torso": {
          "rotation": ["0+2*(math.sin(q.anim_time*150+65)*1)", 0, 0],
          "position": [
            "0-0.5*(math.sin(q.anim_time*150)*1)",
            "0+0.4*(math.sin(q.anim_time*300+90)*1)",
            0
          ]
        },
        "eyebrow_left": {
          "rotation": [0, 0, -12.5],
          "scale": [1.1, 1, 1]
        },
        "eyebrow_right": {
          "rotation": [0, 0, 12.5],
          "scale": [1.1, 1, 1]
        }
      }
    },
    "animation.froslass.ground_idle": {
      "loop": true,
      "bones": {
        "head2": {
          "rotation": [7.5, 0, 0]
        },
        "head3": {
          "rotation": [5, 0, 0]
        },
        "head4": {
          "rotation": [5, 0, 0]
        },
        "sash_left": {
          "rotation": [0, "40-4*(math.cos(q.anim_time*150)*2)", 0]
        },
        "sash_right": {
          "rotation": [0, "-40-4*(math.cos(q.anim_time*150)*2)", 0]
        },
        "head": {
          "rotation": [0, 0, "0+2*(math.sin(q.anim_time*150+40)*1)"]
        },
        "neck": {
          "rotation": [-5, 0, "0-1*(math.cos(q.anim_time*150-25)*1)"]
        },
        "body": {
          "rotation": [
            5,
            "0+2*(math.cos(q.anim_time*150-45)*1)",
            "0-1*(math.cos(q.anim_time*150+25)*1)"
          ]
        },
        "body2": {
          "rotation": [
            "5+1*(math.cos(q.anim_time*300-65)*1)",
            "0+2*(math.cos(q.anim_time*150-65)*1)",
            "0-1*(math.cos(q.anim_time*150+15)*1)"
          ]
        },
        "body3": {
          "rotation": [
            "5-1*(math.cos(q.anim_time*300-85)*1)",
            0,
            "0-1*(math.cos(q.anim_time*150)*1)"
          ]
        },
        "body4": {
          "rotation": [0, 0, 0]
        },
        "body5": {
          "rotation": [10, 0, "0-3*(math.cos(q.anim_time*150)*1)"],
          "position": [0, 0.5, 0]
        },
        "arm_right": {
          "rotation": [
            -7.49506,
            "-6.784+7*(math.sin(q.anim_time*150-45)*0.5)",
            "-84.0673-2.5*(math.cos(q.anim_time*150-25)*0.5)-1*(math.cos(q.anim_time*300)*0.5)"
          ]
        },
        "arm_right2": {
          "rotation": [
            0,
            "0+7*(math.cos(q.anim_time*150-65)*0.5)",
            "2-3*(math.cos(q.anim_time*150-45)*1)"
          ]
        },
        "arm_right3": {
          "rotation": [
            0,
            "0+7*(math.cos(q.anim_time*150-85)*0.5)",
            "0-4*(math.cos(q.anim_time*150)*1)"
          ]
        },
        "arm_right4": {
          "rotation": [
            0,
            "-7+7*(math.cos(q.anim_time*150-105)*0.5)",
            "-2-8*(math.cos(q.anim_time*150)*1)"
          ]
        },
        "finger_front_right": {
          "rotation": [0, -15, 0],
          "position": [0.1, 0, 0]
        },
        "finger_middle_Right": {
          "rotation": [0, 0, 0]
        },
        "finger_back_right": {
          "rotation": [0, 10, 0],
          "position": [0.1, 0, 0]
        },
        "arm_left": {
          "rotation": [
            -7.49506,
            "6.784-7*(math.sin(q.anim_time*150-45)*0.5)",
            "84.0673-2.5*(math.cos(q.anim_time*150-25)*0.5)-1*(math.cos(q.anim_time*300)*0.5)"
          ]
        },
        "hand_right": {
          "rotation": [0, 0, "-10*(math.cos(q.anim_time*150-105)*1)"]
        },
        "arm_left2": {
          "rotation": [
            0,
            "0-7*(math.cos(q.anim_time*150-65)*0.5)",
            "-2-3*(math.cos(q.anim_time*150-45)*1)"
          ]
        },
        "arm_left3": {
          "rotation": [
            0,
            "0-7*(math.cos(q.anim_time*150-85)*0.5)",
            "0-4*(math.cos(q.anim_time*150)*1)"
          ]
        },
        "arm_left4": {
          "rotation": [
            0,
            "7-7*(math.cos(q.anim_time*150-105)*0.5)",
            "2-8*(math.cos(q.anim_time*150)*1)"
          ]
        },
        "hand_left": {
          "rotation": [0, 0, "-10*(math.cos(q.anim_time*150-105)*1)"]
        },
        "finger_front_left": {
          "rotation": [0, 15, 0],
          "position": [-0.1, 0, 0]
        },
        "finger_middle_Left": {
          "rotation": [0, 0, 0]
        },
        "finger_back_left": {
          "rotation": [0, -10, 0],
          "position": [-0.1, 0, 0]
        },
        "arm_right5": {
          "rotation": ["0+10*(math.cos(q.anim_time*150+25)*2)", 0, 0]
        },
        "arm_left5": {
          "rotation": ["0-10*(math.cos(q.anim_time*150+25)*2)", 0, 0]
        },
        "torso": {
          "rotation": ["0+2*(math.sin(q.anim_time*150+65)*1)", 0, 0],
          "position": [
            "0-0.5*(math.sin(q.anim_time*150)*1)",
            "0+0.4*(math.sin(q.anim_time*300+90)*1)",
            0
          ]
        }
      }
    },
    "animation.froslass.ground_walk": {
      "loop": true,
      "bones": {
        "head2": {
          "rotation": [7.5, 0, 0]
        },
        "head3": {
          "rotation": [5, 0, 0]
        },
        "head4": {
          "rotation": [5, 0, 0]
        },
        "sash_left": {
          "rotation": [0, "40-4*(math.cos(q.anim_time*150)*2)", 0]
        },
        "sash_right": {
          "rotation": [0, "-40-4*(math.cos(q.anim_time*150)*2)", 0]
        },
        "head": {
          "rotation": [0, 0, "0+2*(math.sin(q.anim_time*150+40)*1)"]
        },
        "neck": {
          "rotation": [15, 0, "0-1*(math.cos(q.anim_time*150-25)*1)"]
        },
        "body": {
          "rotation": [
            5,
            "0+2*(math.cos(q.anim_time*150-45)*1)",
            "0-1*(math.cos(q.anim_time*150+25)*1)"
          ]
        },
        "body2": {
          "rotation": [
            "5+1*(math.cos(q.anim_time*300-65)*1)",
            "0+2*(math.cos(q.anim_time*150-65)*1)",
            "0-1*(math.cos(q.anim_time*150+15)*1)"
          ]
        },
        "body3": {
          "rotation": [
            "5-1*(math.cos(q.anim_time*300-85)*1)",
            0,
            "0-1*(math.cos(q.anim_time*150)*1)"
          ]
        },
        "body4": {
          "rotation": [0, 0, 0]
        },
        "body5": {
          "rotation": [10, 0, "0-3*(math.cos(q.anim_time*150)*1)"],
          "position": [0, 0.5, 0]
        },
        "arm_right": {
          "rotation": [
            -5.18194,
            "16.6418+7*(math.sin(q.anim_time*150-45)*0.5)",
            "-76.779-2.5*(math.cos(q.anim_time*150-25)*0.5)-1*(math.cos(q.anim_time*300)*0.5)"
          ]
        },
        "arm_right2": {
          "rotation": [
            0,
            "0+7*(math.cos(q.anim_time*150-65)*0.5)",
            "2-3*(math.cos(q.anim_time*150-45)*1)"
          ]
        },
        "arm_right3": {
          "rotation": [
            0,
            "2.5+7*(math.cos(q.anim_time*150-85)*0.5)",
            "0-4*(math.cos(q.anim_time*150)*1)"
          ]
        },
        "arm_right4": {
          "rotation": [
            0,
            "0.5+7*(math.cos(q.anim_time*150-105)*0.5)",
            "-2-8*(math.cos(q.anim_time*150)*1)"
          ],
          "position": [
            "0.4+0.3*(math.cos(q.anim_time*150-105)*0.5)",
            "0.1-0.1*(math.cos(q.anim_time*150-105)*0.5)",
            0
          ]
        },
        "finger_front_right": {
          "rotation": [0, -15, 0],
          "position": [0.1, 0, 0]
        },
        "finger_middle_Right": {
          "rotation": [0, 0, 0]
        },
        "finger_back_right": {
          "rotation": [0, 10, 0],
          "position": [0.1, 0, 0]
        },
        "arm_left": {
          "rotation": [
            -5.18194,
            "-16.6418-7*(math.sin(q.anim_time*150-45)*0.5)",
            "76.779-2.5*(math.cos(q.anim_time*150-25)*0.5)-1*(math.cos(q.anim_time*300)*0.5)"
          ]
        },
        "hand_right": {
          "rotation": [0, 0, "NaN-10*(math.cos(q.anim_time*150-105)*1)"]
        },
        "arm_left2": {
          "rotation": [
            0,
            "0-7*(math.cos(q.anim_time*150-65)*0.5)",
            "-2-3*(math.cos(q.anim_time*150-45)*1)"
          ]
        },
        "arm_left3": {
          "rotation": [
            0,
            "-2.5-7*(math.cos(q.anim_time*150-85)*0.5)",
            "0-4*(math.cos(q.anim_time*150)*1)"
          ]
        },
        "arm_left4": {
          "rotation": [
            0,
            "-0.5-7*(math.cos(q.anim_time*150-105)*0.5)",
            "2-8*(math.cos(q.anim_time*150)*1)"
          ],
          "position": [
            "-0.4+0.3*(math.cos(q.anim_time*150-105)*0.5)",
            "0.1-0.1*(math.cos(q.anim_time*150-105)*0.5)",
            0
          ]
        },
        "hand_left": {
          "rotation": [0, 0, "-10*(math.cos(q.anim_time*150-105)*1)"]
        },
        "finger_front_left": {
          "rotation": [0, 15, 0],
          "position": [-0.1, 0, 0]
        },
        "finger_middle_Left": {
          "rotation": [0, 0, 0]
        },
        "finger_back_left": {
          "rotation": [0, -10, 0],
          "position": [-0.1, 0, 0]
        },
        "arm_right5": {
          "rotation": ["0-10*(math.cos(q.anim_time*150+25)*2)", 0, 0]
        },
        "arm_left5": {
          "rotation": ["0-10*(math.cos(q.anim_time*150+25)*2)", 0, 0]
        },
        "torso": {
          "rotation": ["0+2*(math.sin(q.anim_time*150+65)*1)", 0, 0],
          "position": [
            "0-0.5*(math.sin(q.anim_time*150)*1)",
            "-1+0.4*(math.sin(q.anim_time*300+90)*1)",
            0
          ]
        }
      }
    },
    "animation.froslass.ground_run": {
      "loop": true,
      "bones": {
        "head2": {
          "rotation": [7.5, 0, 0]
        },
        "head3": {
          "rotation": [5, 0, 0]
        },
        "head4": {
          "rotation": [5, 0, 0]
        },
        "sash_left": {
          "rotation": [-10, "25-4*(math.cos(q.anim_time*300)*2)", 0]
        },
        "sash_right": {
          "rotation": [-7.5, "-25-4*(math.cos(q.anim_time*300)*2)", 0]
        },
        "head": {
          "rotation": [0, 0, "0-2*(math.cos(q.anim_time*300+40)*1)"]
        },
        "neck": {
          "rotation": [20, 0, "0-1*(math.cos(q.anim_time*300-25)*1)"]
        },
        "body": {
          "rotation": [
            10,
            "0+2*(math.cos(q.anim_time*300-45)*1)",
            "0-1*(math.cos(q.anim_time*300+25)*1)"
          ]
        },
        "body2": {
          "rotation": [
            "7.5+1*(math.cos(q.anim_time*300-65)*1)",
            "2*(math.cos(q.anim_time*150-65)*1)",
            "-1*(math.cos(q.anim_time*150+15)*1)"
          ]
        },
        "body3": {
          "rotation": [
            "5-1*(math.cos(q.anim_time*600-85)*1)",
            0,
            "0-1*(math.cos(q.anim_time*300+25)*1)"
          ]
        },
        "body4": {
          "rotation": [0, 0, 0]
        },
        "body5": {
          "rotation": [15, 0, "0-3*(math.cos(q.anim_time*300)*1)"],
          "position": [0, 0.5, 0]
        },
        "arm_right": {
          "rotation": [
            11.07193,
            "61.1827+7*(math.sin(q.anim_time*300-45)*0.5)",
            "-59.6237-2.5*(math.cos(q.anim_time*300-25)*0.5)-1*(math.cos(q.anim_time*600)*0.5)"
          ]
        },
        "arm_right2": {
          "rotation": [
            0,
            "0+7*(math.cos(q.anim_time*300-65)*0.5)",
            "2-3*(math.cos(q.anim_time*300-45)*1)"
          ]
        },
        "arm_right3": {
          "rotation": [
            0,
            "2.5+7*(math.cos(q.anim_time*300-85)*0.5)",
            "0-4*(math.cos(q.anim_time*300)*1)"
          ]
        },
        "arm_right4": {
          "rotation": [
            0,
            "0.5+7*(math.cos(q.anim_time*300-105)*0.5)",
            "-2-8*(math.cos(q.anim_time*300)*1)"
          ],
          "position": [
            "0.4+0.3*(math.cos(q.anim_time*150-105)*0.5)",
            "0.1-0.1*(math.cos(q.anim_time*150-105)*0.5)",
            0
          ]
        },
        "finger_front_right": {
          "rotation": [0, -15, 0],
          "position": [0.1, 0, 0]
        },
        "finger_middle_Right": {
          "rotation": [0, 0, 0]
        },
        "finger_back_right": {
          "rotation": [0, 10, 0],
          "position": [0.1, 0, 0]
        },
        "arm_left": {
          "rotation": [
            11.07193,
            "-61.1827-7*(math.sin(q.anim_time*300-45)*0.5)",
            "59.6237-2.5*(math.cos(q.anim_time*300-25)*0.5)-1*(math.cos(q.anim_time*600)*0.5)"
          ]
        },
        "hand_right": {
          "rotation": [0, 0, "NaN-10*(math.cos(q.anim_time*150-105)*1)"]
        },
        "arm_left2": {
          "rotation": [
            0,
            "0-7*(math.cos(q.anim_time*300-65)*0.5)",
            "-2-3*(math.cos(q.anim_time*300-45)*1)"
          ]
        },
        "arm_left3": {
          "rotation": [
            0,
            "-2.5-7*(math.cos(q.anim_time*300-85)*0.5)",
            "0-4*(math.cos(q.anim_time*300)*1)"
          ]
        },
        "arm_left4": {
          "rotation": [
            0,
            "-0.5-7*(math.cos(q.anim_time*300-105)*0.5)",
            "2-8*(math.cos(q.anim_time*300)*1)"
          ],
          "position": [
            "-0.4+0.3*(math.cos(q.anim_time*150-105)*0.5)",
            "0.1-0.1*(math.cos(q.anim_time*150-105)*0.5)",
            0
          ]
        },
        "hand_left": {
          "rotation": [0, 0, "-10*(math.cos(q.anim_time*150-105)*1)"]
        },
        "finger_front_left": {
          "rotation": [0, 15, 0],
          "position": [-0.1, 0, 0]
        },
        "finger_middle_Left": {
          "rotation": [0, 0, 0]
        },
        "finger_back_left": {
          "rotation": [0, -10, 0],
          "position": [-0.1, 0, 0]
        },
        "arm_right5": {
          "rotation": ["0+10*(math.cos(q.anim_time*300+25)*2)", 0, 0]
        },
        "arm_left5": {
          "rotation": ["0-10*(math.cos(q.anim_time*300+25)*2)", 0, 0]
        },
        "torso": {
          "rotation": ["0+2*(math.sin(q.anim_time*300+65)*1)", 0, 0],
          "position": [
            "0-0.5*(math.sin(q.anim_time*300)*1)",
            "-3+0.4*(math.sin(q.anim_time*600+90)*1)",
            0
          ]
        }
      }
    },
    "animation.froslass.blink": {
      "animation_length": 0.16667,
      "bones": {
        "eye_left": {
          "position": {
            "0.0": [-1, 0, 1],
            "0.125": [-1, 0, 1],
            "0.1667": [0, 0, 0]
          }
        },
        "eye_right": {
          "position": {
            "0.0": [1, 0, 1],
            "0.125": [1, 0, 1],
            "0.1667": [0, 0, 0]
          }
        },
        "eye_left_closed": {
          "position": {
            "0.0": [1, 0, -1],
            "0.125": [1, 0, -1],
            "0.1667": [0, 0, 0]
          }
        },
        "eye_right_closed": {
          "position": {
            "0.0": [-1, 0, -1],
            "0.125": [-1, 0, -1],
            "0.1667": [0, 0, 0]
          }
        }
      }
    },
    "animation.froslass.sleep": {
      "loop": true,
      "bones": {
        "head2": {
          "rotation": [7.5, 0, 0]
        },
        "head3": {
          "rotation": [5, 0, 0]
        },
        "head4": {
          "rotation": [5, 0, 0]
        },
        "sash_left": {
          "rotation": [0, "40-4*(math.cos(q.anim_time*75)*1)", 0]
        },
        "sash_right": {
          "rotation": [0, "-40-4*(math.cos(q.anim_time*75)*1)", 0]
        },
        "head": {
          "rotation": [7.5, 0, "1*(math.sin(q.anim_time*75+40)*1)"]
        },
        "neck": {
          "rotation": [2.5, 0, "-1*(math.cos(q.anim_time*75-25)*0.5)"]
        },
        "body": {
          "rotation": [
            -10,
            "0+1*(math.cos(q.anim_time*75-45)*1)",
            "0-1*(math.cos(q.anim_time*150+25)*0.5)"
          ]
        },
        "body2": {
          "rotation": [
            "12.5+1*(math.cos(q.anim_time*150-65)*0.5)",
            "2*(math.cos(q.anim_time*75-65)*0.5)",
            "-1*(math.cos(q.anim_time*75+15)*0.5)"
          ]
        },
        "body3": {
          "rotation": [
            "5-1*(math.cos(q.anim_time*150-85)*0.5)",
            0,
            "0-1*(math.cos(q.anim_time*75)*0.5)"
          ]
        },
        "body4": {
          "rotation": [0, 0, 0]
        },
        "body5": {
          "rotation": [12.5, 0, "-3*(math.cos(q.anim_time*75)*0.5)"],
          "position": [0, 0.5, 0]
        },
        "arm_right": {
          "rotation": [
            11.22197,
            "-23.7919-1*(math.sin(q.anim_time*75+40)*2)",
            -77.38816
          ]
        },
        "arm_right2": {
          "rotation": [20.24777, -29.58172, -11.89207],
          "position": [0.1, 0, 0.075]
        },
        "arm_right3": {
          "rotation": [7.5, 0, -25]
        },
        "arm_right4": {
          "rotation": [
            9.41688,
            "-5.3477-1*(math.sin(q.anim_time*75+40)*1)",
            -21.50088
          ]
        },
        "finger_front_right": {
          "rotation": [0, -15, 0],
          "position": [0.1, 0, 0]
        },
        "finger_middle_Right": {
          "rotation": [0, 0, 0]
        },
        "finger_back_right": {
          "rotation": [0, 10, 0],
          "position": [0.1, 0, 0]
        },
        "arm_left": {
          "rotation": [
            13.21924,
            "25.7978+1*(math.sin(q.anim_time*75+40)*2)",
            70.31601
          ]
        },
        "hand_right": {
          "rotation": [0.87167, -2.25114, -30.6675]
        },
        "arm_left2": {
          "rotation": [21.54986, 28.68975, 14.56596],
          "position": [-0.325, 0, 0]
        },
        "arm_left3": {
          "rotation": [11.68631, 10.94325, 18.02535],
          "position": [-0.375, 0, 0]
        },
        "arm_left4": {
          "rotation": [
            7.60409,
            "22.7883+1*(math.sin(q.anim_time*75+40)*1)",
            21.84987
          ],
          "position": [0.575, 0.225, -0.25]
        },
        "hand_left": {
          "rotation": [0.87167, 2.25114, 30.6675]
        },
        "finger_front_left": {
          "rotation": [0, 15, 0],
          "position": [-0.1, 0, 0]
        },
        "finger_middle_Left": {
          "rotation": [0, 0, 0]
        },
        "finger_back_left": {
          "rotation": [0, -10, 0],
          "position": [-0.1, 0, 0]
        },
        "arm_right5": {
          "rotation": ["0+2*(math.sin(q.anim_time*75-80)*1)", 0, 0]
        },
        "arm_left5": {
          "rotation": ["0+2*(math.sin(q.anim_time*75-80)*1)", 0, 0]
        },
        "torso": {
          "rotation": ["0+2*(math.sin(q.anim_time*75+65)*0.5)", 0, 0],
          "position": [
            "0-0.5*(math.sin(q.anim_time*75)*0.5)",
            "0+0.4*(math.sin(q.anim_time*150+90)*0.5)",
            0
          ]
        },
        "eye_left": {
          "position": [-1, 0, 1]
        },
        "eye_left_closed": {
          "position": [1, 0, -1]
        },
        "eye_right_closed": {
          "position": [-1, 0, -1]
        },
        "eye_right": {
          "position": [1, 0, 1]
        }
      }
    }
  }
}
