{
  "format_version": "1.8.0",
  "animations": {
    "animation.seismitoad.cry": {
      "animation_length": 1.20833,
      "bones": {
        "jaw": {
          "rotation": {
            "0.0": [-2.5, 0, 0],
            "0.2917": [-2.5, 0, 0],
            "0.5833": [55, 0, 0],
            "0.875": [65, 0, 0],
            "1.1667": [-2.5, 0, 0]
          },
          "position": {
            "0.0": [0, 0, 0],
            "0.2917": [0, 0, 0],
            "0.3333": [0, 0.29, 0.24],
            "0.5833": [0, 1, 0],
            "0.875": [0, 1, -0.9],
            "1.0833": [0, 0.29, 0.24],
            "1.1667": [0, 0, 0]
          }
        },
        "torso": {
          "rotation": {
            "0.0": [0, 0, 0],
            "0.375": [7.5, 0, 0],
            "0.7917": [0, 0, 0]
          }
        },
        "stomach": {
          "rotation": {
            "0.0": [0.5, 0, 0],
            "0.375": [0, 0, 0]
          }
        },
        "head": {
          "rotation": [0, 0, 0]
        },
        "rightleg": {
          "rotation": {
            "0.0": [10, 0, 0],
            "0.2917": [15, 0, 0]
          }
        },
        "leftleg": {
          "rotation": {
            "0.0": [2.33876, 0.1969, -0.85712],
            "0.2917": [9.83876, 0.1969, -0.85712]
          }
        }
      }
    },
    "animation.seismitoad.ground_walk": {
      "loop": true,
      "animation_length": 1.5,
      "bones": {
        "leftleg": {
          "rotation": {
            "0.0": [-35, 0, 0],
            "0.75": [32.99248, 12.40764, -18.31242],
            "1.5": [-35, 0, 0]
          },
          "position": {
            "0.0": [1.5, 0, 0],
            "0.75": [1.5, 0, 0]
          }
        },
        "leftfoot": {
          "rotation": {
            "0.0": [46, 0, 0],
            "0.75": [53.87349, -12.45491, -17.04383],
            "1.5": [46, 0, 0]
          },
          "position": {
            "0.0": [0, 0.2, 0],
            "0.75": [0, 1.5, 0],
            "1.5": [0, 0.2, 0]
          }
        },
        "rightleg": {
          "rotation": {
            "0.0": [22.36016, -16.04379, 47.01022],
            "0.75": [-5.39291, -19.62192, 23.65502],
            "1.5": [22.36016, -16.04379, 47.01022]
          },
          "position": {
            "0.0": [-0.3, 0.8, 1.3],
            "0.75": [-0.3, -1.2, 1.3],
            "1.5": [-0.3, 0.8, 1.3]
          }
        },
        "rightfoot": {
          "rotation": {
            "0.0": [46, 0, 0],
            "0.75": [-1.35952, -0.63387, -24.99248],
            "1.5": [46, 0, 0]
          },
          "position": {
            "0.0": [0, 1.7, 1.7],
            "0.75": [0, 1.1, -0.1],
            "1.5": [0, 1.7, 1.7]
          }
        },
        "leftarm": {
          "rotation": {
            "0.0": [0, 0, 7.5],
            "0.7083": [-26, 0, 7.5],
            "1.5": [0, 0, 7.5]
          },
          "scale": [1, 1.2, 1]
        },
        "finger6": {
          "rotation": [0, 0, 12.5]
        },
        "finger5": {
          "rotation": [0, 0, 12.5]
        },
        "finger4": {
          "rotation": [0, 0, 10]
        },
        "rightarm": {
          "rotation": {
            "0.0": [-15, 0, -7.5],
            "0.7083": [16, 0, -7.5],
            "1.5": [-15, 0, -7.5]
          },
          "scale": [1, 1.2, 1]
        },
        "rightshoulder": {
          "rotation": [0, 0, 7.5]
        },
        "finger2": {
          "rotation": [0, 0, -12.5]
        },
        "finger1": {
          "rotation": [0, -15, 0]
        },
        "finger3": {
          "rotation": [0, 0, -10]
        },
        "head": {
          "rotation": {
            "0.0": [5, 0, 0],
            "0.75": [1, 0, 0],
            "1.5": [5, 0, 0]
          }
        },
        "torso": {
          "rotation": {
            "0.0": [7, 0, 0],
            "0.7917": [-9, 0, 0],
            "1.5": [7, 0, 0]
          }
        },
        "stomach": {
          "position": {
            "0.0": [0, -0.1, 0],
            "0.75": [0, -0.2, 0],
            "1.5": [0, -0.1, 0]
          },
          "scale": {
            "0.0": [1, 1, 1],
            "0.75": [1.08, 1.06, 1],
            "1.5": [1, 1, 1]
          }
        }
      }
    },
    "animation.seismitoad.ground_idle": {
      "loop": true,
      "bones": {
        "leftleg": {
          "rotation": [
            0,
            0,
            "1.5406-1*2*(math.sin(q.anim_time*90*1.3)*1)+1*(math.sin(q.anim_time*90*2/2)*1)"
          ]
        },
        "rightleg": {
          "rotation": [
            0,
            0,
            "0.5406-1*2*(math.sin(q.anim_time*90*1.3)*1)+1*(math.sin(q.anim_time*90*2/2)*1)"
          ]
        },
        "leftarm": {
          "rotation": [
            4.80723,
            1.37657,
            "7.5984+3*2*(math.sin(q.anim_time*90*1.3)*1)+1*(math.sin(q.anim_time*90*2/2)*1)"
          ],
          "scale": [1, 1.3, 1]
        },
        "rightarm": {
          "rotation": [
            0,
            0,
            "-9.9594-3*2*(math.sin(q.anim_time*90*1.3)*1)+1*(math.sin(q.anim_time*90*2/2)*1)"
          ],
          "scale": [1, 1.2, 1]
        },
        "stomach": {
          "scale": [
            1,
            1,
            "1+0.1*0.1*(math.sin(q.anim_time*10*1)*1)+0.1*(math.sin(q.anim_time*10*2/2)*1)"
          ]
        }
      }
    },
    "animation.seismitoad.blink": {
      "animation_length": 0.45833,
      "bones": {
        "eyes": {
          "position": {
            "0.0": [0, 0, 0],
            "0.0417": [0, 20, 0],
            "0.4167": [0, 20, 0],
            "0.4583": [0, 0, 0]
          },
          "scale": {
            "0.0": [1, 1, 1],
            "0.0417": [1, 0, 1],
            "0.4167": [1, 0, 1],
            "0.4583": [1, 1, 1]
          }
        }
      }
    },
    "animation.seismitoad.gulp_quirk": {
      "animation_length": 0.83333,
      "bones": {
        "jaw": {
          "position": {
            "0.0": [0, -0.3, 0],
            "0.125": [0, -1.2, 0],
            "0.25": [0, -2.26, 0.1],
            "0.2917": [0, -2.26, 0.1],
            "0.5": [0, -0.3, 0],
            "0.7917": [0, -0.3, 0]
          },
          "scale": {
            "0.0": [1, 0.8, 1],
            "0.125": [1, 1.8, 1],
            "0.25": [1, 2.925, 1],
            "0.2917": [1, 2.925, 1],
            "0.5": [1, 0.8, 1],
            "0.7917": [1, 0.8, 1]
          }
        }
      }
    }
  }
}
