{
	"format_version": "1.8.0",
	"animations": {
		"animation.clauncher_right.ground_idle": {
			"loop": true,
			"bones": {
				"body": {
					"position": [0, 1, 0]
				},
				"attenna_right": {
					"rotation": [-10, 10, -20]
				},
				"attenna_right2": {
					"rotation": [-57.5, 0, 0]
				},
				"attenna_right3": {
					"rotation": [-35, 0, 0]
				},
				"attenna_left": {
					"rotation": [-10, -10, 20]
				},
				"attenna_left2": {
					"rotation": [-57.5, 0, 0]
				},
				"attenna_left3": {
					"rotation": [-35, 0, 0]
				},
				"left_arm": {
					"rotation": [17.5, 25, 22.5]
				},
				"left_elbow": {
					"rotation": [-15, 32.5, -37.5]
				},
				"right_arm": {
					"rotation": [-4.56615, -42.30053, 6.76733]
				},
				"right_elbow": {
					"rotation": [-15, 40, -15]
				},
				"tail": {
					"rotation": [-5, 0, 0]
				},
				"leg_front_left": {
					"rotation": [0, 7.5, -72.5]
				},
				"knee_front_left": {
					"rotation": [0, 0, 45]
				},
				"feet_front_left": {
					"rotation": [0, 0, 25]
				},
				"leg_front_right": {
					"rotation": [0, -7.5, 72.5]
				},
				"knee_front_right": {
					"rotation": [0, 0, -45]
				},
				"feet_front_right": {
					"rotation": [0, 0, -25]
				},
				"tail2": {
					"rotation": [7.5, 0, 0]
				},
				"leg_back_left": {
					"rotation": [15, 10, -75]
				},
				"knee_back_left": {
					"rotation": [0, 0, 57.5]
				},
				"feet_back_left": {
					"rotation": [0, 0, 27.5]
				},
				"leg_back_right": {
					"rotation": [15, -10, 75]
				},
				"knee_back_right": {
					"rotation": [0, 0, -57.5]
				},
				"feet_back_right": {
					"rotation": [0, 0, -27.5]
				},
				"tail3": {
					"rotation": [10, 0, 0]
				},
				"tail4": {
					"rotation": [20, 0, 0]
				}
			}
		},
		"animation.clauncher_right.water_idle": {
			"loop": true,
			"bones": {
				"body": {
					"position": [0, 1, 0]
				},
				"attenna_right": {
					"rotation": [-10, 10, -20]
				},
				"attenna_right2": {
					"rotation": [-57.5, 0, 0]
				},
				"attenna_right3": {
					"rotation": [-35, 0, 0]
				},
				"attenna_left": {
					"rotation": [-10, -10, 20]
				},
				"attenna_left2": {
					"rotation": [-57.5, 0, 0]
				},
				"attenna_left3": {
					"rotation": [-35, 0, 0]
				},
				"left_arm": {
					"rotation": [17.5, 25, 22.5]
				},
				"left_elbow": {
					"rotation": [25, 35, 25]
				},
				"right_arm": {
					"rotation": [20, -40, -30]
				},
				"right_elbow": {
					"rotation": [10, 40, 5]
				},
				"tail": {
					"rotation": [-5, 0, 0]
				},
				"leg_front_left": {
					"rotation": [0, 7.5, -30]
				},
				"knee_front_left": {
					"rotation": [0, 0, 45]
				},
				"feet_front_left": {
					"rotation": [0, 0, 25]
				},
				"leg_front_right": {
					"rotation": [0, -7.5, 30]
				},
				"knee_front_right": {
					"rotation": [0, 0, -45]
				},
				"feet_front_right": {
					"rotation": [0, 0, -25]
				},
				"tail2": {
					"rotation": [-22.5, 0, 0]
				},
				"leg_back_left": {
					"rotation": [15, 10, -25]
				},
				"knee_back_left": {
					"rotation": [0, 0, 57.5]
				},
				"feet_back_left": {
					"rotation": [0, 0, 27.5]
				},
				"leg_back_right": {
					"rotation": [15, -10, 25]
				},
				"knee_back_right": {
					"rotation": [0, 0, -57.5]
				},
				"feet_back_right": {
					"rotation": [0, 0, -27.5]
				},
				"tail3": {
					"rotation": [-30, 0, 0]
				},
				"tail4": {
					"rotation": [-37.5, 0, 0]
				}
			}
		},
		"animation.clauncher_right.blink": {
			"animation_length": 0.2083,
			"bones": {
				"pupil_right": {
					"position": {
						"0.0": [0, 0, 0.1],
						"0.125": [0, 0, 0.1],
						"0.1667": [0, 0, 0]
					}
				},
				"eyelid_right": {
					"position": {
						"0.0": [0, 0, -0.1],
						"0.125": [0, 0, -0.1],
						"0.2083": [0, 0, 0]
					}
				},
				"pupil_left": {
					"position": {
						"0.0": [-0.1, 0, 0],
						"0.125": [-0.1, 0, 0],
						"0.1667": [0, 0, 0]
					}
				},
				"eyelid_left": {
					"position": {
						"0.0": [0.1, 0, 0],
						"0.125": [0.1, 0, 0],
						"0.2083": [0, 0, 0]
					}
				}
			}
		},
		"animation.clauncher_right.render": {
			"loop": true,
			"bones": {
				"body": {
					"rotation": [0, 40, 0],
					"position": [0, 2, 0]
				},
				"torso": {
					"rotation": [10, 0, 0]
				},
				"head": {
					"rotation": [-10, 0, 0]
				},
				"tail": {
					"rotation": [-22.81179, 9.23186, -3.86032]
				},
				"tail2": {
					"rotation": [9.49591, 14.47751, -3.96713]
				},
				"tail3": {
					"rotation": [17.89807, 11.91276, 3.81397]
				},
				"tail4": {
					"rotation": [46.1453, -12.80911, 12.02501]
				},
				"pupil_left": {
					"position": [0, 0, 0.75]
				},
				"pupil_right": {
					"position": [0.75, 0, 0]
				},
				"attenna_right": {
					"rotation": [-9.41918, 9.355, -19.7182]
				},
				"attenna_right2": {
					"rotation": [-42.5, 0, 0]
				},
				"attenna_right3": {
					"rotation": [-22.5, 0, 0]
				},
				"attenna_left": {
					"rotation": [-9.41918, -9.35496, 19.71817]
				},
				"attenna_left2": {
					"rotation": [-57.5, 0, 0]
				},
				"attenna_left3": {
					"rotation": [-32.5, 0, 0]
				},
				"leg_front_left": {
					"rotation": [15.97208, 0.94101, -45.52619]
				},
				"knee_front_left": {
					"rotation": [0, 0, 27.5]
				},
				"feet_front_left": {
					"rotation": [0, 0, 22.5]
				},
				"leg_front_right": {
					"rotation": [0.65426, -4.95712, 54.97168]
				},
				"knee_front_right": {
					"rotation": [0, 0, -37.5]
				},
				"feet_front_right": {
					"rotation": [0, 0, -22.5]
				},
				"leg_back_left": {
					"rotation": [40.50331, -13.90317, -52.61897]
				},
				"knee_back_left": {
					"rotation": [0, 0, 32.5]
				},
				"feet_back_left": {
					"rotation": [0, 0, 25]
				},
				"leg_back_right": {
					"rotation": [-5.36865, -6.093, 76.03122]
				},
				"knee_back_right": {
					"rotation": [0, 0, -27.5]
				},
				"feet_back_right": {
					"rotation": [0, 0, -25]
				},
				"left_arm": {
					"rotation": [0, 27.5, 22.5]
				},
				"left_elbow": {
					"rotation": [-4.18273, 39.8173, -6.51543]
				},
				"eyelid_right": {
					"position": [0.75, 0, 0]
				},
				"right_arm": {
					"rotation": [3.3599, -27.00599, -18.77709]
				},
				"right_elbow": {
					"rotation": [5.50748, 27.6145, 21.8837]
				},
				"right_finger": {
					"rotation": [22.5, 0, 0]
				}
			}
		},
		"animation.clauncher_right.cry": {
			"animation_length": 1.2,
			"sound_effects": {
				"0.04": {
					"effect": "pokemon.clauncher.cry"
				}
			}
		}
	}
}