{
  "format_version": "1.8.0",
  "animations": {
    "animation.yveltal.blink": {
      "animation_length": 0.1667,
      "bones": {
        "eyelid_right": {
          "position": {
            "0.0": [-0.1, 0, 0],
            "0.125": [-0.1, 0, 0],
            "0.1667": [0, 0, 0]
          }
        },
        "eyelid_left": {
          "position": {
            "0.0": [0.1, 0, 0],
            "0.125": [0.1, 0, 0],
            "0.1667": [0, 0, 0]
          }
        }
      }
    },
    "animation.yveltal.portrait": {
      "loop": true,
      "animation_length": 2,
      "bones": {
        "torso": {
          "rotation": [-32.5, 0, 0]
        },
        "chest": {
          "rotation": [17.5, 0, 0]
        },
        "neck": {
          "rotation": [10, 0, 0]
        },
        "neck2": {
          "rotation": [22.5, 0, 0]
        },
        "head": {
          "rotation": [15, 0, 0]
        },
        "jaw": {
          "rotation": {
            "0.0": [5, 0, 0],
            "0.5": [17.5, 0, 0],
            "1.0": [27.5, 0, 0],
            "1.5": [17.5, 0, 0],
            "2.0": [5, 0, 0]
          }
        },
        "tail": {
          "rotation": {
            "0.0": [-47.5, 0, 0],
            "0.5": [-42.5, 0, 0],
            "1.0": [-40, 0, 0],
            "1.5": [-42.5, 0, 0],
            "2.0": [-47.5, 0, 0]
          }
        },
        "tail2": {
          "rotation": {
            "0.0": [-22.5, 0, 0],
            "0.5": [-17.5, 0, 0],
            "1.0": [-12.5, 0, 0],
            "1.5": [-17.5, 0, 0],
            "2.0": [-22.5, 0, 0]
          }
        },
        "tail3": {
          "rotation": {
            "0.0": [-40, 0, 0],
            "0.5": [-35, 0, 0],
            "1.0": [-30, 0, 0],
            "1.5": [-35, 0, 0],
            "2.0": [-40, 0, 0]
          }
        },
        "leg_left": {
          "rotation": [-26.94093, -5.73576, -11.12501]
        },
        "leg_left2": {
          "rotation": [20, 0, 0]
        },
        "leg_left3": {
          "rotation": [22.5, 0, 0]
        },
        "toe_left": {
          "rotation": {
            "0.0": [22.5, 0, 0],
            "0.5": [15, 0, 0],
            "1.0": [10, 0, 0],
            "1.5": [15, 0, 0],
            "2.0": [22.5, 0, 0]
          }
        },
        "claw_left": {
          "rotation": [50, 0, 0]
        },
        "toe_left2": {
          "rotation": {
            "0.0": [22.5, 0, 0],
            "0.5": [15, 0, 0],
            "1.0": [10, 0, 0],
            "1.5": [15, 0, 0]
          }
        },
        "claw_left2": {
          "rotation": [42.5, 0, 0]
        },
        "toe_left3": {
          "rotation": [-37.5, 0, 0]
        },
        "claw_left3": {
          "rotation": [-40, 0, 0]
        },
        "body": {
          "rotation": [-32.5, 0, 0]
        },
        "arm_left": {
          "rotation": {
            "0.0": [-11, 9, 25],
            "0.5": [-1, 25, -12],
            "1.0": [15, 21, -48],
            "1.5": [-1, 25, -12],
            "2.0": [-11, 9, 25]
          }
        },
        "hand_left": {
          "rotation": {
            "0.0": [8, 24, 62],
            "0.5": [1, 25, 40],
            "1.0": [-14, 17, -10],
            "1.5": [1, 25, 40],
            "2.0": [8, 24, 62]
          }
        },
        "arm_right": {
          "rotation": {
            "0.0": [-11, -9, -25],
            "0.5": [1, -25, 12],
            "1.0": [-15, -21, 48],
            "1.5": [1, -25, 12],
            "2.0": [-11, -9, -25]
          }
        },
        "hand_right": {
          "rotation": {
            "0.0": [8, -24, -62],
            "0.5": [1, -25, -40],
            "1.0": [14, -17, 10.31374],
            "1.5": [1, -25, -40],
            "2.0": [8, -24, -62]
          }
        },
        "leg_right": {
          "rotation": [-26.94093, 5.73576, 11.12501]
        },
        "leg_right2": {
          "rotation": [20, 0, 0]
        },
        "leg_right3": {
          "rotation": [22.5, 0, 0]
        },
        "toe_right": {
          "rotation": [22.5, 0, 0]
        },
        "claw_right": {
          "rotation": [42.5, 0, 0]
        },
        "toe_right2": {
          "rotation": [22.5, 0, 0]
        },
        "claw_right2": {
          "rotation": [42.5, 0, 0]
        },
        "toe_right3": {
          "rotation": [-37.5, 0, 0]
        },
        "claw_right3": {
          "rotation": [-40, 0, 0]
        },
        "scarf4": {
          "rotation": [65, 0, 0]
        },
        "scarf": {
          "rotation": {
            "0.0": [-60, 0, 0],
            "0.5": [-50, 0, 0],
            "1.0": [-40, 0, 0],
            "1.5": [-50, 0, 0],
            "2.0": [-60, 0, 0]
          }
        },
        "scarf2": {
          "rotation": [-40, 0, 0]
        },
        "scarf3": {
          "rotation": [22.5, 0, 0]
        },
        "yveltal": {
          "position": {
            "0.0": [0, 36, 9],
            "1.0": [0, 34, 7],
            "2.0": [0, 36, 9]
          }
        },
        "finger_left": {
          "rotation": {
            "0.0": [0, 0, 0],
            "0.5": [0, 0, -20],
            "1.0": [0, 0, -35],
            "1.5": [0, 0, -20],
            "2.0": [0, 0, 15]
          }
        },
        "finger_right2": {
          "rotation": {
            "0.0": [0, 0, 25],
            "0.5": [0, 0, 20],
            "1.0": [0, 0, 35],
            "1.5": [0, 0, 20],
            "2.0": [0, 0, 0]
          }
        },
        "finger_left3": {
          "rotation": [0, 0, -7.5]
        },
        "finger_left4": {
          "rotation": {
            "0.0": [0, 0, 25],
            "0.5": [0, 0, -20],
            "1.0": [0, 0, -35],
            "1.5": [0, 0, -20],
            "2.0": [0, 0, 15]
          }
        },
        "finger_left5": {
          "rotation": [0, 0, 0]
        },
        "finger_left7": {
          "rotation": {
            "0.0": [0, 0, 25],
            "0.5": [0, 0, -20],
            "1.0": [0, 0, -35],
            "1.5": [0, 0, -20],
            "2.0": [0, 0, 15]
          }
        },
        "finger_right": {
          "rotation": {
            "0.0": [0, 0, -15],
            "0.5": [0, 0, 20],
            "1.0": [0, 0, 35],
            "1.5": [0, 0, 20],
            "2.0": [0, 0, -15]
          }
        },
        "finger_right4": {
          "rotation": {
            "0.0": [0, 0, -25],
            "0.5": [0, 0, 20],
            "1.0": [0, 0, 35],
            "1.5": [0, 0, 20],
            "2.0": [0, 0, -25]
          }
        },
        "finger_right7": {
          "rotation": {
            "0.0": [0, 0, -25],
            "0.5": [0, 0, 20],
            "1.0": [0, 0, 35],
            "1.5": [0, 0, 20],
            "2.0": [0, 0, -25]
          }
        },
        "tail_finger2": {
          "rotation": [-27.5, 0, 0]
        },
        "tail_finger3": {
          "rotation": [0, 0, 0]
        },
        "tail_finger_left": {
          "rotation": [0, 0, 0]
        },
        "tail_finger_left2": {
          "rotation": [-27.5, 0, 0]
        },
        "tail_finger_left3": {
          "rotation": [0, 0, 0]
        },
        "tail_finger_right": {
          "rotation": [0, 0, 0]
        },
        "tail_finger_right2": {
          "rotation": [-27.5, 0, 0]
        },
        "tail_finger_right3": {
          "rotation": [0, 0, 0]
        }
      }
    },
    "animation.yveltal.ground_walk": {
      "loop": true,
      "animation_length": 2.04167,
      "bones": {
        "yveltal": {
          "rotation": {
            "0.0": [-52.5, 0, 0],
            "2.0417": [-52.5, 0, 0]
          },
          "position": {
            "0.0": [0, 18, 0],
            "1.0": [0, 22, -6],
            "2.0417": [0, 18, 0]
          }
        },
        "chest": {
          "rotation": [12.5, 0, 0]
        },
        "scarf": {
          "rotation": {
            "0.0": [-65, 0, 0],
            "1.0": [-52.5, 0, 0],
            "2.0417": [-65, 0, 0]
          }
        },
        "scarf2": {
          "rotation": {
            "0.0": [-45, 0, 0],
            "1.0": [-25, 0, 0],
            "2.0417": ["-45", 0, 0]
          }
        },
        "scarf3": {
          "rotation": {
            "0.0": [7.5, 0, 0],
            "1.0": [-25, 0, 0],
            "2.0417": [7.5, 0, 0]
          }
        },
        "scarf4": {
          "rotation": {
            "0.0": [25, 0, 0],
            "1.0": [67.5, 0, 0],
            "2.0417": [25, 0, 0]
          }
        },
        "neck2": {
          "rotation": [42.5, 0, 0]
        },
        "head": {
          "rotation": {
            "0.0": [30, 0, 0],
            "1.0": [52.5, 0, 0],
            "2.0417": [30, 0, 0]
          }
        },
        "arm_left": {
          "rotation": {
            "0.0": [37.5, 47.5, 0],
            "1.0": [49.10661, -48.59038, 49.10661],
            "1.1667": [44.5182, -39.08135, 45.29959],
            "1.75": [41.4862, 44.3169, 5.5458],
            "2.0417": [37.5, 47.5, 0]
          },
          "position": [1, 0, -3]
        },
        "hand_left": {
          "rotation": {
            "0.0": [27.29887, -3.45533, -23.33933],
            "1.1667": [0, 22.5, 25],
            "1.5": [14.51667, 9.60465, 20.42022],
            "2.0417": [27.41063, 2.30644, -34.43745]
          }
        },
        "finger_left": {
          "rotation": {
            "0.0": [0, 0, -27.5],
            "1.0": [0, 0, 12.5],
            "2.0": [0, 0, -27.5]
          }
        },
        "finger_right2": {
          "rotation": {
            "0.0": [0, 0, 0],
            "1.0": [0, 0, 57.5],
            "2.0417": [0, 0, 0]
          }
        },
        "finger_left4": {
          "rotation": {
            "0.0": [0, 0, -27.5],
            "1.0": [0, 0, 12.5],
            "2.0": [0, 0, -27.5]
          }
        },
        "finger_left7": {
          "rotation": {
            "0.0": [0, 0, -27.5],
            "1.0": [0, 0, 12.5],
            "2.0": [0, 0, -27.5]
          }
        },
        "arm_right": {
          "rotation": {
            "0.0": [37.5, -47.5, 0],
            "1.0": [49.1066, 48.5904, -49.1066],
            "1.1667": [44.51819, 39.08137, -45.29959],
            "1.75": [41.48618, -44.31695, -5.54578],
            "2.0417": [37.5, -47.5, 0]
          },
          "position": [-1, 0, -3]
        },
        "hand_right": {
          "rotation": {
            "0.0": [27.54219, -3.4268, 34.43086],
            "1.1667": [0, -22.5, -25],
            "1.5": [14.51667, -9.60465, -20.42022],
            "2.0417": [27.29887, -3.45533, 36.66067]
          }
        },
        "finger_right": {
          "rotation": {
            "0.0": [0, 0, 27.5],
            "1.0": [0, 0, -12.5],
            "2.0": [0, 0, 27.5]
          }
        },
        "finger_right4": {
          "rotation": {
            "0.0": [0, 0, 27.5],
            "1.0": [0, 0, -12.5],
            "2.0": [0, 0, 27.5]
          }
        },
        "finger_right7": {
          "rotation": {
            "0.0": [0, 0, 27.5],
            "1.0": [0, 0, -12.5],
            "2.0": [0, 0, 27.5]
          }
        },
        "tail": {
          "rotation": {
            "0.0": [30, 0, 0],
            "0.7917": [15, 0, 0],
            "1.9583": [30, 0, 0]
          }
        },
        "tail2": {
          "rotation": {
            "0.0": [25, 0, 0],
            "0.7917": [-11.85639, 3.30591, 1.00621],
            "1.9583": [25, 0, 0]
          }
        },
        "tail3": {
          "rotation": {
            "0.0": [27.5, 0, 0],
            "1.0": [-40, 0, 0],
            "2.0417": [27.5, 0, 0]
          }
        },
        "leg_left": {
          "rotation": {
            "0.0": [29.9055, 2.49762, -4.33287],
            "1.0": [0, 0, -12.5],
            "2.0417": [29.9055, 2.49762, -4.33287]
          }
        },
        "leg_left2": {
          "rotation": [-25, 0, 0]
        },
        "leg_left3": {
          "rotation": [35, 0, 0]
        },
        "foot_left": {
          "rotation": [-50, 0, 0]
        },
        "toe_left": {
          "rotation": [55, 0, 0]
        },
        "toe_left2": {
          "rotation": [55, 0, 0]
        },
        "toe_left3": {
          "rotation": [-57.5, 0, 0]
        },
        "leg_right": {
          "rotation": {
            "0.0": [29.9055, -2.49762, 4.33287],
            "1.0": [0, 0, 12.5],
            "2.0417": [29.9055, -2.49762, 4.33287]
          }
        },
        "leg_right2": {
          "rotation": [-25, 0, 0]
        },
        "leg_right3": {
          "rotation": [35, 0, 0]
        },
        "foot_right": {
          "rotation": [-50, 0, 0]
        },
        "toe_right": {
          "rotation": [55, 0, 0]
        },
        "claw_right": {
          "rotation": [0, 0, 0]
        },
        "toe_right2": {
          "rotation": [55, 0, 0]
        },
        "toe_right3": {
          "rotation": [-57.5, 0, 0]
        },
        "jaw": {
          "rotation": {
            "0.0": [0, 0, 0],
            "0.5": [10, 0, 0],
            "1.0": [0, 0, 0],
            "1.5": [10, 0, 0],
            "2.0417": [0, 0, 0]
          }
        },
        "finger_left5": {
          "rotation": {
            "0.0": [0, 0, 0],
            "1.0": [0, 0, 57.5],
            "2.0417": [0, 0, 0]
          }
        },
        "finger_left8": {
          "rotation": {
            "0.0": [0, 0, 0],
            "1.0": [0, 0, 57.5],
            "2.0417": [0, 0, 0]
          }
        },
        "finger_left2": {
          "rotation": {
            "0.0": [0, 0, 0],
            "1.0": [0, 0, -57.5],
            "2.0417": [0, 0, 0]
          }
        },
        "finger_right5": {
          "rotation": {
            "0.0": [0, 0, 0],
            "1.0": [0, 0, -57.5],
            "2.0417": [0, 0, 0]
          }
        },
        "finger_right8": {
          "rotation": {
            "0.0": [0, 0, 0],
            "1.0": [0, 0, -57.5],
            "2.0417": [0, 0, 0]
          }
        }
      }
    },
    "animation.yveltal.faint": {
      "loop": "hold_on_last_frame",
      "animation_length": 2.04167,
      "bones": {
        "yveltal": {
          "rotation": {
            "0.0": [-52.5, 0, 0],
            "0.6667": [-53.70528, 1.40144, -2.06411],
            "1.25": [-57.09079, 19.09208, -26.81303]
          },
          "position": {
            "0.0": [0, 18, 0],
            "0.75": [0, 16, 0],
            "1.25": [0, 12, 0]
          }
        },
        "chest": {
          "rotation": [12.5, 0, 0]
        },
        "scarf": {
          "rotation": {
            "0.0": [-65, 0, 0],
            "1.0": [-52.5, 0, 0],
            "2.0417": [-65, 0, 0]
          }
        },
        "scarf2": {
          "rotation": {
            "0.0": [-45, 0, 0],
            "1.0": [-25, 0, 0],
            "2.0417": ["-45", 0, 0]
          }
        },
        "scarf3": {
          "rotation": {
            "0.0": [7.5, 0, 0],
            "1.0": [-25, 0, 0],
            "2.0417": [7.5, 0, 0]
          }
        },
        "scarf4": {
          "rotation": {
            "0.0": [25, 0, 0],
            "1.0": [67.5, 0, 0],
            "2.0417": [25, 0, 0]
          }
        },
        "neck2": {
          "rotation": [42.5, 0, 0]
        },
        "head": {
          "rotation": {
            "0.0": [30, 0, 0],
            "0.9167": [80.63, 0, 0],
            "2.0417": [83.19577, 3.1622, 24.81197]
          }
        },
        "arm_left": {
          "rotation": {
            "0.0": [37.5, 47.5, 0],
            "0.75": [24.29497, 53.98048, -16.97766],
            "1.7917": [56.78508, -11.91369, 51.55365],
            "1.9583": [55.44879, -6.32855, 59.9586]
          }
        },
        "hand_left": {
          "rotation": {
            "0.0": [27.29887, -3.45533, -23.33933],
            "1.7917": [-4.92041, 18.29069, 16.49463],
            "2.0": [-5.58701, 33.22864, 14.97389]
          }
        },
        "finger_left": {
          "rotation": {
            "0.0": [0, 0, -27.5],
            "1.0": [0, 0, 12.5],
            "2.0": [0, 0, -27.5]
          }
        },
        "finger_right2": {
          "rotation": {
            "0.0": [0, 0, 0],
            "1.0": [0, 0, 57.5],
            "2.0417": [0, 0, 0]
          }
        },
        "finger_left4": {
          "rotation": {
            "0.0": [0, 0, -27.5],
            "1.0": [0, 0, 12.5],
            "2.0": [0, 0, -27.5]
          }
        },
        "finger_left7": {
          "rotation": {
            "0.0": [0, 0, -27.5],
            "1.0": [0, 0, 12.5],
            "2.0": [0, 0, -27.5]
          }
        },
        "arm_right": {
          "rotation": {
            "0.0": [37.5, -47.5, 0],
            "0.75": [24.29497, -53.98048, 16.97766],
            "1.2083": [27.33016, -52.89139, 13.19941],
            "1.5": [47.6537, -37.27994, -14.95501],
            "1.9583": [54.29489, -43.59687, -25.16261]
          }
        },
        "hand_right": {
          "rotation": {
            "0.0": [27.54219, -3.4268, 34.43086],
            "1.5": [13.59461, 24.41198, -31.77507],
            "2.0": [12.93694, -17.05215, -41.33621]
          }
        },
        "finger_right": {
          "rotation": {
            "0.0": [0, 0, 27.5],
            "1.0": [0, 0, -12.5],
            "2.0": [0, 0, 27.5]
          }
        },
        "finger_right4": {
          "rotation": {
            "0.0": [0, 0, 27.5],
            "1.0": [0, 0, -12.5],
            "2.0": [0, 0, 27.5]
          }
        },
        "finger_right7": {
          "rotation": {
            "0.0": [0, 0, 27.5],
            "1.0": [0, 0, -12.5],
            "2.0": [0, 0, 27.5]
          }
        },
        "tail": {
          "rotation": {
            "0.0": [30, 0, 0],
            "0.7917": [15, 0, 0],
            "1.5": [21.77909, -6.97012, -2.77586]
          }
        },
        "tail2": {
          "rotation": {
            "0.0": [25, 0, 0],
            "0.7917": [-11.85639, 3.30591, 1.00621],
            "1.5": [-11.9793, 1.29875, 0.39529],
            "1.9583": [-10.60076, 5.75926, 22.49681]
          }
        },
        "tail3": {
          "rotation": {
            "0.0": [27.5, 0, 0],
            "1.9583": [17.5, 0, 0]
          }
        },
        "leg_left": {
          "rotation": [29.9055, 2.49762, -4.33287]
        },
        "leg_left2": {
          "rotation": {
            "0.0": [-25, 0, 0],
            "1.5": [2.5, 0, 0]
          }
        },
        "leg_left3": {
          "rotation": {
            "0.0": [35, 0, 0],
            "2.0": [32.89913, -12.67956, 18.74227]
          },
          "position": [0, 0, 0]
        },
        "foot_left": {
          "rotation": {
            "0.0": [-50, 0, 0],
            "1.5": [50, 0, 0]
          }
        },
        "toe_left": {
          "rotation": [55, 0, 0]
        },
        "toe_left2": {
          "rotation": [55, 0, 0]
        },
        "toe_left3": {
          "rotation": [-57.5, 0, 0]
        },
        "leg_right": {
          "rotation": [29.9055, -2.49762, 4.33287]
        },
        "leg_right2": {
          "rotation": {
            "0.0": [-25, 0, 0],
            "1.5": [-15, 0, 0],
            "2.0": [-17.19212, -28.87909, 8.49878]
          }
        },
        "leg_right3": {
          "rotation": [35, 0, 0]
        },
        "foot_right": {
          "rotation": {
            "0.0": [-50, 0, 0],
            "1.5": [32.5, 0, 0]
          }
        },
        "toe_right": {
          "rotation": [55, 0, 0]
        },
        "claw_right": {
          "rotation": [0, 0, 0]
        },
        "toe_right2": {
          "rotation": [55, 0, 0]
        },
        "toe_right3": {
          "rotation": [-57.5, 0, 0]
        },
        "jaw": {
          "rotation": {
            "0.0": [0, 0, 0],
            "0.5": [10, 0, 0],
            "1.0": [0, 0, 0],
            "1.5": [10, 0, 0],
            "2.0417": [0, 0, 0]
          }
        },
        "finger_left5": {
          "rotation": {
            "0.0": [0, 0, 0],
            "1.0": [0, 0, 57.5],
            "2.0417": [0, 0, 0]
          }
        },
        "finger_left8": {
          "rotation": {
            "0.0": [0, 0, 0],
            "1.0": [0, 0, 57.5],
            "2.0417": [0, 0, 0]
          }
        },
        "finger_left2": {
          "rotation": {
            "0.0": [0, 0, 0],
            "1.0": [0, 0, -57.5],
            "2.0417": [0, 0, 0]
          }
        },
        "finger_right5": {
          "rotation": {
            "0.0": [0, 0, 0],
            "1.0": [0, 0, -57.5],
            "2.0417": [0, 0, 0]
          }
        },
        "finger_right8": {
          "rotation": {
            "0.0": [0, 0, 0],
            "1.0": [0, 0, -57.5],
            "2.0417": [0, 0, 0]
          }
        },
        "eye_right": {
          "position": [1, 0, 0]
        },
        "eye_left": {
          "position": [-1, 0, 0]
        },
        "tail_finger": {
          "rotation": [5, 0, 0]
        },
        "tail_finger_left": {
          "rotation": [12.5, 0, 0]
        },
        "tail_finger_right": {
          "rotation": [12.5, 0, 0]
        }
      }
    },
    "animation.yveltal.ground_idle": {
      "loop": true,
      "animation_length": 2.04167,
      "bones": {
        "yveltal": {
          "rotation": {
            "0.0": [-52.5, 0, 0],
            "1.0": [-67.5, 0, 0],
            "2.0417": [-52.5, 0, 0]
          },
          "position": {
            "0.0": [0, 18, 0],
            "0.2917": [0, 15.2, 0],
            "0.5": [0, 16, 0],
            "0.9583": [0, 23.5, 0],
            "1.3333": [0, 26, 0],
            "1.5": [0, 25.5, 0],
            "2.0417": [0, 18, 0]
          }
        },
        "chest": {
          "rotation": [12.5, 0, 0]
        },
        "scarf": {
          "rotation": {
            "0.0": [-65, 0, 0],
            "1.0": [-52.5, 0, 0],
            "2.0417": [-65, 0, 0]
          }
        },
        "scarf2": {
          "rotation": {
            "0.0": [-45, 0, 0],
            "1.0": [-25, 0, 0],
            "2.0417": ["-45", 0, 0]
          }
        },
        "scarf3": {
          "rotation": {
            "0.0": [7.5, 0, 0],
            "1.0": [-25, 0, 0],
            "2.0417": [7.5, 0, 0]
          }
        },
        "scarf4": {
          "rotation": {
            "0.0": [25, 0, 0],
            "1.0": [67.5, 0, 0],
            "2.0417": [25, 0, 0]
          }
        },
        "neck2": {
          "rotation": [42.5, 0, 0]
        },
        "head": {
          "rotation": {
            "0.0": [30, 0, 0],
            "1.0": [52.5, 0, 0],
            "2.0417": [30, 0, 0]
          }
        },
        "arm_left": {
          "rotation": {
            "0.0": [37.5, 47.5, 0],
            "1.0": [49.10661, -48.59038, 49.10661],
            "1.1667": [44.5182, -39.08135, 45.29959],
            "1.75": [41.4862, 44.3169, 5.5458],
            "2.0417": [37.5, 47.5, 0]
          },
          "position": [1, 0, -3]
        },
        "hand_left": {
          "rotation": {
            "0.0": [27.29887, -3.45533, -23.33933],
            "1.1667": [0, 22.5, 25],
            "1.5": [14.51667, 9.60465, 20.42022],
            "2.0417": [27.41063, 2.30644, -34.43745]
          }
        },
        "finger_left": {
          "rotation": {
            "0.0": [0, 0, -27.5],
            "1.0": [0, 0, 12.5],
            "2.0": [0, 0, -27.5]
          }
        },
        "finger_right2": {
          "rotation": {
            "0.0": [0, 0, 0],
            "1.0": [0, 0, 57.5],
            "2.0417": [0, 0, 0]
          }
        },
        "finger_left4": {
          "rotation": {
            "0.0": [0, 0, -27.5],
            "1.0": [0, 0, 12.5],
            "2.0": [0, 0, -27.5]
          }
        },
        "finger_left7": {
          "rotation": {
            "0.0": [0, 0, -27.5],
            "1.0": [0, 0, 12.5],
            "2.0": [0, 0, -27.5]
          }
        },
        "arm_right": {
          "rotation": {
            "0.0": [37.5, -47.5, 0],
            "1.0": [49.1066, 48.5904, -49.1066],
            "1.1667": [44.51819, 39.08137, -45.29959],
            "1.75": [41.48618, -44.31695, -5.54578],
            "2.0417": [37.5, -47.5, 0]
          },
          "position": [-1, 0, -3]
        },
        "hand_right": {
          "rotation": {
            "0.0": [27.54219, -3.4268, 34.43086],
            "1.1667": [0, -22.5, -25],
            "1.5": [14.51667, -9.60465, -20.42022],
            "2.0417": [27.29887, -3.45533, 36.66067]
          }
        },
        "finger_right": {
          "rotation": {
            "0.0": [0, 0, 27.5],
            "1.0": [0, 0, -12.5],
            "2.0": [0, 0, 27.5]
          }
        },
        "finger_right4": {
          "rotation": {
            "0.0": [0, 0, 27.5],
            "1.0": [0, 0, -12.5],
            "2.0": [0, 0, 27.5]
          }
        },
        "finger_right7": {
          "rotation": {
            "0.0": [0, 0, 27.5],
            "1.0": [0, 0, -12.5],
            "2.0": [0, 0, 27.5]
          }
        },
        "tail": {
          "rotation": {
            "0.0": [30, 0, 0],
            "0.7917": [15, 0, 0],
            "1.9583": [30, 0, 0]
          }
        },
        "tail2": {
          "rotation": {
            "0.0": [25, 0, 0],
            "0.7917": [-11.85639, 3.30591, 1.00621],
            "1.9583": [25, 0, 0]
          }
        },
        "tail3": {
          "rotation": {
            "0.0": [27.5, 0, 0],
            "1.0": [-40, 0, 0],
            "2.0417": [27.5, 0, 0]
          }
        },
        "leg_left": {
          "rotation": {
            "0.0": [29.9055, 2.49762, -4.33287],
            "1.0": [0, 0, -12.5],
            "2.0417": [29.9055, 2.49762, -4.33287]
          },
          "position": [0, 0, 0]
        },
        "leg_left2": {
          "rotation": [-25, 0, 0]
        },
        "leg_left3": {
          "rotation": [35, 0, 0]
        },
        "foot_left": {
          "rotation": [-50, 0, 0]
        },
        "toe_left": {
          "rotation": [55, 0, 0]
        },
        "toe_left2": {
          "rotation": [55, 0, 0]
        },
        "toe_left3": {
          "rotation": [-57.5, 0, 0]
        },
        "leg_right": {
          "rotation": {
            "0.0": [29.9055, -2.49762, 4.33287],
            "1.0": [0, 0, 12.5],
            "2.0417": [29.9055, -2.49762, 4.33287]
          }
        },
        "leg_right2": {
          "rotation": [-25, 0, 0]
        },
        "leg_right3": {
          "rotation": [35, 0, 0]
        },
        "foot_right": {
          "rotation": [-50, 0, 0]
        },
        "toe_right": {
          "rotation": [55, 0, 0]
        },
        "claw_right": {
          "rotation": [0, 0, 0]
        },
        "toe_right2": {
          "rotation": [55, 0, 0]
        },
        "toe_right3": {
          "rotation": [-57.5, 0, 0]
        },
        "jaw": {
          "rotation": {
            "0.0": [0, 0, 0],
            "0.5": [10, 0, 0],
            "1.0": [0, 0, 0],
            "1.5": [10, 0, 0],
            "2.0417": [0, 0, 0]
          }
        },
        "finger_left5": {
          "rotation": {
            "0.0": [0, 0, 0],
            "1.0": [0, 0, 57.5],
            "2.0417": [0, 0, 0]
          }
        },
        "finger_left8": {
          "rotation": {
            "0.0": [0, 0, 0],
            "1.0": [0, 0, 57.5],
            "2.0417": [0, 0, 0]
          }
        },
        "finger_left2": {
          "rotation": {
            "0.0": [0, 0, 0],
            "1.0": [0, 0, -57.5],
            "2.0417": [0, 0, 0]
          }
        },
        "finger_right5": {
          "rotation": {
            "0.0": [0, 0, 0],
            "1.0": [0, 0, -57.5],
            "2.0417": [0, 0, 0]
          }
        },
        "finger_right8": {
          "rotation": {
            "0.0": [0, 0, 0],
            "1.0": [0, 0, -57.5],
            "2.0417": [0, 0, 0]
          }
        }
      }
    }
  }
}
