{
  "format_version": "1.8.0",
  "animations": {
    "animation.tadbulb.ground_idle": {
      "loop": true,
      "bones": {
        "head": {
          "rotation": [
            "math.sin(q.anim_time*90*0.5+15)*2",
            0,
            "math.sin(q.anim_time*90*1+35)*5"
          ],
          "position": [
            0,
            "math.sin(q.anim_time*90*2)*2*math.sin(q.anim_time*90*1)*0.2",
            0
          ]
        },
        "tail": {
          "rotation": [0, 0, "math.sin(q.anim_time*90*1-30)*5"],
          "position": [0, 0, 0]
        },
        "tail_2": {
          "rotation": [0, 0, "math.sin(q.anim_time*90*1-60)*2"]
        },
        "bone2": {
          "rotation": [
            "math.sin(q.anim_time*90*0.5)*5",
            0,
            "math.sin(q.anim_time*90*1)*5"
          ]
        }
      }
    },
    "animation.tadbulb.ground_walk": {
      "loop": true,
      "bones": {
        "head": {
          "rotation": [
            "5+math.sin(q.anim_time*90*4+50)*1",
            0,
            "math.sin(q.anim_time*90*1+35)*-2"
          ],
          "position": [
            0,
            "math.sin(q.anim_time*90*4)*0.3",
            "math.sin(q.anim_time*90*4)*-0.2"
          ]
        },
        "tail": {
          "rotation": [
            "5+math.sin(q.anim_time*90*4+40)*5",
            0,
            "math.sin(q.anim_time*90*1-30)*2"
          ]
        },
        "tail_2": {
          "rotation": [
            "5+math.sin(q.anim_time*90*4+60)*-8",
            0,
            "math.sin(q.anim_time*90*1-60)*1"
          ]
        },
        "bone2": {
          "rotation": [
            "5+math.sin(q.anim_time*90*4+20)*3",
            0,
            "math.sin(q.anim_time*90*1)*5"
          ]
        }
      }
    },
    "animation.tadbulb.blink": {
      "animation_length": 0.625,
      "bones": {
        "right_eye": {
          "scale": {
            "0.0": [1, 1, 1],
            "0.2083": [1, 1, 1],
            "0.2917": [1, 0, 1],
            "0.375": [1, 0, 1],
            "0.4583": [1, 1.1, 1],
            "0.5": [1, 1, 1],
            "0.625": [1, 1, 1]
          }
        },
        "left_eye": {
          "scale": {
            "0.0": [1, 1, 1],
            "0.2083": [1, 1, 1],
            "0.2917": [1, 0, 1],
            "0.375": [1, 0, 1],
            "0.4583": [1, 1.1, 1],
            "0.5": [1, 1, 1],
            "0.625": [1, 1, 1]
          }
        }
      }
    }
  }
}
