{
	"format_version": "1.8.0",
	"animations": {
		"animation.relicanth.ground_idle": {
			"loop": true,
			"bones": {
				"body": {
					"rotation": [5, 0, 0],
					"position": [0, 5, 0]
				},
				"fin_front_left": {
					"rotation": [0, -5, 42.5]
				},
				"fin_front_left2": {
					"rotation": [0, -5, 0]
				},
				"fin_back_left": {
					"rotation": [0, -25, 45]
				},
				"fin_back_left2": {
					"rotation": [0, -5, 0]
				},
				"head": {
					"rotation": [2.5, 0, 0]
				},
				"tail": {
					"rotation": [-2.5, 0, 0]
				},
				"fin_back_top_rotation": {
					"rotation": [2.5, 0, 0]
				},
				"fin_back_top2": {
					"rotation": [-7.5, 0, 0]
				},
				"fin_back_bottom_rotation": {
					"rotation": [-5, 0, 0]
				},
				"fin_back_bottom2": {
					"rotation": [7.5, 0, 0]
				},
				"tail2": {
					"rotation": [-2.5, 0, 0]
				},
				"tail_end": {
					"rotation": [2.5, 0, 0]
				},
				"fin_front_right": {
					"rotation": [0, 5, -42.5]
				},
				"fin_front_right2": {
					"rotation": [0, 5, 0]
				},
				"fin_back_right": {
					"rotation": [0, 25, -45]
				},
				"fin_back_right2": {
					"rotation": [0, 5, 0]
				}
			}
		},
		"animation.relicanth.cry": {
			"animation_length": 1.2,
			"sound_effects": {
				"0.04": {
					"effect": "pokemon.relicanth.cry"
				}
			}
		}
	}
}