{
	"format_version": "1.8.0",
	"animations": {
		"animation.popplio.ground_idle": {
			"loop": true,
			"animation_length": 4,
			"bones": {
				"head": {
					"rotation": ["-32.5-2*math.sin(q.anim_time*90*2-50)", 0, "2*math.sin(q.anim_time*90*1-50)"],
					"position": [0, "0.1*math.sin(q.anim_time*90*2+50)", 0]
				},
				"torso_top": {
					"rotation": [10, 0, 0]
				},
				"arm_right": {
					"rotation": [7.12895, -56.62736, -44.71639],
					"position": [0, "-0.2*math.sin(q.anim_time*90*2)", 0]
				},
				"arm_right2": {
					"rotation": [0, 0, 7.5]
				},
				"arm_right3": {
					"rotation": [0, 0, "27.5-5*math.sin(q.anim_time*90*2+40)"]
				},
				"arm_left": {
					"rotation": [7.12896, 56.62737, 44.7164],
					"position": [0, "-0.2*math.sin(q.anim_time*90*2)", 0]
				},
				"arm_left2": {
					"rotation": [0, 0, -7.5]
				},
				"arm_left3": {
					"rotation": [0, 0, "-30+5*math.sin(q.anim_time*90*2+40)"]
				},
				"torso_bottom": {
					"rotation": ["12.5-2*math.sin(q.anim_time*90*2)", 0, 0]
				},
				"torso_bottom2": {
					"rotation": [12.5, 0, 0]
				},
				"tail_right": {
					"rotation": ["-7.5167+5*math.sin(q.anim_time*90*2-50)", -10.2874, -0.9826]
				},
				"tail_left": {
					"rotation": ["-8.3382+5*math.sin(q.anim_time*90*2)", 10.28736, 0.98256]
				},
				"body": {
					"rotation": ["30-1*math.sin(q.anim_time*90*2)", 0, "-1*math.sin(q.anim_time*90*1)"],
					"position": [0, "-4+0.2*math.sin(q.anim_time*90*2+30)", "0.1*math.sin(q.anim_time*90*2)"]
				},
				"ear_right": {
					"rotation": [0, 0, "-3*math.sin(q.anim_time*90*2-20)"]
				},
				"ear_left": {
					"rotation": [0, 0, "3*math.sin(q.anim_time*90*2)"]
				},
				"ruff_front": {
					"rotation": ["-1*math.sin(q.anim_time*90*2-50)", 0, 0]
				},
				"ruff_back": {
					"rotation": ["-5*math.sin(q.anim_time*90*2-50)", 0, 0]
				},
				"ruff_right": {
					"rotation": [0, 0, "-5*math.sin(q.anim_time*90*2-50)"]
				},
				"ruff_left": {
					"rotation": [0, 0, "5*math.sin(q.anim_time*90*2-50)"]
				}
			}
		},
		"animation.popplio.battle_idle": {
			"loop": true,
			"animation_length": 4,
			"bones": {
				"head": {
					"rotation": ["-30-1*math.sin(q.anim_time*90*2-50)", "-2*math.sin(q.anim_time*90*1-50)", "3*math.sin(q.anim_time*90*2-50)"],
					"position": [0, "0.0915+0.1*math.sin(q.anim_time*90*4)", 1.40849]
				},
				"torso_top": {
					"rotation": ["-35-1*math.sin(q.anim_time*90*2)", 0, "-5*math.sin(q.anim_time*90*1)"],
					"position": [0, "-0.2*math.sin(q.anim_time*90*2)", 0]
				},
				"arm_right": {
					"rotation": [3.96625, "-0.1954+5*math.sin(q.anim_time*90*2)", "-26.2375+5*math.sin(q.anim_time*90*2)"],
					"position": [0, "-0.2*math.sin(q.anim_time*90*2)", 0]
				},
				"arm_right2": {
					"rotation": [0, 0, 7.5]
				},
				"arm_right3": {
					"rotation": [0, 0, "27.5+5*math.sin(q.anim_time*90*2)"]
				},
				"arm_left": {
					"rotation": [5.06414, "-4.671+5*math.sin(q.anim_time*90*2)", "25.8531+5*math.sin(q.anim_time*90*2)"],
					"position": [0, "-0.2*math.sin(q.anim_time*90*2)", 0]
				},
				"arm_left2": {
					"rotation": [0, 0, -7.5]
				},
				"arm_left3": {
					"rotation": [0, 0, "-30+5*math.sin(q.anim_time*90*2+40)"]
				},
				"torso_bottom": {
					"rotation": [0, 0, "5*math.sin(q.anim_time*90*1)"]
				},
				"torso_bottom2": {
					"rotation": [2.5, "-4*math.sin(q.anim_time*90*1)", "10*math.sin(q.anim_time*90*1)"]
				},
				"tail_right": {
					"rotation": ["-4.4618+10*math.sin(q.anim_time*90*1)+math.clamp(5*math.sin(q.anim_time*90*5),-10,0)", 87.5291, 46.5559],
					"position": [0, -0.5, 0]
				},
				"tail_left": {
					"rotation": ["341.3182-10*math.sin(q.anim_time*90*1)+math.clamp(-5*math.sin(q.anim_time*90*4),-10,0)", -87.97706, -33],
					"position": [0, -0.5, 0]
				},
				"body": {
					"rotation": ["30-1*math.sin(q.anim_time*90*2)", 0, "-5*math.sin(q.anim_time*90*1)"],
					"position": ["-0.5*math.sin(q.anim_time*90*1)", "-1+0.2*math.sin(q.anim_time*90*2)", "0.1*math.sin(q.anim_time*90*2)"]
				},
				"ear_right": {
					"rotation": [0, 0, "25+5*math.sin(q.anim_time*90*4-50)"]
				},
				"ear_left": {
					"rotation": [0, 0, "-22.5+5*math.sin(q.anim_time*90*4-50)"]
				},
				"ruff_front": {
					"rotation": ["35-1*math.sin(q.anim_time*90*2-50)", 0, 0]
				},
				"ruff_back": {
					"rotation": ["-32.5-5*math.sin(q.anim_time*90*2-50)", 0, 0]
				},
				"ruff_right": {
					"rotation": [0, 0, "-5-5*math.sin(q.anim_time*90*2-50)"]
				},
				"ruff_left": {
					"rotation": [0, 0, "7.5+5*math.sin(q.anim_time*90*2-50)"]
				}
			}
		},
		"animation.popplio.sleep": {
			"loop": true,
			"animation_length": 4,
			"bones": {
				"head": {
					"rotation": ["-23.5144-2*math.sin(q.anim_time*90*1-40)", 23.53136, 32.17677],
					"position": [0.75, 0.0766, -1]
				},
				"torso_top": {
					"rotation": [9.99067, -0.43399, 2.46207],
					"position": [0, 0, 0]
				},
				"arm_right": {
					"rotation": [-1.82775, -51.74756, -84.98254],
					"position": [0, 0, 0]
				},
				"arm_right2": {
					"rotation": [0, 0, -5]
				},
				"arm_right3": {
					"rotation": [0, 0, "-3.2139+4*math.sin(q.anim_time*90*1)"]
				},
				"arm_left": {
					"rotation": [57.80026, "37.5138-5*math.sin(q.anim_time*90*1)", "159.8+3*math.sin(q.anim_time*90*1)"],
					"position": [-0.1, -0.75, -2]
				},
				"arm_left2": {
					"rotation": [0, 0, -10]
				},
				"arm_left3": {
					"rotation": [0, 0, "-26.7861-10*math.sin(q.anim_time*90*1)"]
				},
				"torso_bottom": {
					"rotation": [4.7127, -2.68507, 12.2127],
					"position": [0, 1, -0.5]
				},
				"torso_bottom2": {
					"rotation": [-10, 0, 0],
					"position": [0, 0.5, -0.5]
				},
				"tail_right": {
					"rotation": ["-78.3681+2*math.sin(q.anim_time*90*1)", -46.7538, 17.835]
				},
				"tail_left": {
					"rotation": [-174.25927, 75.92238, -105.0348]
				},
				"body": {
					"rotation": [61.6341, 0.54292, -87.64341],
					"position": [-1, "-5.75+0.1*math.sin(q.anim_time*90*1)", -0.25]
				},
				"ear_right": {
					"rotation": [-40, 0, 63.52606]
				},
				"ear_left": {
					"rotation": {
						"0.0": [65.93281, 5.63261, -55.10166],
						"1.75": [66.05882, 7.84467, -56.28624],
						"1.7917": [65.92739, 5.59149, -55.07667],
						"1.8333": [66.05739, 7.80329, -56.26691],
						"1.875": [65.92295, 5.55168, -55.05193],
						"4.0": [65.93, 5.63, -55.1]
					}
				},
				"ruff_front": {
					"rotation": [-20.34249, 5.72856, 3.57769]
				},
				"ruff_back": {
					"rotation": [13.83022, 0, 0]
				},
				"ruff_right": {
					"rotation": [0, 0, 76.33022]
				},
				"ruff_left": {
					"rotation": [0, 0, 11.16978]
				},
				"eyelid_right": {
					"position": [-0.1, 0, -0.1]
				},
				"eyelid_left": {
					"position": [0.1, 0, -0.1]
				},
				"nose": {
					"rotation": {
						"0.0": [0, 0, 0],
						"2.4167": [0, 0, 0],
						"2.4583": [-2.5, 0, 0],
						"3.125": [0, 0, 0],
						"4.0": [0, 0, 0]
					}
				}
			}
		},
		"animation.popplio.blink": {
			"animation_length": 0.1667,
			"bones": {
				"eyelid_right": {
					"position": {
						"0.0": [-0.1, 0, -0.1],
						"0.125": [-0.1, 0, -0.1],
						"0.1667": [0, 0, 0]
					}
				},
				"eyelid_left": {
					"position": {
						"0.0": [0.1, 0, -0.1],
						"0.125": [0.1, 0, -0.1],
						"0.1667": [0, 0, 0]
					}
				}
			}
		},
		"animation.popplio.cry": {
			"animation_length": 2,
			"bones": {
				"head": {
					"rotation": {
						"0.0": {
							"post": [0, 0, 0],
							"lerp_mode": "catmullrom"
						},
						"0.2083": {
							"post": [-5.26256, 8.24988, -3.63943],
							"lerp_mode": "catmullrom"
						},
						"0.4583": {
							"post": [1.88338, -3.49727, 2.01557],
							"lerp_mode": "catmullrom"
						},
						"0.5417": {
							"post": [1.40552, -4.0292, -0.27818],
							"lerp_mode": "catmullrom"
						},
						"0.625": {
							"post": [0.14318, -4.1315, 2.27528],
							"lerp_mode": "catmullrom"
						},
						"0.7083": {
							"post": [-0.86048, -4.24945, -0.15358],
							"lerp_mode": "catmullrom"
						},
						"1.25": {
							"post": [-11.75874, -4.69735, 1.04642],
							"lerp_mode": "catmullrom"
						},
						"2.0": {
							"post": [0, 0, 0],
							"lerp_mode": "catmullrom"
						}
					}
				},
				"ear_right": {
					"rotation": {
						"0.0": [0, 0, 0],
						"2.0": [0, 0, 0]
					}
				},
				"ear_left": {
					"rotation": {
						"0.0": [0, 0, 0],
						"0.4583": [0, 0, -5],
						"0.5417": [0, 0, -12.23],
						"0.625": [0, 0, -4.6],
						"0.6667": [0, 0, -9.46],
						"0.75": [0, 0, -3.87],
						"2.0": [0, 0, 0]
					}
				}
			},
			"sound_effects": {
				"0.04": {
					"effect": "pokemon.popplio.cry"
				}
			}
		},
		"animation.popplio.water_idle": {
			"loop": true,
			"animation_length": 4,
			"bones": {
				"head": {
					"rotation": ["-77.5-1*math.sin(q.anim_time*90*3-50)", "0.4*math.sin(q.anim_time*90*3-50)", "math.sin(q.anim_time*90*1-50)"]
				},
				"arm_right": {
					"rotation": [-69.3532, "-18.2312-20*math.sin(q.anim_time*90*1)", -15.3836],
					"position": [0, -0.98481, 0.17365]
				},
				"arm_right2": {
					"rotation": [0, 0, "-20*math.sin(q.anim_time*90*1-40)"]
				},
				"arm_right3": {
					"rotation": [0, 0, "-2.5-20*math.sin(q.anim_time*90*1-90)"]
				},
				"arm_left": {
					"rotation": [-69.3532, "18.2312+20*math.sin(q.anim_time*90*1)", 15.38361],
					"position": [0, -0.98481, 0.17365]
				},
				"arm_left2": {
					"rotation": [0, 0, "20*math.sin(q.anim_time*90*1-40)"]
				},
				"arm_left3": {
					"rotation": [0, 0, "2.5+20*math.sin(q.anim_time*90*1-90)"]
				},
				"ruff_front": {
					"rotation": [0, 0, 0]
				},
				"torso_bottom": {
					"rotation": ["10+6*math.sin(q.anim_time*90*1-50)", "1*math.sin(q.anim_time*90*2-50)", 0]
				},
				"torso_bottom2": {
					"rotation": ["2.5-1*math.sin(q.anim_time*90*1-20)", 0, 0]
				},
				"tail_right": {
					"rotation": ["-22.6417-5*math.sin(q.anim_time*90*3-50)-10*math.sin(q.anim_time*90*2)", -7.15102, 2.26708]
				},
				"tail_left": {
					"rotation": ["-22.6417+5*math.sin(q.anim_time*90*3-50)+10*math.sin(q.anim_time*90*2)", 7.151, -2.2671]
				},
				"body": {
					"rotation": ["80-2*math.sin(q.anim_time*90*1)", 0, "1*math.sin(q.anim_time*90*2)"],
					"position": ["0.2*math.cos(q.anim_time*90*1-30)", "-3.75+0.9*math.sin(q.anim_time*90*1-30)", -1]
				},
				"ear_right": {
					"rotation": [0, 0, "15+5*math.sin(q.anim_time*90*1)"]
				},
				"ear_left": {
					"rotation": [0, 0, "-12.5-5*math.sin(q.anim_time*90*1)"]
				},
				"ruff_right": {
					"rotation": [0, 0, 17.5]
				},
				"ruff_left": {
					"rotation": [0, 0, -17.5]
				}
			}
		},
		"animation.popplio.water_swim": {
			"loop": true,
			"animation_length": 4,
			"bones": {
				"head": {
					"rotation": ["-72.5+10*math.sin(q.anim_time*90*3-50)", "5*math.sin(q.anim_time*90*1-50)", 0],
					"position": [0, 0, "0.4*math.cos(q.anim_time*90*3-50)"]
				},
				"arm_right": {
					"rotation": [-0.53871, "-0.6844-10*math.sin(q.anim_time*90*3-50)", -63.4534]
				},
				"arm_right2": {
					"rotation": [0, 0, 0]
				},
				"arm_right3": {
					"rotation": [0, 0, -10]
				},
				"arm_left": {
					"rotation": [-0.53871, "0.6844+10*math.sin(q.anim_time*90*3-50)", 63.45342]
				},
				"arm_left2": {
					"rotation": [0, 0, 0]
				},
				"arm_left3": {
					"rotation": [0, 0, 10]
				},
				"ruff_front": {
					"rotation": ["37.5+5*math.sin(q.anim_time*90*12-80)", 0, 0]
				},
				"torso_bottom": {
					"rotation": ["-2.5-5*math.sin(q.anim_time*90*3+20)", 0, 0]
				},
				"torso_bottom2": {
					"rotation": ["2.5-5*math.sin(q.anim_time*90*3)", 0, 0]
				},
				"tail_right": {
					"rotation": ["-11.8135-20*math.sin(q.anim_time*90*3+20)", -5.7449, -11.90342]
				},
				"tail_left": {
					"rotation": ["-15.5368-20*math.sin(q.anim_time*90*3+20)", 8.8831, 12.78107]
				},
				"body": {
					"rotation": ["80+5*math.sin(q.anim_time*90*3-80)", 0, "5*math.sin(q.anim_time*90*1-50)"],
					"position": [0, "-4+2*math.sin(q.anim_time*90*3)", "-1-1*math.sin(q.anim_time*90*3)"]
				},
				"torso_top": {
					"rotation": ["10-10*math.sin(q.anim_time*90*3+70)", 0, 0]
				},
				"ruff_back": {
					"rotation": ["-37.5+5*math.sin(q.anim_time*90*12-80)", 0, 0]
				},
				"ruff_right": {
					"rotation": [0, 0, "-30+5*math.sin(q.anim_time*90*12-80)"]
				},
				"ruff_left": {
					"rotation": [0, 0, "37.5+5*math.sin(q.anim_time*90*12-80)"]
				},
				"ear_right": {
					"rotation": [11.2819, "15.758+4*math.sin(q.anim_time*90*8-80)", 20.72531]
				},
				"ear_left": {
					"rotation": [12.82187, "-21.09+4*math.sin(q.anim_time*90*8-80)", -17.83326]
				}
			}
		},
		"animation.popplio.ground_walk": {
			"loop": true,
			"animation_length": 4,
			"bones": {
				"head": {
					"rotation": ["-32.5+5*math.sin(q.anim_time*90*4-50)", "15*math.cos(q.anim_time*90*2-50)", "2*math.sin(q.anim_time*90*1-50)"],
					"position": [0, "0.1*math.sin(q.anim_time*90*2+50)", 0]
				},
				"torso_top": {
					"rotation": [10, 0, 0]
				},
				"arm_right": {
					"rotation": {
						"0.0": {
							"post": [-0.22, -19.21, -14.62],
							"lerp_mode": "catmullrom"
						},
						"0.5": {
							"post": [48.34276, -60.26269, -73.10717],
							"lerp_mode": "catmullrom"
						},
						"1.0": {
							"post": [24.37, -40.62, -72.33],
							"lerp_mode": "catmullrom"
						},
						"1.5": {
							"post": [-5.03186, -14.41892, -59.78751],
							"lerp_mode": "catmullrom"
						},
						"2.0": {
							"post": [-0.22, -19.21, -14.62],
							"lerp_mode": "catmullrom"
						},
						"2.5": {
							"post": [48.34276, -60.26269, -73.10717],
							"lerp_mode": "catmullrom"
						},
						"3.0": {
							"post": [24.37, -40.62, -72.33],
							"lerp_mode": "catmullrom"
						},
						"3.5": {
							"post": [-5.03186, -14.41892, -59.78751],
							"lerp_mode": "catmullrom"
						},
						"4.0": {
							"post": [-0.22, -19.21, -14.62],
							"lerp_mode": "catmullrom"
						}
					}
				},
				"arm_right2": {
					"rotation": {
						"0.0": [0.06, -32.92, -7.82],
						"0.125": [0, -32.5, -5],
						"0.5833": {
							"pre": [0, 0, 7.5],
							"post": [0, 0, 7.5],
							"lerp_mode": "catmullrom"
						},
						"1.0": {
							"post": [0, -10, -15],
							"lerp_mode": "catmullrom"
						},
						"1.4167": {
							"post": [0.39146, -19.77608, -20.44189],
							"lerp_mode": "catmullrom"
						},
						"2.0": [0.06, -32.92, -7.82],
						"2.125": [0, -32.5, -5],
						"2.5833": {
							"pre": [0, 0, 7.5],
							"post": [0, 0, 7.5],
							"lerp_mode": "catmullrom"
						},
						"3.0": {
							"post": [0, -10, -15],
							"lerp_mode": "catmullrom"
						},
						"3.4167": {
							"post": [0.39146, -19.77608, -20.44189],
							"lerp_mode": "catmullrom"
						},
						"4.0": [0.06, -32.92, -7.82]
					}
				},
				"arm_right3": {
					"rotation": {
						"0.0": {
							"post": [0, 0, -1.09],
							"lerp_mode": "catmullrom"
						},
						"0.2917": {
							"post": [0, 0, 32.61852],
							"lerp_mode": "catmullrom"
						},
						"0.5": {
							"post": [0, 0, 59.09],
							"lerp_mode": "catmullrom"
						},
						"1.0": {
							"post": [0, 0, 96.78606],
							"lerp_mode": "catmullrom"
						},
						"1.5833": {
							"post": [0, 0, 79.63212],
							"lerp_mode": "catmullrom"
						},
						"1.7917": {
							"post": [0, 0, 46.07],
							"lerp_mode": "catmullrom"
						},
						"2.0": {
							"post": [0, 0, -1.09],
							"lerp_mode": "catmullrom"
						},
						"2.2917": {
							"post": [0, 0, 32.61852],
							"lerp_mode": "catmullrom"
						},
						"2.5": {
							"post": [0, 0, 59.09],
							"lerp_mode": "catmullrom"
						},
						"3.0": {
							"post": [0, 0, 96.78606],
							"lerp_mode": "catmullrom"
						},
						"3.5833": {
							"post": [0, 0, 79.63212],
							"lerp_mode": "catmullrom"
						},
						"3.7917": {
							"post": [0, 0, 46.07],
							"lerp_mode": "catmullrom"
						},
						"4.0": {
							"post": [0, 0, -1.09],
							"lerp_mode": "catmullrom"
						}
					}
				},
				"arm_left": {
					"rotation": {
						"0.0": {
							"post": [24.37, 40.62, 72.33],
							"lerp_mode": "catmullrom"
						},
						"0.5": {
							"post": [-5.03186, 14.41892, 59.78751],
							"lerp_mode": "catmullrom"
						},
						"1.0": {
							"post": [-0.22, 19.21, 14.62],
							"lerp_mode": "catmullrom"
						},
						"1.5": {
							"post": [48.34276, 60.26269, 73.10717],
							"lerp_mode": "catmullrom"
						},
						"2.0": {
							"post": [24.37, 40.62, 72.33],
							"lerp_mode": "catmullrom"
						},
						"2.5": {
							"post": [-5.03186, 14.41892, 59.78751],
							"lerp_mode": "catmullrom"
						},
						"3.0": {
							"post": [-0.22, 19.21, 14.62],
							"lerp_mode": "catmullrom"
						},
						"3.5": {
							"post": [48.34276, 60.26269, 73.10717],
							"lerp_mode": "catmullrom"
						},
						"4.0": {
							"post": [24.37, 40.62, 72.33],
							"lerp_mode": "catmullrom"
						}
					},
					"position": [0, "-0.2*math.sin(q.anim_time*90*2)", 0]
				},
				"arm_left2": {
					"rotation": {
						"0.0": {
							"post": [0, 10, 15],
							"lerp_mode": "catmullrom"
						},
						"0.4167": {
							"post": [0.39146, 19.77608, 20.44189],
							"lerp_mode": "catmullrom"
						},
						"1.0": [0.06, 32.92, 7.82],
						"1.125": [0, 32.5, 5],
						"1.5833": {
							"pre": [0, 0, -7.5],
							"post": [0, 0, -7.5],
							"lerp_mode": "catmullrom"
						},
						"2.0": {
							"post": [0, 10, 15],
							"lerp_mode": "catmullrom"
						},
						"2.4167": {
							"post": [0.39146, 19.77608, 20.44189],
							"lerp_mode": "catmullrom"
						},
						"3.0": [0.06, 32.92, 7.82],
						"3.125": [0, 32.5, 5],
						"3.5833": {
							"pre": [0, 0, -7.5],
							"post": [0, 0, -7.5],
							"lerp_mode": "catmullrom"
						},
						"4.0": {
							"post": [0, 10, 15],
							"lerp_mode": "catmullrom"
						}
					}
				},
				"arm_left3": {
					"rotation": {
						"0.0": {
							"post": [0, 0, -96.78606],
							"lerp_mode": "catmullrom"
						},
						"0.5833": {
							"post": [0, 0, -79.63212],
							"lerp_mode": "catmullrom"
						},
						"0.7917": {
							"post": [0, 0, -46.07],
							"lerp_mode": "catmullrom"
						},
						"1.0": {
							"post": [0, 0, 1.09],
							"lerp_mode": "catmullrom"
						},
						"1.2917": {
							"post": [0, 0, -32.38148],
							"lerp_mode": "catmullrom"
						},
						"1.5": {
							"post": [0, 0, -59.09],
							"lerp_mode": "catmullrom"
						},
						"2.0": {
							"post": [0, 0, -96.78606],
							"lerp_mode": "catmullrom"
						},
						"2.5833": {
							"post": [0, 0, -79.63212],
							"lerp_mode": "catmullrom"
						},
						"2.7917": {
							"post": [0, 0, -46.07],
							"lerp_mode": "catmullrom"
						},
						"3.0": {
							"post": [0, 0, 1.09],
							"lerp_mode": "catmullrom"
						},
						"3.2917": {
							"post": [0, 0, -32.38148],
							"lerp_mode": "catmullrom"
						},
						"3.5": {
							"post": [0, 0, -59.09],
							"lerp_mode": "catmullrom"
						},
						"4.0": {
							"post": [0, 0, -96.78606],
							"lerp_mode": "catmullrom"
						}
					}
				},
				"torso_bottom": {
					"rotation": ["12.5-2*math.sin(q.anim_time*90*2)", 0, "-10*math.cos(q.anim_time*90*2)"]
				},
				"torso_bottom2": {
					"rotation": ["12.5+5*math.sin(q.anim_time*90*4)", 0, "-10*math.sin(q.anim_time*90*2)"]
				},
				"tail_right": {
					"rotation": ["-7.5167-10*math.cos(q.anim_time*90*2)+20*math.sin(q.anim_time*90*2+50)", -10.2874, "-0.9826-20*math.sin(q.anim_time*90*2)"]
				},
				"tail_left": {
					"rotation": ["-3.33+10*math.cos(q.anim_time*90*2)-20*math.sin(q.anim_time*90*2+50)", 10.28736, "0.9826-20*math.sin(q.anim_time*90*2)"]
				},
				"body": {
					"rotation": ["30-5*math.sin(q.anim_time*90*4)", "-10*math.sin(q.anim_time*90*2)", "5*math.sin(q.anim_time*90*2)"],
					"position": [0, "-4+0.2*math.sin(q.anim_time*90*4)", "0.4*math.cos(q.anim_time*90*4)"]
				},
				"ear_right": {
					"rotation": [0, 0, "-3*math.sin(q.anim_time*90*2-20)"]
				},
				"ear_left": {
					"rotation": [0, 0, "3*math.sin(q.anim_time*90*2)"]
				},
				"ruff_front": {
					"rotation": ["-10*math.sin(q.anim_time*90*4-50)", 0, 0]
				},
				"ruff_back": {
					"rotation": ["-5*math.sin(q.anim_time*90*2-50)", 0, 0]
				},
				"ruff_right": {
					"rotation": [0, 0, "-5*math.sin(q.anim_time*90*2-50)"]
				},
				"ruff_left": {
					"rotation": [0, 0, "5*math.sin(q.anim_time*90*2-50)"]
				}
			}
		},
		"animation.popplio.faint": {
			"loop": true,
			"animation_length": 3,
			"bones": {
				"head": {
					"rotation": {
						"0.0": {
							"post": [-30.96791, 0, -1.53209],
							"lerp_mode": "catmullrom"
						},
						"0.375": {
							"post": [-8.46925, 0, -1.53075],
							"lerp_mode": "catmullrom"
						},
						"0.5833": {
							"post": [-30.97, 0, -1.53],
							"lerp_mode": "catmullrom"
						},
						"1.0833": {
							"post": [14.03, 0, -1.53],
							"lerp_mode": "catmullrom"
						},
						"1.2917": {
							"post": [29.03, 0, -1.53],
							"lerp_mode": "catmullrom"
						},
						"1.5833": {
							"post": [14.03, 0, -1.53],
							"lerp_mode": "catmullrom"
						},
						"1.875": {
							"post": [-76.44185, 0, -1.53],
							"lerp_mode": "catmullrom"
						},
						"1.9583": {
							"post": [-80.20326, 0, -1.53],
							"lerp_mode": "catmullrom"
						},
						"2.0417": {
							"post": [-74.77792, 0, -1.53],
							"lerp_mode": "catmullrom"
						},
						"3.0": {
							"post": [-67.22, 0, -1.53],
							"lerp_mode": "catmullrom"
						}
					},
					"position": {
						"0.0": [0, 0.0766, 0],
						"0.875": {
							"pre": [0, 0.08, 0],
							"post": [0, 0.08, 0],
							"lerp_mode": "catmullrom"
						},
						"1.1667": {
							"post": [0, 0.08, -1.5],
							"lerp_mode": "catmullrom"
						},
						"1.5833": {
							"post": [0, 0.08, 0],
							"lerp_mode": "catmullrom"
						},
						"1.875": {
							"post": [0, 0.08, -0.75],
							"lerp_mode": "catmullrom"
						},
						"1.9583": {
							"post": [0, 0.08, -0.5],
							"lerp_mode": "catmullrom"
						},
						"2.0417": [0, 0.08, -0.75]
					}
				},
				"torso_top": {
					"rotation": {
						"0.0": [10, 0, 0],
						"1.7083": [10, 0, 0],
						"2.0": [20, 0, 0],
						"2.3333": [10, 0, 0]
					}
				},
				"arm_right": {
					"rotation": {
						"0.0": [7.12895, -56.62736, -44.71639],
						"0.125": {
							"pre": [43.00067, -31.83537, -95.27519],
							"post": [43.00067, -31.83537, -95.27519],
							"lerp_mode": "catmullrom"
						},
						"0.375": {
							"post": [43.00067, -31.83537, -95.27519],
							"lerp_mode": "catmullrom"
						},
						"0.7083": {
							"post": [-15.55688, -25.97739, -14.6662],
							"lerp_mode": "catmullrom"
						},
						"0.9583": {
							"post": [-1.84724, -39.82766, -73.43691],
							"lerp_mode": "catmullrom"
						},
						"1.2917": {
							"post": [3.09803, -54.79053, -80.99126],
							"lerp_mode": "catmullrom"
						},
						"1.9167": [-17.0751, 47.02938, -42.12341],
						"2.0833": [-11.89812, -13.89206, -26.5605],
						"2.25": [-11.62212, -6.54903, -28.1127],
						"2.375": [-11.69109, -8.99749, -27.60294]
					},
					"position": [0, 0, 0]
				},
				"arm_right2": {
					"rotation": {
						"0.0": [0, 0, 7.5],
						"0.1667": [0, 0, -8.63],
						"0.875": {
							"pre": [0, 0, 12.5],
							"post": [0, 0, 12.5],
							"lerp_mode": "catmullrom"
						},
						"0.9583": {
							"post": [0, 0, -32.5],
							"lerp_mode": "catmullrom"
						},
						"1.2917": [0, 0, -32.5]
					}
				},
				"arm_right3": {
					"rotation": {
						"0.0": [0, 0, 24.28606],
						"0.2083": [0, 0, 75.85],
						"0.875": {
							"pre": [0, 0, 34.29],
							"post": [0, 0, 34.29],
							"lerp_mode": "catmullrom"
						},
						"0.9583": {
							"post": [0, 0, -65.71],
							"lerp_mode": "catmullrom"
						},
						"1.2917": [0, 0, -65.71]
					}
				},
				"arm_left": {
					"rotation": {
						"0.0": [7.12896, 56.62737, 44.7164],
						"0.125": {
							"pre": [43.5468, 32.05212, 95.95662],
							"post": [43.5468, 32.05212, 95.95662],
							"lerp_mode": "catmullrom"
						},
						"0.375": {
							"post": [43.5468, 32.05212, 95.95662],
							"lerp_mode": "catmullrom"
						},
						"0.7083": {
							"post": [-16.73935, 21.46557, 12.32619],
							"lerp_mode": "catmullrom"
						},
						"1.0833": {
							"post": [-17.08876, -24.19453, 25.78808],
							"lerp_mode": "catmullrom"
						},
						"1.4167": {
							"post": [-17.08876, -24.19453, 25.78808],
							"lerp_mode": "catmullrom"
						},
						"1.9167": [-32.79933, -43.636, 62.24392],
						"2.125": [-23.33328, 8.18123, 34.75603],
						"2.25": [-23.12286, -3.31265, 39.68212],
						"2.4167": [-22.76234, 5.53656, 41.35696]
					},
					"position": [0, 0, 0]
				},
				"arm_left2": {
					"rotation": {
						"0.0": [0, 0, -7.5],
						"0.1667": [0, 0, 14.81],
						"1.0833": [0, 0, -25],
						"1.4167": [0, 0, -25],
						"1.9167": [0, 0, 2.5]
					}
				},
				"arm_left3": {
					"rotation": {
						"0.0": [0, 0, -26.78606],
						"0.2083": [0, 0, -62.17],
						"1.0833": [0, 0, -41.79],
						"1.4167": [0, 0, -41.79],
						"2.0833": [0, 0, 38.21]
					}
				},
				"torso_bottom": {
					"rotation": {
						"0.0": [12.5, 0, 0],
						"0.75": [10, 0, 0],
						"1.5": [1.63, 0, 0],
						"1.7083": [2.5, 0, 0],
						"2.0": [25, 0, 0],
						"2.125": [25, 0, 0],
						"2.3333": [2.5, 0, 0]
					},
					"position": {
						"0.0": [0, 0, 0],
						"1.7083": [0, 0, 0],
						"2.1667": [0, 0, 0],
						"2.4167": [0, 0, -0.75]
					}
				},
				"torso_bottom2": {
					"rotation": {
						"0.0": [12.5, 0, 0],
						"1.7083": [12.5, 0, 0],
						"2.0": [27.5, 0, 0],
						"2.125": [27.5, 0, 0],
						"2.3333": [12.5, 0, 0]
					},
					"position": {
						"0.0": [0, 0, 0],
						"1.7083": [0, 0, 0],
						"2.1667": [0, 0, 0],
						"2.4167": [0, 0, -0.75]
					}
				},
				"tail_right": {
					"rotation": {
						"0.0": [-11.34692, -10.2874, -0.9826],
						"0.6667": {
							"pre": [-105.12084, -79.62574, 171.51699],
							"post": [-105.12084, -79.62574, 171.51699],
							"lerp_mode": "catmullrom"
						},
						"0.7917": {
							"post": [-68.24992, -70.48646, 97.55484],
							"lerp_mode": "catmullrom"
						},
						"1.2083": {
							"post": [4.59159, -58.79911, 22.15757],
							"lerp_mode": "catmullrom"
						},
						"1.7083": {
							"post": [4.59, -58.8, 22.16],
							"lerp_mode": "catmullrom"
						},
						"1.9167": {
							"post": [-7.26593, -10.01131, -23.84337],
							"lerp_mode": "catmullrom"
						},
						"2.125": {
							"post": [-7.27, -10.01, -23.84],
							"lerp_mode": "catmullrom"
						},
						"2.5": [-24.77, -10.01, -23.84]
					}
				},
				"tail_left": {
					"rotation": {
						"0.0": [-8.3382, 10.28736, 0.98256],
						"0.7083": {
							"pre": [-67.94398, 77.52767, -117.41888],
							"post": [-67.94398, 77.52767, -117.41888],
							"lerp_mode": "catmullrom"
						},
						"1.1667": {
							"post": [-5.6075, 63.8054, -19.38102],
							"lerp_mode": "catmullrom"
						},
						"1.75": {
							"post": [16.365, 70.73432, -11.83319],
							"lerp_mode": "catmullrom"
						},
						"2.0": {
							"post": [-7.44316, 18.84637, 12.10155],
							"lerp_mode": "catmullrom"
						},
						"2.5417": [-27.44316, 18.84637, 12.10155]
					}
				},
				"body": {
					"rotation": {
						"0.0": {
							"post": [30, 0, 0],
							"lerp_mode": "catmullrom"
						},
						"0.4167": {
							"post": [-12.19157, -3.81024, -9.25249],
							"lerp_mode": "catmullrom"
						},
						"0.8333": {
							"post": [-27.5, 0, 0],
							"lerp_mode": "catmullrom"
						},
						"1.2083": {
							"post": [0, 0, 0],
							"lerp_mode": "catmullrom"
						},
						"1.375": {
							"post": [5.019, -4.98093, -0.43688],
							"lerp_mode": "catmullrom"
						},
						"1.625": {
							"post": [-23.21088, -13.83447, 5.85463],
							"lerp_mode": "catmullrom"
						},
						"1.75": {
							"post": [-23.21088, -13.83447, 5.85463],
							"lerp_mode": "catmullrom"
						},
						"1.9167": {
							"post": [69.92969, -4.69776, 1.71394],
							"lerp_mode": "catmullrom"
						},
						"3.0": {
							"post": [69.92969, -4.69776, 1.71394],
							"lerp_mode": "catmullrom"
						}
					},
					"position": {
						"0.0": {
							"post": [0, -3.9, 0],
							"lerp_mode": "catmullrom"
						},
						"0.4167": {
							"post": [-1.25, -1.9, 0.75],
							"lerp_mode": "catmullrom"
						},
						"0.8333": {
							"post": [0, -2.65, 2.25],
							"lerp_mode": "catmullrom"
						},
						"1.2083": {
							"post": [0, -2.4, -1.75],
							"lerp_mode": "catmullrom"
						},
						"1.375": {
							"post": [0, -2.4, -2.75],
							"lerp_mode": "catmullrom"
						},
						"1.625": {
							"post": [0, -2.15, 1],
							"lerp_mode": "catmullrom"
						},
						"1.75": {
							"post": [0, -2.15, 1],
							"lerp_mode": "catmullrom"
						},
						"1.9167": {
							"post": [0, -6.4, -3.5],
							"lerp_mode": "catmullrom"
						},
						"2.0": {
							"post": [0, -5.79, -3.65],
							"lerp_mode": "catmullrom"
						},
						"2.0417": {
							"post": [0, -6.54, -3.65],
							"lerp_mode": "catmullrom"
						},
						"2.125": {
							"post": [0, -6.29, -3.64],
							"lerp_mode": "catmullrom"
						},
						"2.2083": {
							"post": [0, -6.54, -3.63],
							"lerp_mode": "catmullrom"
						},
						"3.0": {
							"post": [0, -6.4, -3.5],
							"lerp_mode": "catmullrom"
						}
					}
				},
				"ear_right": {
					"rotation": [0, 0, 1.02606]
				},
				"ear_left": {
					"rotation": [0, 0, 0]
				},
				"ruff_front": {
					"rotation": {
						"0.0": [0.76604, 0, 0],
						"0.625": [63.27, 0, 0],
						"1.2083": [0.49, 0, 0],
						"1.75": [-19.23, 0, 0],
						"1.9583": [-86.73, 0, 0]
					}
				},
				"ruff_back": {
					"rotation": {
						"0.0": [3.83022, 0, 0],
						"0.4167": [28.83, 0, 0],
						"0.875": [-16.17, 0, 0],
						"1.6667": [26.33, 0, 0],
						"2.0833": [-41.17, 0, 0]
					}
				},
				"ruff_right": {
					"rotation": [0, 0, 3.83022]
				},
				"ruff_left": {
					"rotation": {
						"0.0": [0, 0, -3.83022],
						"0.75": [0, 0, -8.83],
						"1.2917": [0, 0, 13.67],
						"1.7917": [0, 0, -16.33],
						"2.3333": [0, 0, 18.67]
					}
				},
				"eyelid_right": {
					"position": {
						"0.0": [0, 0, 0],
						"0.0417": [-0.1, 0, -0.1],
						"0.1667": [-0.1, 0, -0.1],
						"0.2083": [0, 0, 0],
						"0.7917": [0, 0, 0],
						"0.8333": [-0.1, 0, -0.1],
						"1.3333": [-0.1, 0, -0.1],
						"1.375": [0, 0, 0],
						"1.625": [0, 0, 0],
						"1.6667": [-0.1, 0, -0.1]
					}
				},
				"eyelid_left": {
					"position": {
						"0.0": [0, 0, 0],
						"0.0417": [0.1, 0, -0.1],
						"0.1667": [0.1, 0, -0.1],
						"0.2083": [0, 0, 0],
						"0.7917": [0, 0, 0],
						"0.8333": [0.1, 0, -0.1],
						"1.3333": [0.1, 0, -0.1],
						"1.375": [0, 0, 0],
						"1.625": [0, 0, 0],
						"1.6667": [0.1, 0, -0.1]
					}
				}
			}
		},
		"animation.popplio.shock": {
			"loop": true,
			"bones": {
				"pupil_left": {
					"scale": [0.7, 0.7, 1]
				},
				"pupil_right": {
					"scale": [0.7, 0.7, 1]
				},
				"mouth": {
					"position": [0, -0.1, 0]
				}
			}
		},
		"animation.popplio.angry": {
			"loop": true,
			"bones": {
				"eye_angry_left": {
					"position": [0.1, 0, -0.1]
				},
				"pupil_left": {
					"position": [0, -0.25, 0]
				},
				"pupil_right": {
					"position": [0, -0.25, 0]
				},
				"eye_angry_right": {
					"position": [-0.1, 0, -0.1]
				}
			}
		},
		"animation.popplio.sad": {
			"loop": true,
			"bones": {
				"eye_sad_left": {
					"position": [0.1, 0, -0.1]
				},
				"eye_sad_right": {
					"position": [-0.1, 0, -0.1]
				}
			}
		},
		"animation.popplio.unamused": {
			"loop": true,
			"bones": {
				"eye_unamused_left": {
					"position": [0.1, 0, -0.1]
				},
				"pupil_left": {
					"position": [0, -0.25, 0]
				},
				"pupil_right": {
					"position": [0, -0.25, 0]
				},
				"eye_unamused_right": {
					"position": [-0.1, 0, -0.1]
				}
			}
		},
		"animation.popplio.happy": {
			"loop": true,
			"bones": {
				"mouth": {
					"position": [0, -0.1, 0]
				},
				"eyelid_happy_left": {
					"position": [0.1, 0, -0.1]
				},
				"eyelid_happy_right": {
					"position": [-0.1, 0, -0.1]
				}
			}
		},
		"animation.popplio.recoil": {
			"loop": true,
			"bones": {
				"eyelid_recoil_left": {
					"position": [0.1, 0, -0.1]
				},
				"eyelid_recoil_right": {
					"position": [-0.1, 0, -0.1]
				}
			}
		},
		"animation.popplio.shoulder_left": {
			"loop": true,
			"animation_length": 8,
			"bones": {
				"popplio": {
					"scale": 0.9
				},
				"body": {
					"position": [2.5, -9.25, 4.25]
				},
				"head": {
					"rotation": ["4.8304+2*math.sin(q.anim_time*90*1+90)", 1.29256, 5.05452],
					"position": [0.75, "0.1*math.sin(q.anim_time*90*1+50)", -0.5]
				},
				"ear_right": {
					"rotation": [0, 0, "-3*math.sin(q.anim_time*90*2-20)"]
				},
				"ear_left": {
					"rotation": [0, 0, "3*math.sin(q.anim_time*90*2)"]
				},
				"torso_top": {
					"rotation": [2.5, 0, 5]
				},
				"arm_right": {
					"rotation": [28.07007, -64.00749, -28.2432]
				},
				"arm_right2": {
					"rotation": [-1.59176, -32.46527, 2.96346]
				},
				"arm_right3": {
					"rotation": [0, 0, 7.5]
				},
				"arm_left": {
					"rotation": [-12.26153, 64.02501, 61.16794],
					"position": [0, -1.25, 0]
				},
				"arm_left2": {
					"rotation": [0, 0, 67.5]
				},
				"arm_left3": {
					"rotation": [0, 0, -52.5]
				},
				"ruff_front": {
					"rotation": [15, 0, 0]
				},
				"ruff_right": {
					"rotation": [0, 0, -37.43745]
				},
				"ruff_left": {
					"rotation": [0, 0, "25+5*math.sin(q.anim_time*90*2-50)"]
				},
				"torso_bottom": {
					"rotation": [11.93845, -3.73171, "17.1097+2*math.sin(q.anim_time*90*1+20)"]
				},
				"torso_bottom2": {
					"rotation": [12.5, 0, "0.0002+2*math.sin(q.anim_time*90*1-60)"]
				},
				"player": {
					"position": [-6, -24, 0]
				},
				"ruff_back": {
					"rotation": ["-27.5-5*math.sin(q.anim_time*90*2-50)", 0, 0]
				},
				"tail_right": {
					"rotation": ["-35.0167+5*math.sin(q.anim_time*90*2-50)", -10.2874, -0.9826]
				},
				"tail_left": {
					"rotation": ["-8.3382+5*math.sin(q.anim_time*90*2)", 10.28736, 0.98256]
				}
			}
		},
		"animation.popplio.shoulder_right": {
			"loop": true,
			"bones": {
				"popplio": {
					"scale": 0.9
				},
				"body": {
					"position": [-2.5, -9.25, 4.25]
				},
				"head": {
					"rotation": ["4.8304+2*math.sin(q.anim_time*90*1+90)", -1.29256, -5.05452],
					"position": [-0.75, "0.1*math.sin(q.anim_time*90*1+50)", -0.5]
				},
				"ear_right": {
					"rotation": [0, 0, "-(3*math.sin(q.anim_time*90*2))"]
				},
				"ear_left": {
					"rotation": [0, 0, "NaN-3*math.sin(q.anim_time*90*2-20)"]
				},
				"torso_top": {
					"rotation": [2.5, 0, -5]
				},
				"arm_right": {
					"rotation": [-12.26153, -64.02501, -61.16794],
					"position": [0, -1.25, 0]
				},
				"arm_right2": {
					"rotation": [0, 0, -67.5]
				},
				"arm_right3": {
					"rotation": [0, 0, 52.5]
				},
				"arm_left": {
					"rotation": [28.07007, 64.00749, 28.2432]
				},
				"arm_left2": {
					"rotation": [-1.59176, 32.46527, -2.96346]
				},
				"arm_left3": {
					"rotation": [0, 0, -7.5]
				},
				"ruff_front": {
					"rotation": [15, 0, 0]
				},
				"ruff_right": {
					"rotation": [0, 0, "-25+5*math.sin(q.anim_time*90*2-50)"]
				},
				"ruff_left": {
					"rotation": [0, 0, 7.43745]
				},
				"torso_bottom": {
					"rotation": [11.93845, 3.73171, "-17.1097+2*math.sin(q.anim_time*90*1+20)"]
				},
				"torso_bottom2": {
					"rotation": [12.5, 0, "-0.0002+2*math.sin(q.anim_time*90*1-60)"]
				},
				"player": {
					"position": [-6, -24, 0]
				},
				"ruff_back": {
					"rotation": ["-27.5-5*math.sin(q.anim_time*90*2-50)", 0, 0]
				},
				"tail_right": {
					"rotation": ["-8.3382+5*math.sin(q.anim_time*90*2)", -10.28736, -0.98256]
				},
				"tail_left": {
					"rotation": ["-35.0167+5*math.sin(q.anim_time*90*2-50)", 10.2874, 0.9826]
				}
			}
		}
	}
}