{
	"format_version": "1.8.0",
	"animations": {
		"animation.rotom_frost.ground_idle": {
			"loop": true,
			"bones": {
				"body": {
					"rotation": [2.5, 0, 0],
					"position": [0, 2, 0]
				},
				"arm_left": {
					"rotation": [0, 0, 15]
				},
				"arm_left2": {
					"rotation": [0, 0, -25]
				},
				"arm_right": {
					"rotation": [0, 0, -15]
				},
				"arm_right2": {
					"rotation": [0, 0, 25]
				},
				"door_right_outline": {
					"scale": 0.5
				},
				"door_left_outline": {
					"scale": 0.5
				}
			}
		},
		"animation.rotom_frost.blink": {
			"animation_length": 0.1667,
			"bones": {
				"eyelid_left": {
					"position": {
						"0.0": [0, 0, -0.1],
						"0.125": [0, 0, -0.1],
						"0.1667": [0, 0, 0]
					}
				},
				"eyelid_right": {
					"position": {
						"0.0": [0, 0, -0.1],
						"0.125": [0, 0, -0.1],
						"0.1667": [0, 0, 0]
					}
				}
			}
		},
		"animation.rotom_frost.open_example": {
			"animation_length": 1.5,
			"bones": {
				"door_left": {
					"rotation": {
						"0.0": [0, -112.5, 0],
						"1.0": [0, 0, 0]
					}
				},
				"door_left_outline": {
					"scale": {
						"0.0": [1, 1, 1],
						"0.9583": [1, 1, 1],
						"1.0": [0.5, 0.5, 0.5]
					}
				},
				"door_right": {
					"rotation": {
						"0.0": [0, 112.5, 0],
						"1.0": [0, 0, 0]
					}
				},
				"door_right_outline": {
					"scale": {
						"0.0": [1, 1, 1],
						"0.9583": [1, 1, 1],
						"1.0": [0.5, 0.5, 0.5]
					}
				}
			}
		},
		"animation.rotom_frost.cry": {
			"animation_length": 3,
			"sound_effects": {
				"0.0": {
					"effect": "pokemon.rotom_frost.cry"
				}
			}
		}
	}
}