{
	"format_version": "1.8.0",
	"animations": {
		"animation.rotom_heat.ground_idle": {
			"loop": true,
			"bones": {
				"body": {
					"rotation": [5, 0, 0],
					"position": [0, 2, 0]
				},
				"mouth_closed": {
					"position": [0, 0, 0.1]
				},
				"mouth_open": {
					"position": [0, 0, -0.1]
				},
				"arm_left": {
					"rotation": [0, 7.5, 10]
				},
				"arm_left2": {
					"rotation": [0, 12.5, -17.5]
				},
				"hand_left": {
					"rotation": [0, 17.5, -12.5]
				},
				"arm_right": {
					"rotation": [0, -7.5, -10]
				},
				"arm_right2": {
					"rotation": [0, -12.5, 17.5]
				},
				"hand_right": {
					"rotation": [0, -17.5, 12.5]
				},
				"door_outline": {
					"scale": 0.5
				}
			}
		},
		"animation.rotom_heat.blink": {
			"animation_length": 0.1667,
			"bones": {
				"eyelid_left": {
					"position": {
						"0.0": [0, 0, -0.1],
						"0.125": [0, 0, -0.1],
						"0.1667": [0, 0, 0]
					}
				},
				"eyelid_right": {
					"position": {
						"0.0": [0, 0, -0.1],
						"0.125": [0, 0, -0.1],
						"0.1667": [0, 0, 0]
					}
				}
			}
		},
		"animation.rotom_heat.open_example": {
			"animation_length": 1.5,
			"bones": {
				"door": {
					"rotation": {
						"0.0": [90, 0, 0],
						"1.0": [0, 0, 0]
					}
				},
				"door_outline": {
					"scale": {
						"0.0": [1, 1, 1],
						"0.9583": [1, 1, 1],
						"1.0": [0.5, 0.5, 0.5]
					}
				}
			}
		},
		"animation.rotom_heat.cry": {
			"animation_length": 3,
			"sound_effects": {
				"0.0": {
					"effect": "pokemon.rotom_heat.cry"
				}
			}
		}
	}
}