{
	"format_version": "1.8.0",
	"animations": {
		"animation.audino_grox.ground_idle": {
			"loop": true,
			"animation_length": 2,
			"bones": {
				"torso": {
					"rotation": {
						"0.0": [0, 5, 0],
						"1.0": [0, -5, 0],
						"2.0": [0, 5, 0]
					},
					"position": {
						"0.0": [0, 0.25, 0],
						"0.5": [0, 0, 0],
						"1.0": [0, 0.21, 0],
						"1.5": [0, -0.08, 0],
						"2.0": [0, 0.25, 0]
					}
				},
				"head": {
					"rotation": {
						"0.0": [0, 0, 5],
						"0.5": [0, 0, 2.5],
						"1.0": [0, 0, -5],
						"1.5": [0, 0, -2.5],
						"2.0": [0, 0, 5]
					},
					"position": {
						"0.0": [0, -0.25, 0],
						"2.0": [0, -0.25, 0]
					}
				},
				"right_ear": {
					"rotation": {
						"0.0": [0, 0, 1],
						"1.0": [0, 0, -2.5],
						"2.0": [0, 0, 1]
					}
				},
				"right_tendril": {
					"rotation": {
						"0.0": [0, 0, 17.5],
						"1.0": [0, 0, 7.5],
						"1.5": [0, 0, 10],
						"2.0": [0, 0, 17.5]
					}
				},
				"left_ear": {
					"rotation": {
						"0.0": [0, 0, 1],
						"1.0": [0, 0, -2.5],
						"2.0": [0, 0, 1]
					}
				},
				"left_tendril": {
					"rotation": {
						"0.0": [0, 0, -5],
						"0.5": [0, 0, -8.75],
						"1.0": [0, 0, -15],
						"2.0": [0, 0, -5]
					}
				},
				"right_arm": {
					"rotation": {
						"0.0": [0.98448, -7.43547, -15.06397],
						"0.5": [4.29132, -12.95856, -28.22461],
						"1.0": [5.27069, -19.12906, -31.13855],
						"1.5": [4.29132, -12.95856, -28.22461],
						"2.0": [0.98448, -7.43547, -15.06397]
					}
				},
				"right_pointer_finger": {
					"rotation": {
						"0.0": [0, 0, 0],
						"2.0": [0, 0, 0]
					}
				},
				"left_arm": {
					"rotation": {
						"0.0": [2.53183, 12.24198, 27.7859],
						"0.5": [2.29293, 9.70486, 27.72492],
						"1.0": [0.32902, 7.49282, 17.52154],
						"1.5": [2.71769, 9.59556, 30.25839],
						"2.0": [2.53183, 12.24198, 27.7859]
					}
				},
				"tail": {
					"rotation": {
						"0.0": [-7.49294, 0.32621, 2.47864],
						"0.5": [-7.48848, 2.3159, -1.56512],
						"1.0": [-7.47178, -0.65182, -4.95744],
						"1.5": [-7.49034, -2.6415, -0.9136],
						"2.0": [-7.49294, 0.32621, 2.47864]
					}
				}
			}
		},
		"animation.audino_grox.battle_idle": {
			"loop": true,
			"animation_length": 2,
			"bones": {
				"torso": {
					"position": {
						"0.0": [0, 0.25, 0],
						"0.5": [0, 0, 0],
						"1.0": [0, 0.25, 0],
						"1.5": [0, 0, 0],
						"2.0": [0, 0.25, 0]
					}
				},
				"head": {
					"rotation": {
						"0.0": [0, 0, 0],
						"0.5": [2.5, 0, 0],
						"1.0": [0, 0, 0],
						"1.5": [2.5, 0, 0],
						"2.0": [0, 0, 0]
					},
					"position": {
						"0.0": [0, 0, 0],
						"0.5": [0, -0.1, 0],
						"1.0": [0, 0, 0],
						"1.5": [0, -0.1, 0],
						"2.0": [0, 0, 0]
					}
				},
				"right_ear": {
					"rotation": {
						"0.0": [0, 0, -2.5],
						"0.5": [0, 0, 5],
						"1.0": [0, 0, -2.5],
						"1.5": [0, 0, 5],
						"2.0": [0, 0, -2.5]
					}
				},
				"right_tendril": {
					"rotation": {
						"0.0": [0, 0, 5],
						"0.3333": [0, 0, 2.5],
						"0.8333": [0, 0, 7],
						"1.3333": [0, 0, 1.5],
						"1.8333": [0, 0, 9.13],
						"2.0": [0, 0, 5]
					}
				},
				"left_ear": {
					"rotation": {
						"0.0": [0, 0, 2.5],
						"0.5": [0, 0, -5],
						"1.0": [0, 0, 2.5],
						"1.5": [0, 0, -5],
						"2.0": [0, 0, 2.5]
					}
				},
				"left_tendril": {
					"rotation": {
						"0.0": [0, 0, -5],
						"0.3333": [0, 0, -2.5],
						"0.8333": [0, 0, -7],
						"1.3333": [0, 0, -1.5],
						"1.8333": [0, 0, -9.12],
						"2.0": [0, 0, -5]
					}
				},
				"right_arm": {
					"rotation": {
						"0.0": [0, -10, -25],
						"0.5": [-0.88045, -9.96156, -19.92327],
						"1.0": [0.29351, -9.98719, -26.69238],
						"1.5": [-0.73371, -9.96796, -20.76937],
						"2.0": [0, -10, -25]
					}
				},
				"right_elbow": {
					"rotation": {
						"0.0": [0, -10, 0],
						"2.0": [0, -10, 0]
					}
				},
				"right_pointer_finger": {
					"rotation": {
						"0.0": [0, 0, -5],
						"0.5": [0, 0, -10],
						"1.0": [0, 0, -14.39],
						"1.5": [0, 0, -7.82],
						"2.0": [0, 0, -5]
					}
				},
				"right_middle_finger": {
					"rotation": {
						"0.0": [0, 0, -10],
						"0.5": [0, 0, -15],
						"1.0": [0, 0, -9.39],
						"1.5": [0, 0, -4.49],
						"2.0": [0, 0, -10]
					}
				},
				"right_pinky_finger": {
					"rotation": {
						"0.0": [0, 0, -15],
						"0.5": [0, 0, -10],
						"1.0": [0, 0, -5.61],
						"1.5": [0, 0, -12.17],
						"2.0": [0, 0, -15]
					}
				},
				"left_arm": {
					"rotation": {
						"0.0": [0, 10, 25],
						"0.5": [-0.88045, 9.96156, 19.92327],
						"1.0": [0.29351, 9.98719, 26.69238],
						"1.5": [-0.73371, 9.96796, 20.76937],
						"2.0": [0, 10, 25]
					}
				},
				"left_elbow": {
					"rotation": {
						"0.0": [0, 10, 0],
						"2.0": [0, 10, 0]
					}
				},
				"left_pointer_finger": {
					"rotation": {
						"0.0": [0, 0, 5],
						"0.5": [0, 0, 10],
						"1.0": [0, 0, 14.39],
						"1.5": [0, 0, 7.83],
						"2.0": [0, 0, 5]
					}
				},
				"left_middle_finger": {
					"rotation": {
						"0.0": [0, 0, 10],
						"0.5": [0, 0, 15],
						"1.0": [0, 0, 9.39],
						"1.5": [0, 0, 4.49],
						"2.0": [0, 0, 10]
					}
				},
				"left_pinky_finger": {
					"rotation": {
						"0.0": [0, 0, 15],
						"0.5": [0, 0, 10],
						"1.0": [0, 0, 5.61],
						"1.5": [0, 0, 12.17],
						"2.0": [0, 0, 15]
					}
				},
				"tail": {
					"rotation": {
						"0.0": [-7.52497, 5.28339, 9.32465],
						"0.5": [-7.20832, -7.21025, -9.23223],
						"1.0": [-7.52497, 5.28339, 9.32465],
						"1.5": [-7.20832, -7.21025, -9.23223],
						"2.0": [-7.52497, 5.28339, 9.32465]
					}
				}
			}
		},
		"animation.audino_grox.blink": {
			"animation_length": 0.1667,
			"bones": {
				"right_eyelid": {
					"position": {
						"0.0": [0, 0, -0.25],
						"0.1667": [0, 0, -0.25]
					}
				},
				"left_eyelid": {
					"position": {
						"0.0": [0, 0, -0.25],
						"0.1667": [0, 0, -0.25]
					}
				}
			}
		},
		"animation.audino_grox.ground_walk": {
			"loop": true,
			"animation_length": 2,
			"bones": {
				"torso": {
					"rotation": {
						"0.0": [0, -5, 0],
						"1.0": [0, 5, 0],
						"2.0": [0, -5, 0]
					},
					"position": {
						"0.0": [0, 0.25, 0],
						"0.5": [0, 0, 0],
						"1.0": [0, 0.25, 0],
						"1.5": [0, 0, 0],
						"2.0": [0, 0.25, 0]
					}
				},
				"head": {
					"rotation": {
						"0.0": [0, 2.5, 0],
						"0.5": [0, 0, -2.5],
						"1.0": [0, -2.5, 0],
						"1.5": [0, 0, 2.5],
						"2.0": [0, 2.5, 0]
					},
					"position": {
						"0.0": [0, 0, 0],
						"0.5": [0, -0.25, 0],
						"1.0": [0, 0, 0],
						"1.5": [0, -0.5, 0],
						"2.0": [0, 0, 0]
					}
				},
				"right_ear": {
					"rotation": {
						"0.0": [0, 0, 0],
						"0.5": [0, 0, 5],
						"1.0": [0, 0, 0],
						"1.5": [0, 0, 5],
						"2.0": [0, 0, 0]
					}
				},
				"left_ear": {
					"rotation": {
						"0.0": [0, 0, 0],
						"0.5": [0, 0, -5],
						"1.0": [0, 0, 0],
						"1.5": [0, 0, -5],
						"2.0": [0, 0, 0]
					}
				},
				"right_arm": {
					"rotation": {
						"0.0": [0, 0, -25],
						"1.0": [0, -22.5, -25],
						"2.0": [0, 0, -25]
					}
				},
				"right_elbow": {
					"rotation": {
						"0.0": [0, -15, 0],
						"2.0": [0, -15, 0]
					}
				},
				"left_arm": {
					"rotation": {
						"0.0": [0, 17.5, 25],
						"1.0": [0, -5, 25],
						"2.0": [0, 17.5, 25]
					}
				},
				"left_elbow": {
					"rotation": {
						"0.0": [0, 15, 0],
						"2.0": [0, 15, 0]
					}
				},
				"tail": {
					"rotation": {
						"0.0": [-6.96579, 8.11205, 4.67458],
						"1.0": [-6.98368, -7.78619, -4.69279],
						"2.0": [-6.96579, 8.11205, 4.67458]
					}
				},
				"right_leg": {
					"rotation": {
						"0.0": [-10, 0, 0],
						"1.0": [7.5, 0, 0],
						"1.25": [-7.04, 0, 0],
						"1.75": [-11.51, 0, 0],
						"2.0": [-10, 0, 0]
					},
					"position": {
						"0.0": [0.2, -0.25, -1.5],
						"1.0": [0.2, 0, 0.75],
						"2.0": [0.2, -0.25, -1.5]
					}
				},
				"right_knee": {
					"rotation": {
						"0.0": [7.5, 0, 0],
						"1.0": [0, 0, 0],
						"1.25": [11.64, 0, 0],
						"1.75": [11.38, 0, 0],
						"2.0": [7.5, 0, 0]
					}
				},
				"right_foot": {
					"rotation": {
						"0.0": [2.5, 0, 0],
						"1.0": [-5, 0, 0],
						"1.75": [-4.37, 0, 0],
						"2.0": [2.5, 0, 0]
					},
					"position": {
						"0.0": [0, 0.1, 0],
						"2.0": [0, 0.1, 0]
					}
				},
				"left_leg": {
					"rotation": {
						"0.0": [7.5, 0, 0],
						"0.25": [-6.87, 0, 0],
						"0.75": [-11.46, 0, 0],
						"1.0": [-10, 0, 0],
						"2.0": [7.5, 0, 0]
					},
					"position": {
						"0.0": [-0.2, 0, 0.75],
						"1.0": [-0.2, -0.25, -1.5],
						"2.0": [-0.2, 0, 0.75]
					}
				},
				"left_knee": {
					"rotation": {
						"0.0": [0, 0, 0],
						"0.25": [11.88, 0, 0],
						"0.75": [11.46, 0, 0],
						"1.0": [7.5, 0, 0],
						"2.0": [0, 0, 0]
					}
				},
				"left_foot": {
					"rotation": {
						"0.0": [-5, 0, 0],
						"0.75": [-4.37, 0, 0],
						"1.0": [2.5, 0, 0],
						"2.0": [-5, 0, 0]
					},
					"position": {
						"0.0": [0, 0, 0],
						"1.0": [0, 0.1, 0],
						"2.0": [0, 0, 0]
					}
				}
			}
		}
	}
}