{
  "format_version": "1.8.0",
  "animations": {
    "animation.skiploom.blink": {
      "animation_length": 0.1667,
      "bones": {
        "eye_left": {
          "position": {
            "0.0": [0, 0, 0.1],
            "0.1667": {
              "pre": [0, 0, 0.1],
              "post": [0, 0, 0]
            }
          }
        },
        "eye_right": {
          "position": {
            "0.0": [0, 0, 0.2],
            "0.1667": {
              "pre": [0, 0, 0.2],
              "post": [0, 0, 0]
            }
          }
        },
        "eyelid_left": {
          "position": {
            "0.0": [0, 0, -0.2],
            "0.1667": {
              "pre": [0, 0, -0.2],
              "post": [0, 0, 0]
            }
          }
        },
        "eyelid_right": {
          "position": {
            "0.0": [0, 0, -0.3],
            "0.1667": {
              "pre": [0, 0, -0.3],
              "post": [0, 0, 0]
            }
          }
        }
      }
    },
    "animation.skiploom.ground_idle": {
      "loop": true,
      "bones": {
        "body": {
          "position": [0, -1, 0]
        },
        "leg_left": {
          "rotation": [-90, 0, 0]
        },
        "leg_right": {
          "rotation": [-90, 0, 0]
        },
        "head": {
          "rotation": [
            "-17.5+math.sin(query.anim_time*90*4)*2",
            "math.sin(query.anim_time*90*2)",
            "math.sin(query.anim_time*90*2)*1.5"
          ]
        },
        "tail": {
          "rotation": [
            "-25-math.sin(query.anim_time*90*4+90)*3",
            "-math.sin(query.anim_time*90*2+90)*3",
            "-math.sin(query.anim_time*90*2+90)*3"
          ],
          "position": [0, 0.25, -0.25]
        },
        "tail2": {
          "rotation": ["27.5+math.sin(query.anim_time*90*4+180)*4", 0, 0]
        },
        "arm_right": {
          "rotation": [
            "50.1217-math.sin(query.anim_time*90*4+90)*4",
            "-1.7349+NaN-math.sin(query.anim_time*90*2+90)*3",
            -1.80423
          ],
          "position": [0, 0, 0.6]
        },
        "arm_left": {
          "rotation": [
            "49.9331-math.sin(query.anim_time*90*4+90)*4",
            "1.7378-math.sin(query.anim_time*90*2+90)*3",
            1.79851
          ],
          "position": [0, 0, 0.6]
        },
        "ear_right": {
          "rotation": [0, 0, "-17.5+math.sin(query.anim_time*90*4+90)*2"]
        },
        "ear_right2": {
          "rotation": [0, 0, "20-math.sin(query.anim_time*90*4+180)*4"]
        },
        "ear_left": {
          "rotation": [0, 0, "17.5-math.sin(query.anim_time*90*4+90)*2"]
        },
        "ear_left2": {
          "rotation": [0, 0, "-20+math.sin(query.anim_time*90*4+180)*4"]
        },
        "petal_northeast": {
          "rotation": [0, 0, 5]
        },
        "petal_northeast2": {
          "rotation": [0, 0, -2.5]
        },
        "petal_northwest": {
          "rotation": [0, 0, -10]
        },
        "petal_northwest2": {
          "rotation": [0, 0, 5]
        },
        "petal_southeast": {
          "rotation": [0, 0, 5]
        },
        "petal_southeast2": {
          "rotation": [0, 0, -2.5]
        },
        "petal_southwest": {
          "rotation": [0, 0, -5]
        },
        "petal_southwest2": {
          "rotation": [0, 0, 2.5]
        },
        "petal_east": {
          "rotation": [0, 0, 10]
        },
        "petal_east2": {
          "rotation": [0, 0, -5]
        },
        "petal_west": {
          "rotation": [0, 0, -10]
        },
        "petal_west2": {
          "rotation": [0, 0, 7.5]
        },
        "petal_south": {
          "rotation": [10, 0, 0]
        },
        "petal_south2": {
          "rotation": [-5, 0, 0]
        },
        "petal_north": {
          "rotation": [-10, 0, 0]
        },
        "petal_north2": {
          "rotation": [5, 0, 0]
        }
      }
    },
    "animation.skiploom.air_idle": {
      "loop": true,
      "animation_length": 2,
      "bones": {
        "propeller_left": {
          "rotation": [0, -2.5, "22.5+math.sin(q.anim_time*90*2+90)*-5"]
        },
        "propeller_left2": {
          "rotation": [0, -2.5, 25]
        },
        "propeller_left3": {
          "rotation": [0, -5, "22.5+math.sin(q.anim_time*90*2+180)*-5"]
        },
        "propeller_left4": {
          "rotation": [0, -7.5, "7.5+math.sin(q.anim_time*90*2+270)*-5"]
        },
        "propeller_left5": {
          "rotation": [0, -7.5, "20+math.sin(q.anim_time*90*2+360)*-5"]
        },
        "propeller_right": {
          "rotation": [0, 2.5, "-22.5-math.sin(q.anim_time*90*2+90)*-5"]
        },
        "propeller_right2": {
          "rotation": [0, 2.5, -25]
        },
        "propeller_right3": {
          "rotation": [0, -5, "-22.5-math.sin(q.anim_time*90*2+180)*-5"]
        },
        "propeller_right4": {
          "rotation": [0, -7.5, "-7.5-math.sin(q.anim_time*90*2+270)*-5"]
        },
        "propeller_right5": {
          "rotation": [0, -7.5, "-20-math.sin(q.anim_time*90*2+360)*-5"]
        },
        "body": {
          "rotation": [0, 0, "-math.sin(query.anim_time*90*2+90)*-2.5"],
          "position": [
            "math.sin(q.anim_time*90*2+45)",
            "math.sin(q.anim_time*90*2)",
            0
          ]
        },
        "leg_left": {
          "rotation": [
            "-2.5+math.sin(query.anim_time*90*2+180)*-5",
            0,
            "math.sin(query.anim_time*90*2+180)+3"
          ]
        },
        "leg_right": {
          "rotation": [
            "-2.5+math.sin(query.anim_time*90*2+180)*-5",
            0,
            "-math.sin(query.anim_time*90*2+180)-3"
          ]
        },
        "tail": {
          "rotation": [
            "-20-math.sin(query.anim_time*90*2-90)*-10",
            "math.sin(query.anim_time*90*2+90)*-5",
            0
          ],
          "position": [0, 0, -0.5]
        },
        "tail2": {
          "rotation": ["35-math.sin(query.anim_time*90*2-180)*-5", 0, 0]
        },
        "arm_right": {
          "rotation": [
            0,
            "-math.sin(query.anim_time*90*2+180)-30",
            "-22.5+math.sin(query.anim_time*90*2+90)*-10"
          ],
          "position": [0.25, 0.25, 0.25]
        },
        "arm_left": {
          "rotation": [
            0,
            "math.sin(query.anim_time*90*2+180)+30",
            "22.5-math.sin(query.anim_time*90*2+90)*-10"
          ],
          "position": [-0.25, 0.25, 0.25]
        },
        "ear_right": {
          "rotation": [
            -0.46174,
            "-0.0667-(math.sin(query.anim_time*90*2+180)-0.9536)",
            "-10.0011-math.sin(query.anim_time*90*2+90)*6"
          ]
        },
        "ear_right2": {
          "rotation": [0, 0, "10+math.sin(query.anim_time*90*2+180)*5"]
        },
        "ear_left": {
          "rotation": [
            -0.46174,
            "math.sin(query.anim_time*90*2+180)-0.8869",
            "10.0011+math.sin(query.anim_time*90*2+90)*6"
          ]
        },
        "ear_left2": {
          "rotation": [0, 0, "-10-math.sin(query.anim_time*90*2+180)*5"]
        },
        "propeller": {
          "rotation": [0, "q.anim_time*90*4", 0]
        }
      }
    },
    "animation.skiploom.air_fly": {
      "loop": true,
      "animation_length": 4,
      "override_previous_animation": true,
      "bones": {
        "propeller_left": {
          "rotation": [0, -2.5, "32.5+math.sin(q.anim_time*90*8+90)*-5"]
        },
        "propeller_left2": {
          "rotation": [0, -2.5, 22.5]
        },
        "propeller_left3": {
          "rotation": [0, -5, "25+math.sin(q.anim_time*90*8+180)*-5"]
        },
        "propeller_left4": {
          "rotation": [0, -7.5, "12.5+math.sin(q.anim_time*90*8+270)*-5"]
        },
        "propeller_left5": {
          "rotation": [0, -7.5, "7.5+math.sin(q.anim_time*90*8+360)*-5"]
        },
        "propeller_right": {
          "rotation": [0, -2.5, "-32.5-math.sin(q.anim_time*90*8+90)*-5"]
        },
        "propeller_right2": {
          "rotation": [0, -2.5, -22.5]
        },
        "propeller_right3": {
          "rotation": [0, -5, "-25-math.sin(q.anim_time*90*8+180)*-5"]
        },
        "propeller_right4": {
          "rotation": [0, -7.5, "-12.5-math.sin(q.anim_time*90*8+270)*-5"]
        },
        "propeller_right5": {
          "rotation": [0, -7.5, "-7.5-math.sin(q.anim_time*90*8+360)*-5"]
        },
        "body": {
          "rotation": [
            "math.sin(query.anim_time*90*2+30)+12.5",
            "math.sin(query.anim_time*90*4-90)",
            0
          ],
          "position": [
            0,
            "math.sin(q.anim_time*90*4)",
            "math.sin(q.anim_time*90*4+90) "
          ]
        },
        "leg_left": {
          "rotation": [
            "32.5-math.sin(query.anim_time*90*4+180)*-7.5",
            "math.sin(query.anim_time*90*4+90)+22.5",
            "math.sin(query.anim_time*90*4+180)+25"
          ]
        },
        "leg_right": {
          "rotation": [
            "32.5-math.sin(query.anim_time*90*4+180)*-7.5",
            "-math.sin(query.anim_time*90*4+90)-22.5",
            "-math.sin(query.anim_time*90*4+180)-25"
          ]
        },
        "tail": {
          "rotation": ["-25+math.sin(query.anim_time*90*4-90)*-5", 0, 0],
          "position": [0, 0, -0.35]
        },
        "tail2": {
          "rotation": ["15+math.sin(query.anim_time*90*4-180)+20", 0, 0]
        },
        "arm_right": {
          "rotation": [
            0,
            "32.5-math.sin(query.anim_time*90*4-90)*-7.5",
            "-20-math.sin(query.anim_time*90*4+90)*-2.5"
          ]
        },
        "arm_left": {
          "rotation": [
            0,
            "-32.5+math.sin(query.anim_time*90*4-90)*-7.5",
            "20+math.sin(query.anim_time*90*4+90)*-2.5"
          ]
        },
        "ear_right": {
          "rotation": [
            "-13.7418-math.sin(query.anim_time*90*4+180)*-5",
            "6.1115+math.sin(query.anim_time*90*4+180)*-5",
            -14.47138
          ],
          "position": [0, -0.75, 0]
        },
        "ear_right2": {
          "rotation": [0, 0, "15+math.sin(query.anim_time*90*4+270)*8"]
        },
        "ear_left": {
          "rotation": [
            "-13.7418-math.sin(query.anim_time*90*4+180)*-5",
            "-6.1115-math.sin(query.anim_time*90*4+180)*-5",
            14.47138
          ],
          "position": [0, -0.75, 0]
        },
        "ear_left2": {
          "rotation": [0, 0, "-15-math.sin(query.anim_time*90*4+270)*8"]
        },
        "propeller": {
          "rotation": [0, "q.anim_time*90*8", 0]
        }
      }
    },
    "animation.skiploom.ground_walk": {
      "loop": true,
      "animation_length": 2,
      "bones": {
        "torso": {
          "rotation": ["math.sin(query.anim_time*90*2+215)*8", 0, 0],
          "position": [0, -0.5, 0]
        },
        "propeller_left": {
          "rotation": [0, 2.5, 25]
        },
        "propeller_left2": {
          "rotation": [0, 5, 20]
        },
        "propeller_left3": {
          "rotation": [0, 7.5, 12.5]
        },
        "propeller_left4": {
          "rotation": [0, 10, 10]
        },
        "propeller_left5": {
          "rotation": [0, 12.5, 7.5]
        },
        "propeller_right": {
          "rotation": [0, 5, -25]
        },
        "propeller_right2": {
          "rotation": [0, 5, -20]
        },
        "propeller_right3": {
          "rotation": [0, 7.5, -12.5]
        },
        "propeller_right4": {
          "rotation": [0, 10, -10]
        },
        "propeller_right5": {
          "rotation": [0, 12.5, -7.5]
        },
        "body": {
          "rotation": {
            "0.0": {
              "post": [0, 0, 0],
              "lerp_mode": "catmullrom"
            },
            "0.7083": {
              "post": [2.5, 0, 0],
              "lerp_mode": "catmullrom"
            },
            "1.0417": {
              "post": [-5, 0, 0],
              "lerp_mode": "catmullrom"
            },
            "1.5": {
              "post": [0, 0, 0],
              "lerp_mode": "catmullrom"
            },
            "1.7083": {
              "post": [2, 0, 0],
              "lerp_mode": "catmullrom"
            },
            "2.0": {
              "post": [0, 0, 0],
              "lerp_mode": "catmullrom"
            }
          },
          "position": {
            "0.0": {
              "post": [0, -1, 0],
              "lerp_mode": "catmullrom"
            },
            "0.375": {
              "post": [0, -1, 8],
              "lerp_mode": "catmullrom"
            },
            "0.5": {
              "post": [0, -1, 7.25],
              "lerp_mode": "catmullrom"
            },
            "0.7083": {
              "post": [0, 1.26, 1.94],
              "lerp_mode": "catmullrom"
            },
            "1.0": {
              "post": [0, 2, -4],
              "lerp_mode": "catmullrom"
            },
            "1.25": {
              "post": [0, 0.69, -8.12],
              "lerp_mode": "catmullrom"
            },
            "1.5": {
              "post": [0, -1, -9],
              "lerp_mode": "catmullrom"
            },
            "2.0": {
              "post": [0, -1, 0],
              "lerp_mode": "catmullrom"
            }
          }
        },
        "leg_left": {
          "rotation": {
            "0.0": {
              "post": [-90, -12.5, 0],
              "lerp_mode": "catmullrom"
            },
            "0.5": {
              "post": [-90, -7.5, 0],
              "lerp_mode": "catmullrom"
            },
            "0.7083": {
              "post": [-62.45277, 1.78848, 2.61293],
              "lerp_mode": "catmullrom"
            },
            "1.0": {
              "post": [-62.41043, 4.43385, 2.31336],
              "lerp_mode": "catmullrom"
            },
            "1.5": {
              "post": [-90, -20, 0],
              "lerp_mode": "catmullrom"
            },
            "2.0": {
              "post": [-90, -12.5, 0],
              "lerp_mode": "catmullrom"
            }
          },
          "position": {
            "0.0": {
              "post": [0, 0, 0],
              "lerp_mode": "catmullrom"
            },
            "0.5": {
              "post": [0, -0.1, 0],
              "lerp_mode": "catmullrom"
            },
            "1.0": {
              "post": [0, -0.5, 0],
              "lerp_mode": "catmullrom"
            },
            "1.5": {
              "post": [0, 0, 0],
              "lerp_mode": "catmullrom"
            },
            "2.0": {
              "post": [0, 0, 0],
              "lerp_mode": "catmullrom"
            }
          }
        },
        "leg_right": {
          "rotation": {
            "0.0": {
              "post": [-90, 12.5, 0],
              "lerp_mode": "catmullrom"
            },
            "0.5": {
              "post": [-90, 7.5, 0],
              "lerp_mode": "catmullrom"
            },
            "0.7083": {
              "post": [-62.45277, -1.78848, -2.61293],
              "lerp_mode": "catmullrom"
            },
            "1.0": {
              "post": [-62.41043, -4.43385, -2.31336],
              "lerp_mode": "catmullrom"
            },
            "1.5": {
              "post": [-90, 20, 0],
              "lerp_mode": "catmullrom"
            },
            "2.0": {
              "post": [-90, 12.5, 0],
              "lerp_mode": "catmullrom"
            }
          },
          "position": {
            "0.0": {
              "post": [0, 0, 0],
              "lerp_mode": "catmullrom"
            },
            "0.5": {
              "post": [0, -0.1, 0],
              "lerp_mode": "catmullrom"
            },
            "1.0": {
              "post": [0, -0.5, 0],
              "lerp_mode": "catmullrom"
            },
            "1.5": {
              "post": [0, 0, 0],
              "lerp_mode": "catmullrom"
            },
            "2.0": {
              "post": [0, 0, 0],
              "lerp_mode": "catmullrom"
            }
          }
        },
        "tail": {
          "rotation": ["-17.5+math.sin(query.anim_time*90*2+135)*13", 0, 0]
        },
        "tail2": {
          "rotation": ["27.5-math.sin(query.anim_time*90*2+215)*13", 0, 0]
        },
        "arm_right": {
          "rotation": [
            "math.sin(query.anim_time*90*2+165)*7",
            "27.5+math.sin(query.anim_time*90*2+165)*20",
            "-(math.sin(query.anim_time*90*2+135)*14)"
          ],
          "position": [0.5, 0, 0.25]
        },
        "arm_left": {
          "rotation": [
            "math.sin(query.anim_time*90*2+135)*7",
            "-27.5+math.sin(query.anim_time*90*2+135)*20",
            "math.sin(query.anim_time*90*2+135)*14"
          ],
          "position": [-0.5, 0, 0.25]
        },
        "ear_right": {
          "rotation": [
            "-0.0887+math.sin(query.anim_time*90*2+135)*9",
            "1.38-math.sin(query.anim_time*90*2+135)*0.5",
            "-12.424-math.sin(query.anim_time*90*2+90)*8"
          ],
          "position": [0, -0.25, 0]
        },
        "ear_right2": {
          "rotation": [0, 0, "12.5+math.sin(query.anim_time*90*2+135)*9"]
        },
        "ear_left": {
          "rotation": [
            "-0.0887+math.sin(query.anim_time*90*2+135)*9",
            "-1.38-math.sin(query.anim_time*90*2+135)*0.5",
            "12.424+math.sin(query.anim_time*90*2+90)*8"
          ],
          "position": [0, -0.25, 0]
        },
        "ear_left2": {
          "rotation": [0, 0, "-12.5-math.sin(query.anim_time*90*2+135)*9"]
        },
        "propeller": {
          "rotation": {
            "0.0": {
              "post": [0, 0, 0],
              "lerp_mode": "catmullrom"
            },
            "0.5417": {
              "post": [0, 0, 0],
              "lerp_mode": "catmullrom"
            },
            "1.125": {
              "post": [0, -540, 0],
              "lerp_mode": "catmullrom"
            },
            "2.0": {
              "post": [0, 0, 0],
              "lerp_mode": "catmullrom"
            }
          }
        }
      }
    }
  }
}
