{
  "format_version": "1.8.0",
  "animations": {
    "animation.gothita.ground_idle": {
      "loop": true,
      "animation_length": 2,
      "bones": {
        "arm_left": {
          "rotation": [
            0,
            "-math.sin(query.anim_time*90*2+90)*5",
            "42.5+math.sin(query.anim_time*90*2+90)*3"
          ]
        },
        "elbow_left": {
          "rotation": [0, 0, "-20-math.sin(query.anim_time*90*2+180)*5"]
        },
        "waist": {
          "rotation": [
            "7.5+math.sin(query.anim_time*90*2)*1",
            "math.sin(query.anim_time*90*2)*3",
            0
          ]
        },
        "chest": {
          "rotation": [0, "-math.sin(query.anim_time*90*2+90)*2", 0]
        },
        "head": {
          "rotation": [
            "-10-math.sin(query.anim_time*90*2+90)*1",
            "math.sin(query.anim_time*90*2+180)*2",
            0
          ],
          "position": [0, -0.25, 0]
        },
        "leg_left": {
          "rotation": [-5, 15, 0]
        },
        "knee_left": {
          "rotation": [5, -5, 0]
        },
        "leg_right": {
          "rotation": [-5, -15, 0]
        },
        "knee_right": {
          "rotation": [5, 5, 0]
        },
        "pupil_right": {
          "position": [0, 0.25, 0]
        },
        "pupil_left": {
          "position": [0, 0.25, 0]
        },
        "pupilshine_left": {
          "position": [0, 0, 0]
        },
        "arm_right": {
          "rotation": [
            0,
            "NaN-math.sin(query.anim_time*90*2+90)*5",
            "-42.5+math.sin(query.anim_time*90*2+90)*3"
          ]
        },
        "elbow_right": {
          "rotation": [0, 0, "20-math.sin(query.anim_time*90*2+180)*5"]
        },
        "bowtie": {
          "rotation": ["-math.sin(query.anim_time*90*2+90)*2", 0, 0]
        }
      }
    },
    "animation.gothita.battle_idle": {
      "loop": true,
      "bones": {
        "body": {
          "rotation": [0, 25, 0]
        },
        "waist": {
          "rotation": ["20+math.sin(query.anim_time*90*2)*2", 0, 0],
          "position": [0, -0.5, 0]
        },
        "bowtie": {
          "rotation": [
            "-1.6575+math.sin(query.anim_time*90*2-90)*2",
            -12.39135,
            7.67995
          ]
        },
        "arm_left": {
          "rotation": [0, 0, "35+math.sin(query.anim_time*90*2+90)*3"]
        },
        "elbow_left": {
          "rotation": [0, 0, "-15+math.sin(query.anim_time*90*2)*3"]
        },
        "arm_right": {
          "rotation": [0, 0, "-35+math.sin(query.anim_time*90*2+90)*3"]
        },
        "elbow_right": {
          "rotation": [0, 0, "15+math.sin(query.anim_time*90*2)*3"]
        },
        "chest": {
          "rotation": ["-5+math.sin(query.anim_time*90*2-90)*3", 0, 0]
        },
        "head": {
          "rotation": [
            "-14.9261+math.sin(query.anim_time*90*2+90)*4",
            -17.26565,
            3.90773
          ]
        },
        "pupil_left": {
          "position": [0.25, 0, 0]
        },
        "hair": {
          "rotation": [
            "math.sin(query.anim_time*90*2-90)*2",
            0,
            "math.sin(query.anim_time*90*2-90)*1.5"
          ]
        },
        "leg_left": {
          "rotation": [-9.71404, 10.27784, 0.74721],
          "position": [0.15, 0, 0]
        },
        "knee_left": {
          "rotation": [10, 0, 0]
        },
        "leg_right": {
          "rotation": [-9.71404, -10.27784, -0.74721],
          "position": [-0.15, 0, 0]
        },
        "knee_right": {
          "rotation": [10, 0, 0]
        }
      }
    },
    "animation.gothita.blink": {
      "animation_length": 0.1667,
      "bones": {
        "eyelid_left": {
          "position": {
            "0.0": [0, 0, -0.1],
            "0.1667": {
              "pre": [0, 0, -0.1],
              "post": [0, 0, 0]
            }
          }
        },
        "eyelid_right": {
          "position": {
            "0.0": [0, 0, -0.1],
            "0.1667": {
              "pre": [0, 0, -0.1],
              "post": [0, 0, 0]
            }
          }
        }
      }
    },
    "animation.gothita.ground_walk": {
      "loop": true,
      "animation_length": 2,
      "bones": {
        "body": {
          "rotation": {
            "0.0": [5, 0, 0],
            "0.0417": [5, 0, 0],
            "0.4583": [5, 0, 0],
            "0.5417": [5, 0, 0],
            "0.9583": [5, 0, 0],
            "1.0417": [5, 0, 0],
            "1.4583": [5, 0, 0],
            "1.5417": [5, 0, 0],
            "1.9583": [5, 0, 0],
            "2.0": [5, 0, 0]
          },
          "position": {
            "0.0": [0, -0.1, 0.1],
            "0.0417": [0, -0.1, 0.2],
            "0.4583": [0, -0.1, 0],
            "0.5417": [0, -0.1, 0.2],
            "0.9583": [0, -0.1, 0],
            "1.0417": [0, -0.1, 0.2],
            "1.4583": [0, -0.1, 0],
            "1.5417": [0, -0.1, 0.2],
            "1.9583": [0, -0.1, 0],
            "2.0": [0, -0.1, 0.1]
          }
        },
        "waist": {
          "rotation": [
            0,
            "-math.sin(query.anim_time*90*4-45)*5",
            "math.sin(query.anim_time*90*4)*2"
          ]
        },
        "bowtie": {
          "rotation": ["15+math.sin(query.anim_time*90*4-90)*4", 0, 0]
        },
        "arm_left": {
          "rotation": [
            "math.sin(query.anim_time*90*4+45)*7",
            "math.sin(query.anim_time*90*4-45)*30",
            30
          ]
        },
        "elbow_left": {
          "rotation": [0, 0, "-7.5-math.sin(query.anim_time*90*4+90)*5"]
        },
        "arm_right": {
          "rotation": [
            "-math.sin(query.anim_time*90*4+45)*7",
            "math.sin(query.anim_time*90*4-45)*30",
            -30
          ]
        },
        "elbow_right": {
          "rotation": [0, 0, "7.5-math.sin(query.anim_time*90*4+90)*5"]
        },
        "head": {
          "rotation": [
            -5,
            "math.sin(query.anim_time*90*4-45)*5",
            "-math.sin(query.anim_time*90*4+45)*3"
          ]
        },
        "hair": {
          "rotation": [0, 0, "-math.sin(query.anim_time*90*4+60)*3"]
        },
        "leg_left": {
          "rotation": {
            "0.0": {
              "post": [-19.66, 0, 0],
              "lerp_mode": "catmullrom"
            },
            "0.0833": {
              "post": [-15, 0, 0],
              "lerp_mode": "catmullrom"
            },
            "0.5": {
              "post": [20, 0, 0],
              "lerp_mode": "catmullrom"
            },
            "0.8333": {
              "post": [-12.5, 0, 0],
              "lerp_mode": "catmullrom"
            },
            "1.0": {
              "post": [-19.66, 0, 0],
              "lerp_mode": "catmullrom"
            },
            "1.0833": {
              "post": [-15, 0, 0],
              "lerp_mode": "catmullrom"
            },
            "1.5": {
              "post": [20, 0, 0],
              "lerp_mode": "catmullrom"
            },
            "1.8333": {
              "post": [-12.5, 0, 0],
              "lerp_mode": "catmullrom"
            },
            "2.0": {
              "post": [-19.66, 0, 0],
              "lerp_mode": "catmullrom"
            }
          },
          "position": {
            "0.0": {
              "post": [0, 0.1, -0.08],
              "lerp_mode": "catmullrom"
            },
            "0.0833": {
              "post": [0, 0, 0.1],
              "lerp_mode": "catmullrom"
            },
            "0.3333": {
              "post": [0, 0, 0.25],
              "lerp_mode": "catmullrom"
            },
            "0.5": {
              "post": [0, 0.5, 0.35],
              "lerp_mode": "catmullrom"
            },
            "0.8333": {
              "post": [0, 0.67, -0.5],
              "lerp_mode": "catmullrom"
            },
            "1.0": {
              "post": [0, 0.1, -0.08],
              "lerp_mode": "catmullrom"
            },
            "1.0833": {
              "post": [0, 0, 0.1],
              "lerp_mode": "catmullrom"
            },
            "1.3333": {
              "post": [0, 0, 0.25],
              "lerp_mode": "catmullrom"
            },
            "1.5": {
              "post": [0, 0.5, 0.35],
              "lerp_mode": "catmullrom"
            },
            "1.8333": {
              "post": [0, 0.67, -0.5],
              "lerp_mode": "catmullrom"
            },
            "2.0": {
              "post": [0, 0.1, -0.08],
              "lerp_mode": "catmullrom"
            }
          }
        },
        "knee_left": {
          "rotation": {
            "0.0": {
              "post": [-5, 0, 0],
              "lerp_mode": "catmullrom"
            },
            "0.5": {
              "post": [15, 0, 0],
              "lerp_mode": "catmullrom"
            },
            "1.0": {
              "post": [-5, 0, 0],
              "lerp_mode": "catmullrom"
            },
            "1.5": {
              "post": [15, 0, 0],
              "lerp_mode": "catmullrom"
            },
            "2.0": {
              "post": [-5, 0, 0],
              "lerp_mode": "catmullrom"
            }
          }
        },
        "leg_right": {
          "rotation": {
            "0.0": {
              "post": [20, 0, 0],
              "lerp_mode": "catmullrom"
            },
            "0.3333": {
              "post": [-12.5, 0, 0],
              "lerp_mode": "catmullrom"
            },
            "0.5": {
              "post": [-19.66, 0, 0],
              "lerp_mode": "catmullrom"
            },
            "0.5833": {
              "post": [-15, 0, 0],
              "lerp_mode": "catmullrom"
            },
            "1.0": {
              "post": [20, 0, 0],
              "lerp_mode": "catmullrom"
            },
            "1.3333": {
              "post": [-12.5, 0, 0],
              "lerp_mode": "catmullrom"
            },
            "1.5": {
              "post": [-19.66, 0, 0],
              "lerp_mode": "catmullrom"
            },
            "1.5833": {
              "post": [-15, 0, 0],
              "lerp_mode": "catmullrom"
            },
            "2.0": {
              "post": [20, 0, 0],
              "lerp_mode": "catmullrom"
            }
          },
          "position": {
            "0.0": {
              "post": [0, 0.5, 0.35],
              "lerp_mode": "catmullrom"
            },
            "0.3333": {
              "post": [0, 0.67, -0.5],
              "lerp_mode": "catmullrom"
            },
            "0.5": {
              "post": [0, 0.1, -0.08],
              "lerp_mode": "catmullrom"
            },
            "0.5833": {
              "post": [0, 0, 0.1],
              "lerp_mode": "catmullrom"
            },
            "0.8333": {
              "post": [0, 0, 0.25],
              "lerp_mode": "catmullrom"
            },
            "1.0": {
              "post": [0, 0.5, 0.35],
              "lerp_mode": "catmullrom"
            },
            "1.3333": {
              "post": [0, 0.67, -0.5],
              "lerp_mode": "catmullrom"
            },
            "1.5": {
              "post": [0, 0.1, -0.08],
              "lerp_mode": "catmullrom"
            },
            "1.5833": {
              "post": [0, 0, 0.1],
              "lerp_mode": "catmullrom"
            },
            "1.8333": {
              "post": [0, 0, 0.25],
              "lerp_mode": "catmullrom"
            },
            "2.0": {
              "post": [0, 0.5, 0.35],
              "lerp_mode": "catmullrom"
            }
          }
        },
        "knee_right": {
          "rotation": {
            "0.0": {
              "post": [15, 0, 0],
              "lerp_mode": "catmullrom"
            },
            "0.5": {
              "post": [-5, 0, 0],
              "lerp_mode": "catmullrom"
            },
            "1.0": {
              "post": [15, 0, 0],
              "lerp_mode": "catmullrom"
            },
            "1.5": {
              "post": [-5, 0, 0],
              "lerp_mode": "catmullrom"
            },
            "2.0": {
              "post": [15, 0, 0],
              "lerp_mode": "catmullrom"
            }
          }
        }
      }
    },
    "animation.gothita.cry": {
      "animation_length": 1.0417,
      "bones": {
        "head": {
          "rotation": {
            "0.0": {
              "post": [0, 0, 0],
              "lerp_mode": "catmullrom"
            },
            "0.0833": {
              "post": [-7.5, 0, 0],
              "lerp_mode": "catmullrom"
            },
            "0.1667": {
              "post": [-2.5, 0, 0],
              "lerp_mode": "catmullrom"
            },
            "0.25": {
              "post": [0, 0, 0],
              "lerp_mode": "catmullrom"
            },
            "0.3333": {
              "post": [-2.5, 0, 0],
              "lerp_mode": "catmullrom"
            },
            "0.4167": {
              "post": [-7.5, 0, 0],
              "lerp_mode": "catmullrom"
            },
            "0.625": {
              "post": [-2.5, 0, 0],
              "lerp_mode": "catmullrom"
            },
            "1.0417": {
              "post": [0, 0, 0],
              "lerp_mode": "catmullrom"
            }
          }
        },
        "hair": {
          "rotation": {
            "0.0": {
              "post": [0, 0, 0],
              "lerp_mode": "catmullrom"
            },
            "0.125": {
              "post": [2.5, 0, 0],
              "lerp_mode": "catmullrom"
            },
            "0.25": {
              "post": [1.25, 0, 0],
              "lerp_mode": "catmullrom"
            },
            "0.3333": {
              "post": [0, 0, 0],
              "lerp_mode": "catmullrom"
            },
            "0.4167": {
              "post": [1.25, 0, 0],
              "lerp_mode": "catmullrom"
            },
            "0.625": {
              "post": [2.5, 0, 0],
              "lerp_mode": "catmullrom"
            },
            "1.0417": {
              "post": [0, 0, 0],
              "lerp_mode": "catmullrom"
            }
          }
        },
        "lip_top": {
          "rotation": {
            "0.0": {
              "post": [0, 0, 0],
              "lerp_mode": "catmullrom"
            },
            "0.0833": {
              "post": [-15, 0, 0],
              "lerp_mode": "catmullrom"
            },
            "0.1667": {
              "post": [-5, 0, 0],
              "lerp_mode": "catmullrom"
            },
            "0.25": {
              "post": [0, 0, 0],
              "lerp_mode": "catmullrom"
            },
            "0.3333": {
              "post": [-5, 0, 0],
              "lerp_mode": "catmullrom"
            },
            "0.4167": {
              "post": [-15, 0, 0],
              "lerp_mode": "catmullrom"
            },
            "0.625": {
              "post": [-5, 0, 0],
              "lerp_mode": "catmullrom"
            },
            "1.0417": {
              "post": [0, 0, 0],
              "lerp_mode": "catmullrom"
            }
          }
        },
        "lip_bottom": {
          "rotation": {
            "0.0": {
              "post": [0, 0, 0],
              "lerp_mode": "catmullrom"
            },
            "0.0833": {
              "post": [15, 0, 0],
              "lerp_mode": "catmullrom"
            },
            "0.1667": {
              "post": [5, 0, 0],
              "lerp_mode": "catmullrom"
            },
            "0.25": {
              "post": [0, 0, 0],
              "lerp_mode": "catmullrom"
            },
            "0.3333": {
              "post": [5, 0, 0],
              "lerp_mode": "catmullrom"
            },
            "0.4167": {
              "post": [15, 0, 0],
              "lerp_mode": "catmullrom"
            },
            "0.625": {
              "post": [5, 0, 0],
              "lerp_mode": "catmullrom"
            },
            "1.0417": {
              "post": [0, 0, 0],
              "lerp_mode": "catmullrom"
            }
          }
        },
        "waist": {
          "rotation": {
            "0.0": {
              "post": [0, 0, 0],
              "lerp_mode": "catmullrom"
            },
            "0.0833": {
              "post": [2.5, 0, 0],
              "lerp_mode": "catmullrom"
            },
            "0.1667": {
              "post": [1.25, 0, 0],
              "lerp_mode": "catmullrom"
            },
            "0.25": {
              "post": [0, 0, 0],
              "lerp_mode": "catmullrom"
            },
            "0.3333": {
              "post": [1.25, 0, 0],
              "lerp_mode": "catmullrom"
            },
            "0.4167": {
              "post": [2.5, 0, 0],
              "lerp_mode": "catmullrom"
            },
            "0.5": {
              "post": [1.25, 0, 0],
              "lerp_mode": "catmullrom"
            },
            "0.5833": {
              "post": [0, 0, 0],
              "lerp_mode": "catmullrom"
            }
          }
        },
        "arm_left": {
          "rotation": {
            "0.0": {
              "post": [0, 0, 0],
              "lerp_mode": "catmullrom"
            },
            "0.0833": {
              "post": [0, 0, 15],
              "lerp_mode": "catmullrom"
            },
            "0.1667": {
              "post": [0, 0, 5],
              "lerp_mode": "catmullrom"
            },
            "0.25": {
              "post": [0, 0, 0],
              "lerp_mode": "catmullrom"
            },
            "0.3333": {
              "post": [0, 0, 5],
              "lerp_mode": "catmullrom"
            },
            "0.4167": {
              "post": [0, 0, 15],
              "lerp_mode": "catmullrom"
            },
            "0.625": {
              "post": [0, 0, 5],
              "lerp_mode": "catmullrom"
            },
            "1.0417": {
              "post": [0, 0, 0],
              "lerp_mode": "catmullrom"
            }
          },
          "position": {
            "0.0": {
              "post": [0, 0, 0],
              "lerp_mode": "catmullrom"
            },
            "0.0833": {
              "post": [0.375, 0, 0],
              "lerp_mode": "catmullrom"
            },
            "0.1667": {
              "post": [0.125, 0, 0],
              "lerp_mode": "catmullrom"
            },
            "0.25": {
              "post": [0, 0, 0],
              "lerp_mode": "catmullrom"
            },
            "0.3333": {
              "post": [0.125, 0, 0],
              "lerp_mode": "catmullrom"
            },
            "0.4167": {
              "post": [0.375, 0, 0],
              "lerp_mode": "catmullrom"
            },
            "0.625": {
              "post": [0.125, 0, 0],
              "lerp_mode": "catmullrom"
            },
            "1.0417": {
              "post": [0, 0, 0],
              "lerp_mode": "catmullrom"
            }
          }
        },
        "elbow_left": {
          "rotation": {
            "0.0": {
              "post": [0, 0, 0],
              "lerp_mode": "catmullrom"
            },
            "0.0833": {
              "post": [0, 0, -7.5],
              "lerp_mode": "catmullrom"
            },
            "0.1667": {
              "post": [0, 0, -2.5],
              "lerp_mode": "catmullrom"
            },
            "0.25": {
              "post": [0, 0, 0],
              "lerp_mode": "catmullrom"
            },
            "0.3333": {
              "post": [0, 0, -2.5],
              "lerp_mode": "catmullrom"
            },
            "0.4167": {
              "post": [0, 0, -7.5],
              "lerp_mode": "catmullrom"
            },
            "0.625": {
              "post": [0, 0, -2.5],
              "lerp_mode": "catmullrom"
            },
            "1.0417": {
              "post": [0, 0, 0],
              "lerp_mode": "catmullrom"
            }
          }
        },
        "arm_right": {
          "rotation": {
            "0.0": {
              "post": [0, 0, 0],
              "lerp_mode": "catmullrom"
            },
            "0.0833": {
              "post": [0, 0, -15],
              "lerp_mode": "catmullrom"
            },
            "0.1667": {
              "post": [0, 0, -5],
              "lerp_mode": "catmullrom"
            },
            "0.25": {
              "post": [0, 0, 0],
              "lerp_mode": "catmullrom"
            },
            "0.3333": {
              "post": [0, 0, -5],
              "lerp_mode": "catmullrom"
            },
            "0.4167": {
              "post": [0, 0, -15],
              "lerp_mode": "catmullrom"
            },
            "0.625": {
              "post": [0, 0, -5],
              "lerp_mode": "catmullrom"
            },
            "1.0417": {
              "post": [0, 0, 0],
              "lerp_mode": "catmullrom"
            }
          },
          "position": {
            "0.0": {
              "post": [0, 0, 0],
              "lerp_mode": "catmullrom"
            },
            "0.0833": {
              "post": [-0.375, 0, 0],
              "lerp_mode": "catmullrom"
            },
            "0.1667": {
              "post": [-0.125, 0, 0],
              "lerp_mode": "catmullrom"
            },
            "0.25": {
              "post": [0, 0, 0],
              "lerp_mode": "catmullrom"
            },
            "0.3333": {
              "post": [-0.125, 0, 0],
              "lerp_mode": "catmullrom"
            },
            "0.4167": {
              "post": [-0.375, 0, 0],
              "lerp_mode": "catmullrom"
            },
            "0.625": {
              "post": [-0.125, 0, 0],
              "lerp_mode": "catmullrom"
            },
            "1.0417": {
              "post": [0, 0, 0],
              "lerp_mode": "catmullrom"
            }
          }
        },
        "elbow_right": {
          "rotation": {
            "0.0": {
              "post": [0, 0, 0],
              "lerp_mode": "catmullrom"
            },
            "0.0833": {
              "post": [0, 0, 7.5],
              "lerp_mode": "catmullrom"
            },
            "0.1667": {
              "post": [0, 0, 2.5],
              "lerp_mode": "catmullrom"
            },
            "0.25": {
              "post": [0, 0, 0],
              "lerp_mode": "catmullrom"
            },
            "0.3333": {
              "post": [0, 0, 2.5],
              "lerp_mode": "catmullrom"
            },
            "0.4167": {
              "post": [0, 0, 7.5],
              "lerp_mode": "catmullrom"
            },
            "0.625": {
              "post": [0, 0, 2.5],
              "lerp_mode": "catmullrom"
            },
            "1.0417": {
              "post": [0, 0, 0],
              "lerp_mode": "catmullrom"
            }
          }
        },
        "pupil_left": {
          "position": {
            "0.0": {
              "post": [0, 0, 0],
              "lerp_mode": "catmullrom"
            },
            "0.0833": {
              "post": [0, -0.05, 0],
              "lerp_mode": "catmullrom"
            },
            "0.1667": {
              "post": [0, -0.025, 0],
              "lerp_mode": "catmullrom"
            },
            "0.25": {
              "post": [0, 0, 0],
              "lerp_mode": "catmullrom"
            },
            "0.3333": {
              "post": [0, -0.025, 0],
              "lerp_mode": "catmullrom"
            },
            "0.4167": {
              "post": [0, -0.05, 0],
              "lerp_mode": "catmullrom"
            },
            "0.5": {
              "post": [0, -0.025, 0],
              "lerp_mode": "catmullrom"
            },
            "0.5833": {
              "post": [0, 0, 0],
              "lerp_mode": "catmullrom"
            }
          }
        },
        "pupil_right": {
          "position": {
            "0.0": {
              "post": [0, 0, 0],
              "lerp_mode": "catmullrom"
            },
            "0.0833": {
              "post": [0, -0.05, 0],
              "lerp_mode": "catmullrom"
            },
            "0.1667": {
              "post": [0, -0.025, 0],
              "lerp_mode": "catmullrom"
            },
            "0.25": {
              "post": [0, 0, 0],
              "lerp_mode": "catmullrom"
            },
            "0.3333": {
              "post": [0, -0.025, 0],
              "lerp_mode": "catmullrom"
            },
            "0.4167": {
              "post": [0, -0.05, 0],
              "lerp_mode": "catmullrom"
            },
            "0.5": {
              "post": [0, -0.025, 0],
              "lerp_mode": "catmullrom"
            },
            "0.5833": {
              "post": [0, 0, 0],
              "lerp_mode": "catmullrom"
            }
          }
        }
      },
      "sound_effects": {
        "0.0": {
          "effect": "gothita_cry"
        }
      }
    }
  }
}
