{
	"format_version": "1.8.0",
	"animations": {
		"animation.hatenna.ground_idle": {
			"loop": true,
			"bones": {
				"torso": {
					"rotation": [0, 0, 0]
				},
				"hat_mid": {
					"rotation": [12.5, 0, 0]
				},
				"hat__mid_bend": {
					"rotation": [5, 0, 0]
				},
				"hat_end": {
					"rotation": [10, 0, 0]
				},
				"hat_end_bend": {
					"rotation": [0, 0, 0]
				},
				"hat_tip": {
					"rotation": [5, 0, 0]
				},
				"right_foot": {
					"rotation": [10, 10, 0]
				},
				"right_toe": {
					"rotation": [-12.5, 0, 0]
				},
				"left_foot": {
					"rotation": [10, -12.5, 0]
				},
				"left_toe": {
					"rotation": [-12.5, 0, 0]
				},
				"left_hair_arm": {
					"rotation": [-5.54045, -5.83379, 65.93594]
				},
				"left_hair_elbow": {
					"rotation": [0, 0, -15]
				},
				"left_hair_hand": {
					"rotation": [0, 0, -45]
				},
				"right_hair_arm": {
					"rotation": [-5.54045, 5.83379, -65.93594]
				},
				"right_hair_elbow": {
					"rotation": [0, 0, 15]
				},
				"right_hair_hand": {
					"rotation": [0, 0, 45]
				}
			}
		},
		"animation.hatenna.cry": {
			"animation_length": 1.2,
			"sound_effects": {
				"0.04": {
					"effect": "pokemon.hatenna.cry"
				}
			}
		}
	}
}