{
  "format_version": "1.8.0",
  "animations": {
    "animation.minccino.ground_walk": {
      "loop": true,
      "bones": {
        "body": {
          "position": [0, "2*math.abs(math.sin(q.anim_time*90*6-30))", 0]
        },
        "body2": {
          "rotation": [
            "0+math.sin(q.anim_time*90*8-30)*2",
            "0+math.sin(q.anim_time*90*6-75+180)*7.5",
            "0+math.sin(q.anim_time*90*6+15)*4"
          ]
        },
        "head": {
          "rotation": [
            "2.5*math.sin(q.anim_time*90*12)",
            "-2.5*math.sin(q.anim_time*90*6)",
            0
          ]
        },
        "cowlick": {
          "rotation": ["2.5*math.sin(q.anim_time*90*12)*3", 0, 0]
        },
        "ear_right": {
          "rotation": ["2.5*math.sin(q.anim_time*90*12)", 0, 0]
        },
        "ear_left": {
          "rotation": ["2.5*math.sin(q.anim_time*90*12)", 0, 0]
        },
        "arm_right": {
          "rotation": [
            0,
            "0-5*math.sin(q.anim_time*90*6)*5",
            "-45-5*math.sin(q.anim_time*90*12)"
          ]
        },
        "arm_left": {
          "rotation": [
            0,
            "0-5*math.sin(q.anim_time*90*6)*5",
            "40+5*math.sin(q.anim_time*90*12)"
          ]
        },
        "tail0": {
          "rotation": ["5*math.sin(q.anim_time*90*12)*3", 0, 0]
        },
        "leg_right": {
          "rotation": ["20*math.sin(q.anim_time*90*6)", 0, 0]
        },
        "leg_left": {
          "rotation": ["-20*math.sin(q.anim_time*90*6)", 0, 0]
        }
      }
    },
    "animation.minccino.ground_idle": {
      "loop": true,
      "bones": {
        "body2": {
          "rotation": ["01+math.sin(q.anim_time*90*3)*1", 0, 0],
          "position": [0, "0+math.sin(q.anim_time*90*3*2)*0.1", 0]
        },
        "head": {
          "rotation": ["0+math.sin(q.anim_time*90*3-60)*2", 0, 0]
        },
        "cowlick": {
          "rotation": [
            "0+math.sin(q.anim_time*90*3-55)*7.5",
            0,
            "0+math.sin(q.anim_time*90*1.5-25)*4"
          ]
        },
        "ear_right": {
          "rotation": ["0-math.sin(q.anim_time*90*3*1)*3", 0, 0]
        },
        "ear_left": {
          "rotation": ["0-math.sin(q.anim_time*90*3*1)*3", 0, 0]
        },
        "arm_right": {
          "rotation": [0, 0, "-37.5+math.sin(q.anim_time*90*3)*-5"],
          "position": [0, "0+math.sin(q.anim_time*90*2*2)*0.1", 0]
        },
        "arm_left": {
          "rotation": [
            0.7661,
            -0.64276,
            "39.9957+math.sin(q.anim_time*90*3)*5"
          ],
          "position": [0, "0+math.sin(q.anim_time*90*2*2)*0.1", 0]
        },
        "tail1": {
          "rotation": [
            0,
            "6*(math.sin(q.anim_time*90*3-90)*1)+0*(math.sin(q.anim_time*90*0/2-90)*1)",
            0
          ]
        },
        "tail2": {
          "rotation": [
            0,
            "6*(math.sin(q.anim_time*90*3-90)*1)+0*(math.sin(q.anim_time*90*0/2-90)*1)",
            0
          ]
        }
      }
    }
  }
}
