{
	"format_version": "1.8.0",
	"animations": {
		"animation.caterpie.ground_idle": {
			"loop": true,
			"bones": {
				"body_segment2": {
					"position": [0, "0.05*(math.sin(q.anim_time*90*4-45)*1+1)", "-0.05*(math.sin(q.anim_time*90*4)*1+1)"]
				},
				"tail": {
					"rotation": ["-10-2*(math.sin(q.anim_time*90*4)*1+1)", 0, 0],
					"position": [0, "0.1*(math.sin(q.anim_time*90*4+90)*1+1)", 0]
				},
				"tail2": {
					"rotation": ["5+2*(math.sin(q.anim_time*90*4)*1+1)", 0, 0]
				},
				"tail3": {
					"rotation": ["1*(math.sin(q.anim_time*90*4)*1+1)+5", 0, 0]
				},
				"head": {
					"position": [0, "math.clamp(math.sin(q.anim_time*90*4)*0.05,-0.05,0.1)", 0]
				},
				"tail4": {
					"rotation": [67.5, 0, 0]
				}
			}
		},
		"animation.caterpie.ground_walk": {
			"loop": true,
			"animation_length": 1,
			"bones": {
				"body": {
					"rotation": [
						"(math.sin(q.anim_time*90*4)*1+1)*5+math.clamp(math.sin(-q.anim_time*90*4)*2,0,20)-math.clamp(math.sin(-q.anim_time*90*4+60)*0.8,0,20)",
						0,
						"math.clamp(math.sin(q.anim_time*90*4*2)*1,0,1)-math.clamp(math.sin(-q.anim_time*90*4*2)*1,0,1)"
					],
					"position": [
						0,
						"math.clamp(math.sin(q.anim_time*90*4-45)*0.25,0,1)+math.clamp(math.sin(-q.anim_time*90*4+60)*1,0,20)",
						"-math.clamp(math.sin(q.anim_time*90*4)*1,0,1)-math.clamp(math.sin(-q.anim_time*90*4)*1,0,1)"
					]
				},
				"head": {
					"position": [0, "-math.clamp(math.sin(q.anim_time*90*4-45+180)*1,0,20)", 0]
				},
				"body_segment": {
					"rotation": ["-math.clamp(math.sin(-q.anim_time*90*4-120)*20,0,20)+math.clamp(math.sin(-q.anim_time*90*4+60)*4,0,20)", 0, 0],
					"position": [0, "math.clamp(math.sin(q.anim_time*90*4-45)*1,0,20)-math.clamp(math.sin(q.anim_time*90*4-45+180)*1,0,20)", 0]
				},
				"body_segment2": {
					"rotation": ["(math.sin(q.anim_time*90*4-70)*1)*15-math.clamp((math.sin(q.anim_time*90*4+60)*1)*20,0,50)", 0, 0],
					"position": [0, "math.clamp(math.sin(-q.anim_time*90*4-30)*0.5,0,20)-math.clamp(math.sin(q.anim_time*90*4+0)*0.3,0,20)", 0]
				},
				"tail": {
					"rotation": {
						"0.0": {
							"post": [10, 0, 0],
							"lerp_mode": "catmullrom"
						},
						"0.1": {
							"post": [11.11, 0, 0],
							"lerp_mode": "catmullrom"
						},
						"0.3": {
							"post": [-2.5, 0, 0],
							"lerp_mode": "catmullrom"
						},
						"0.4": {
							"post": [2.5, 0, 0],
							"lerp_mode": "catmullrom"
						},
						"0.5": {
							"post": [-7.5, 0, 0],
							"lerp_mode": "catmullrom"
						},
						"0.65": {
							"post": [-25, 0, 0],
							"lerp_mode": "catmullrom"
						},
						"0.8": {
							"post": [-17.5, 0, 0],
							"lerp_mode": "catmullrom"
						},
						"0.9": {
							"post": [0.47, 0, 0],
							"lerp_mode": "catmullrom"
						},
						"1.0": {
							"post": [7.5, 0, 0],
							"lerp_mode": "catmullrom"
						}
					},
					"position": [0, "1-math.clamp(math.sin(q.anim_time*90*4+30+180)*0.75,-1,0)", 0]
				},
				"tail2": {
					"rotation": {
						"0.0": {
							"post": [12.5, 0, 0],
							"lerp_mode": "catmullrom"
						},
						"0.3": {
							"post": [-37.5, 0, 0],
							"lerp_mode": "catmullrom"
						},
						"0.4": {
							"post": [-45, 0, 0],
							"lerp_mode": "catmullrom"
						},
						"0.5": {
							"post": [-20, 0, 0],
							"lerp_mode": "catmullrom"
						},
						"0.65": {
							"post": [-5, 0, 0],
							"lerp_mode": "catmullrom"
						},
						"0.8": {
							"post": [10, 0, 0],
							"lerp_mode": "catmullrom"
						},
						"0.9": {
							"post": [15.63, 0, 0],
							"lerp_mode": "catmullrom"
						},
						"1.0": {
							"post": [15, 0, 0],
							"lerp_mode": "catmullrom"
						}
					}
				},
				"tail3": {
					"rotation": {
						"0.0": {
							"post": [0, 0, 0],
							"lerp_mode": "catmullrom"
						},
						"0.1": {
							"post": [14.72, 0, 0],
							"lerp_mode": "catmullrom"
						},
						"0.25": {
							"post": [32.5, 0, 0],
							"lerp_mode": "catmullrom"
						},
						"0.4": {
							"post": [30, 0, 0],
							"lerp_mode": "catmullrom"
						},
						"0.5": {
							"post": [22.5, 0, 0],
							"lerp_mode": "catmullrom"
						},
						"0.65": {
							"post": [22.5, 0, 0],
							"lerp_mode": "catmullrom"
						},
						"0.8": {
							"post": [12.5, 0, 0],
							"lerp_mode": "catmullrom"
						},
						"0.9": {
							"post": [0.94, 0, 0],
							"lerp_mode": "catmullrom"
						},
						"1.0": {
							"post": [0, 0, 0],
							"lerp_mode": "catmullrom"
						}
					},
					"position": {
						"0.0": [0, 0, "-math.clamp(math.sin(q.anim_time*90*4-30)*1,0,50)"],
						"0.55": [0, 0, "-math.clamp(math.sin(q.anim_time*90*4-30)*1,0,50)"],
						"0.65": [0, 0.5, "-math.clamp(math.sin(q.anim_time*90*4-30)*1,0,50)"],
						"0.85": [0, 0, "-math.clamp(math.sin(q.anim_time*90*4-30)*1,0,50)"],
						"1.0": [0, 0, "-math.clamp(math.sin(q.anim_time*90*4-30)*1,0,50)"]
					}
				},
				"tail4": {
					"rotation": [67.5, 0, 0]
				}
			}
		},
		"animation.caterpie.sleep": {
			"loop": true,
			"bones": {
				"head": {
					"rotation": ["15.5+math.sin(q.anim_time*90*2)*1", -15.5, 0.5]
				},
				"eyelid_right": {
					"position": [-0.1, 0, 0]
				},
				"eyelid_left": {
					"position": [0.1, 0, 0]
				},
				"body_segment": {
					"rotation": [0, -5, 0]
				},
				"tail": {
					"rotation": ["-10+math.sin(q.anim_time*90*2)*0.5", 5, 0]
				},
				"tail2": {
					"rotation": ["5+math.sin(q.anim_time*90*2-60)*0.5", 7.5, 0]
				},
				"tail3": {
					"rotation": ["5+math.sin(q.anim_time*90*2-120)*1", 10, 0]
				},
				"tail4": {
					"rotation": ["67.5+math.sin(q.anim_time*90*2-180)*1.5", 7.5, 0]
				}
			}
		},
		"animation.caterpie.faint": {
			"animation_length": 3,
			"bones": {
				"body": {
					"rotation": {
						"0.0": [0, 0, 0],
						"0.3": [-2.5, 0, 3.15789],
						"0.6": [-13.84615, 0, 6.31579],
						"0.95": [-7.5, 0, 10],
						"1.45": [0, 0, 0],
						"1.8": [0, 0, -21.87],
						"2.1": [0, 0, -87.5]
					},
					"position": {
						"0.0": [0, 0, 0],
						"0.05": [0, -0.2, 0],
						"0.1": [0, -0.9, 0],
						"0.15": [0, -0.85, 0],
						"0.2": [0, -0.7, 0],
						"0.25": [0, -0.05, 0],
						"0.3": [0, 0, 0],
						"0.35": [0, 0.3, 0],
						"0.45": [0, 0.25, 0],
						"0.55": [0, 0.55, 0],
						"0.6": [0.51, 0.61, -0.13],
						"0.95": [0.8, "0.75-0.1*math.sin(q.anim_time*90*4)", 0.75],
						"1.05": [0.64, 0.87, 1.2],
						"1.45": [0, "0.25-0.1*math.sin(q.anim_time*90*4)", 0.5],
						"1.8": [-1.37, 0.72, 0.25],
						"2.0": [-4.12, -1.09, 0.08],
						"2.05": [-4.81, 0.56, 0.04],
						"2.1": [-5.5, "-1.25-0.1*math.sin(q.anim_time*90*4)", 0]
					}
				},
				"body_segment": {
					"rotation": {
						"0.0": [0, 0, 0],
						"0.15": [-25, 0, 0],
						"0.3": [-50, 0, 0],
						"0.6": [-42.5, 0, 0],
						"0.85": [-48.5, 0, 0],
						"1.05": [-56.02707, -1.65626, 1.87291],
						"1.35": [-56.03, -1.66, 1.87],
						"1.7": [-56.25163, -4.44699, 6.02754],
						"1.9": [-55.99522, -0.26232, -0.20314],
						"2.0": [-56.19455, 3.92545, -6.42966],
						"2.05": [-56.25163, -4.44699, 6.02754],
						"2.1": [-55.99522, -0.26232, -0.20314],
						"2.4": [34.00478, -0.26232, -0.20314],
						"2.65": [41.50478, -0.26232, -0.20314]
					},
					"position": {
						"0.0": [0, "math.clamp(math.sin(q.anim_time*90*4)*0.1,-0.1,0.2)", 0],
						"0.15": [0, "3+math.clamp(math.sin(q.anim_time*90*4)*0.1,-0.1,0.2)", 1],
						"0.3": [0, "4+math.clamp(math.sin(q.anim_time*90*4)*0.1,-0.1,0.2)", 3],
						"0.6": [0, "4.5+math.clamp(math.sin(q.anim_time*90*4)*0.1,-0.1,0.2)", 2.5],
						"0.85": [0, "4.5+math.clamp(math.sin(q.anim_time*90*4)*0.1,-0.1,0.2)", 2.5],
						"1.05": [0, "4.5+math.clamp(math.sin(q.anim_time*90*4)*0.1,-0.1,0.2)", 2.5],
						"1.35": [0, "4.5+math.clamp(math.sin(q.anim_time*90*4)*0.1,-0.1,0.2)", 2.5],
						"2.1": [0, "4.5+math.clamp(math.sin(q.anim_time*90*4)*0.1,-0.1,0.2)", 2.5],
						"2.15": [0, 2.33, 1],
						"2.25": [0, "-0.5+math.clamp(math.sin(q.anim_time*90*4)*0.1,-0.1,0.2)", 0.5],
						"2.4": [0, "-4.5+math.clamp(math.sin(q.anim_time*90*4)*0.1,-0.1,0.2)", 1.2]
					}
				},
				"body_segment2": {
					"rotation": {
						"0.0": [0, 0, 0],
						"0.15": [25.88, 0, 0],
						"0.3": [44.56, 0, 0],
						"0.6": [39.78, 0, 0],
						"0.85": [37.5, 0, 0],
						"2.1": [37.5, 0, 0],
						"2.25": [-15, 0, 0],
						"2.8": [-30, 0, 0]
					},
					"position": [0, 0, "0.1*(math.sin(q.anim_time*90*4)*1+1)"]
				},
				"tail": {
					"rotation": {
						"0.0": ["-12-2*(math.sin(q.anim_time*90*4)*1+1)", 0, 0],
						"0.85": ["8.1162-2*(math.sin(q.anim_time*90*4)*1+1)", -9.91084, -1.33907],
						"1.3": ["8-2*(math.sin(q.anim_time*90*4)*1+1)", 0, 0],
						"1.7": ["8.1218-2*(math.sin(q.anim_time*90*4)*1+1)", 9.9017, 1.40575],
						"2.0": ["7.8215-2*(math.sin(q.anim_time*90*4)*1+1)", 33.29373, 6.02573],
						"2.1": ["13.8285-2*(math.sin(q.anim_time*90*4)*1+1)", -12.56998, 2.99084],
						"2.15": ["13.5926-2*(math.sin(q.anim_time*90*4)*1+1)", -2.72394, 4.75678],
						"2.35": ["-13.9074-2*(math.sin(q.anim_time*90*4)*1+1)", -2.72394, 4.75678],
						"2.6": ["-23.9074-2*(math.sin(q.anim_time*90*4)*1+1)", -2.72394, 4.75678]
					},
					"position": [0, "0.25+0.2*(math.sin(q.anim_time*90*4+90)*1+1)", 0]
				},
				"tail2": {
					"rotation": {
						"0.0": ["5+2*(math.sin(q.anim_time*90*4)*1+1)", 0, 0],
						"0.55": ["47.5+2*(math.sin(q.anim_time*90*4)*1+1)", 0, 0],
						"1.3": ["48.1683+2*(math.sin(q.anim_time*90*4)*1+1)", -7.76012, -9.82971],
						"1.7": ["48.4862+2*(math.sin(q.anim_time*90*4)*1+1)", 9.99602, 11.24133],
						"2.0": ["50.9216+2*(math.sin(q.anim_time*90*4)*1+1)", 17.7504, 21.34988],
						"2.15": ["48.373+2*(math.sin(q.anim_time*90*4)*1+1)", -10.08543, -14.45234],
						"2.2": ["47.4074+2*(math.sin(q.anim_time*90*4)*1+1)", -3.89036, -6.53955],
						"2.5": ["-32.8446+2*(math.sin(q.anim_time*90*4)*1+1)", -8.19068, -2.3825],
						"2.7": ["-45.2128+2*(math.sin(q.anim_time*90*4)*1+1)", -5.65186, -2.73008]
					}
				},
				"tail3": {
					"rotation": {
						"0.0": ["1*(math.sin(q.anim_time*90*4)*1+1)+5", 0, 0],
						"0.75": ["1*(math.sin(q.anim_time*90*4)*1+1)+60", 0, 0],
						"1.3": ["1*(math.sin(q.anim_time*90*4)*1+1)+60.5664", -5.84143, -11.0704],
						"1.7": ["1*(math.sin(q.anim_time*90*4)*1+1)+61.5803", 20.07667, 0.21104],
						"2.1": ["1*(math.sin(q.anim_time*90*4)*1+1)+60.4382", 40.83887, 25.68363],
						"2.2": ["1*(math.sin(q.anim_time*90*4)*1+1)+60.322", -7.64073, -17.20789],
						"2.25": ["1*(math.sin(q.anim_time*90*4)*1+1)+41.789", 3.84779, 2.98187],
						"2.35": ["1*(math.sin(q.anim_time*90*4)*1+1)+29.3269", -1.73755, -2.15546],
						"2.65": ["1*(math.sin(q.anim_time*90*4)*1+1)-28.3318", -5.87007, 5.54763],
						"2.85": ["1*(math.sin(q.anim_time*90*4)*1+1)-40.9677", -6.54222, 8.98102]
					}
				},
				"head": {
					"rotation": {
						"0.0": [30, 0, 0],
						"0.1": [-35, 0, 0],
						"0.4": [-62.58937, -2.30644, 4.43745],
						"0.7": [-72.97722, -5.74834, 19.34175],
						"0.95": [-80.14892, -1.72794, 9.85108],
						"1.2": [-94.09918, -2.86544, -17.39743],
						"1.45": [-95, 0, 17.5],
						"1.8": [-96.72005, 2.68407, 49.90109],
						"2.1": [-94.22005, -2.68407, -14.90109],
						"2.15": [-59.89097, -3.95652, 0.90278],
						"2.2": [-17.20225, 1.95018, -4.89173],
						"2.5": [67.87713, 2.55134, -0.7639],
						"2.75": [92.87501, 1.57886, 0.15148]
					},
					"position": {
						"0.0": [0, 0, 0],
						"0.1": [0, 3, 0],
						"0.4": [0, 5, 1],
						"0.7": [0, 5, 2],
						"0.95": [0, 5, 2],
						"1.2": [0, 5, 2],
						"1.45": [0, 5, 2],
						"2.1": [0, 5, 2],
						"2.15": [0, 3, -1],
						"2.2": [0, 0, -1],
						"2.3": [0, -3, 0],
						"2.5": [0, -6, 2],
						"2.75": [0, -6, 3]
					}
				},
				"foot_right": {
					"rotation": {
						"0.0": [0, 0, 0],
						"0.1": [-25, 0, 0],
						"0.35": [27.5, 0, 0],
						"0.85": [-37.5, 0, 0],
						"1.5": [30, 0, 0]
					}
				},
				"foot_left": {
					"rotation": {
						"0.0": [0, 0, 0],
						"0.1": [37.5, 0, 0],
						"0.35": [-42.5, 0, 0],
						"0.85": [35, 0, 0],
						"1.5": [-27.5, 0, 0]
					}
				},
				"tail4": {
					"rotation": {
						"0.0": [67.5, 0, 0],
						"0.95": [32.09636, -4.9777, 0.58082],
						"1.95": [26.82089, 14.90703, 14.41597],
						"2.2": [19.57459, -4.05677, 27.93867],
						"2.4": [9.68977, 2.03102, 26.51208],
						"2.5": [4.81488, 9.6187, 25.70829],
						"2.9": [-15.12353, 7.24305, 18.04845]
					}
				},
				"eyelid_left": {
					"position": {
						"0.0": [0.1, 0, 0],
						"0.25": [0.1, 0, 0],
						"0.3": [0, 0, 0],
						"1.9": [0, 0, 0],
						"1.95": [0.1, 0, 0]
					}
				},
				"eyelid_right": {
					"position": {
						"0.0": [-0.1, 0, 0],
						"0.25": [-0.1, 0, 0],
						"0.3": [0, 0, 0],
						"1.9": [0, 0, 0],
						"1.95": [-0.1, 0, 0]
					}
				}
			}
		},
		"animation.caterpie.blink": {
			"animation_length": 0.16667,
			"bones": {
				"eyelid_right": {
					"position": {
						"0.0": [-0.1, 0, 0],
						"0.125": [-0.1, 0, 0],
						"0.1667": [0, 0, 0]
					}
				},
				"eyelid_left": {
					"position": {
						"0.0": [0.1, 0, 0],
						"0.125": [0.1, 0, 0],
						"0.1667": [0, 0, 0]
					}
				}
			}
		},
		"animation.caterpie.cry": {
			"animation_length": 1.08333,
			"bones": {
				"head": {
					"rotation": {
						"0.0": {
							"post": [0, 0, 0],
							"lerp_mode": "catmullrom"
						},
						"0.25": {
							"post": [-12.5, 0, 0],
							"lerp_mode": "catmullrom"
						},
						"0.375": {
							"post": [-27.5, 0, 0],
							"lerp_mode": "catmullrom"
						},
						"0.4583": {
							"post": [-20, 0, 0],
							"lerp_mode": "catmullrom"
						},
						"0.5417": {
							"post": [-27.5, 0, 0],
							"lerp_mode": "catmullrom"
						},
						"1.0833": {
							"post": [0, 0, 0],
							"lerp_mode": "catmullrom"
						}
					},
					"position": {
						"0.0": {
							"post": [0, 0, 0],
							"lerp_mode": "catmullrom"
						},
						"0.25": {
							"post": [0, 3, 2],
							"lerp_mode": "catmullrom"
						},
						"1.0833": {
							"post": [0, 0, 0],
							"lerp_mode": "catmullrom"
						}
					}
				},
				"body_segment": {
					"rotation": {
						"0.0": {
							"post": [0, 0, 0],
							"lerp_mode": "catmullrom"
						},
						"0.25": {
							"post": [-27.5, 0, 0],
							"lerp_mode": "catmullrom"
						},
						"1.0833": {
							"post": [0, 0, 0],
							"lerp_mode": "catmullrom"
						}
					},
					"position": {
						"0.0": {
							"post": [0, 0, 0],
							"lerp_mode": "catmullrom"
						},
						"0.25": {
							"post": [0, 3, 2],
							"lerp_mode": "catmullrom"
						},
						"1.0833": {
							"post": [0, 0, 0],
							"lerp_mode": "catmullrom"
						}
					}
				},
				"body_segment2": {
					"rotation": {
						"0.0": {
							"post": [0, 0, 0],
							"lerp_mode": "catmullrom"
						},
						"0.25": {
							"post": [15, 0, 0],
							"lerp_mode": "catmullrom"
						},
						"1.0833": {
							"post": [0, 0, 0],
							"lerp_mode": "catmullrom"
						}
					},
					"position": {
						"0.0": {
							"post": [0, 0, 0],
							"lerp_mode": "catmullrom"
						},
						"1.0833": {
							"post": [0, 0, 0],
							"lerp_mode": "catmullrom"
						}
					}
				},
				"tail": {
					"rotation": {
						"0.0": {
							"post": [0, 0, 0],
							"lerp_mode": "catmullrom"
						},
						"0.25": {
							"post": [20, 0, 0],
							"lerp_mode": "catmullrom"
						},
						"1.0833": {
							"post": [0, 0, 0],
							"lerp_mode": "catmullrom"
						}
					},
					"position": {
						"0.0": {
							"post": [0, 0, 0],
							"lerp_mode": "catmullrom"
						},
						"1.0833": {
							"post": [0, 0, 0],
							"lerp_mode": "catmullrom"
						}
					}
				},
				"tail2": {
					"rotation": {
						"0.0": {
							"post": [0, 0, 0],
							"lerp_mode": "catmullrom"
						},
						"1.0833": {
							"post": [0, 0, 0],
							"lerp_mode": "catmullrom"
						}
					},
					"position": {
						"0.0": {
							"post": [0, 0, 0],
							"lerp_mode": "catmullrom"
						},
						"1.0833": {
							"post": [0, 0, 0],
							"lerp_mode": "catmullrom"
						}
					}
				},
				"tail4": {
					"rotation": {
						"0.0": {
							"post": [0, 0, 0],
							"lerp_mode": "catmullrom"
						},
						"1.0833": {
							"post": [0, 0, 0],
							"lerp_mode": "catmullrom"
						}
					},
					"position": {
						"0.0": {
							"post": [0, 0, 0],
							"lerp_mode": "catmullrom"
						},
						"1.0833": {
							"post": [0, 0, 0],
							"lerp_mode": "catmullrom"
						}
					}
				}
			},
			"sound_effects": {
				"0.2917": {
					"effect": "pokemon.caterpie.cry"
				}
			}
		},
		"animation.caterpie.render": {
			"loop": true,
			"bones": {
				"body": {
					"rotation": [-37.58957, 4.43385, -2.31336],
					"position": [0, 6.6, 0]
				},
				"head": {
					"rotation": [35.33761, -9.05478, -4.26175]
				},
				"eye_left": {
					"rotation": [-2.5, 0, 0]
				},
				"body_segment": {
					"rotation": [-17.5, 0, 0]
				},
				"body_segment2": {
					"rotation": [7.71045, 2.2701, 5.10827]
				},
				"tail": {
					"rotation": [15, 0, 0],
					"position": [0, -0.3, -1.1]
				},
				"tail2": {
					"rotation": [32.5, 0, 0]
				},
				"tail3": {
					"rotation": [22.5, 0, 0]
				},
				"tail4": {
					"rotation": [32.5, 0, 0]
				}
			}
		}
	}
}