{
	"format_version": "1.8.0",
	"animations": {
		"animation.klawf.ground_idle": {
			"loop": true,
			"bones": {
				"leg_front_right": {
					"rotation": [-5, -12.5, 15]
				},
				"leg_back_right": {
					"rotation": [5, 10, 15]
				},
				"leg_back_right2": {
					"rotation": [0, 0, -15]
				},
				"leg_back_right3": {
					"rotation": [0, 0, 47.5]
				},
				"leg_back_right4": {
					"rotation": [0, 0, -12.5]
				},
				"leg_middle_right": {
					"rotation": [0, 0, 15]
				},
				"leg_middle_right2": {
					"rotation": [0, 0, -15]
				},
				"leg_middle_right3": {
					"rotation": [0, 0, 47.5]
				},
				"leg_middle_right4": {
					"rotation": [0, 0, -12.5]
				},
				"leg_front_right2": {
					"rotation": [0, 0, -15]
				},
				"leg_front_right3": {
					"rotation": [0, 0, 47.5]
				},
				"leg_front_right4": {
					"rotation": [0, 0, -12.5]
				},
				"claw_right": {
					"rotation": [97.5, -30, -7.5]
				},
				"claw_right3": {
					"rotation": [0, 0, 10]
				},
				"claw_left": {
					"rotation": [97.5, 30, 7.5],
					"position": [0, 0, 1]
				},
				"claw_left3": {
					"rotation": [0, 0, -10]
				},
				"leg_front_left": {
					"rotation": [-5, 12.5, -15]
				},
				"leg_front_left2": {
					"rotation": [0, 0, 15]
				},
				"leg_front_left3": {
					"rotation": [0, 0, -47.5]
				},
				"leg_front_left4": {
					"rotation": [0, 0, 12.5]
				},
				"leg_middle_left": {
					"rotation": [0, 0, -15]
				},
				"leg_middle_left2": {
					"rotation": [0, 0, 15]
				},
				"leg_middle_left3": {
					"rotation": [0, 0, -47.5]
				},
				"leg_middle_left4": {
					"rotation": [0, 0, 12.5]
				},
				"leg_back_left": {
					"rotation": [5, -10, -15]
				},
				"leg_back_left2": {
					"rotation": [0, 0, 15]
				},
				"leg_back_left3": {
					"rotation": [0, 0, -47.5]
				},
				"leg_back_left4": {
					"rotation": [0, 0, 12.5]
				},
				"body": {
					"position": [0, -7, 0]
				}
			}
		},
		"animation.klawf.battle_idle": {
			"loop": true,
			"bones": {
				"klawf": {
					"scale": 1
				},
				"leg_front_right": {
					"rotation": [30.61775, -6.64398, -22.17956]
				},
				"leg_back_right": {
					"rotation": [36.42391, 14.70266, 30.64549]
				},
				"leg_back_right2": {
					"rotation": [0, 0, -15]
				},
				"leg_back_right3": {
					"rotation": [0, 0, 30]
				},
				"leg_back_right4": {
					"rotation": [0, 0, -12.5]
				},
				"leg_middle_right": {
					"rotation": [30.81687, -0.98836, -2.97361]
				},
				"leg_middle_right2": {
					"rotation": [0, 0, 0]
				},
				"leg_middle_right3": {
					"rotation": [0, 0, 30]
				},
				"leg_middle_right4": {
					"rotation": [0, 0, -27.5]
				},
				"leg_front_right2": {
					"rotation": [0, 0, 0]
				},
				"leg_front_right3": {
					"rotation": [0, 0, 27.5]
				},
				"leg_front_right4": {
					"rotation": [0, 0, -12.5]
				},
				"claw_right": {
					"rotation": [169.41316, -7.50912, -81.26701]
				},
				"claw_right3": {
					"rotation": [-214.98435, -39.78562, 196.41306]
				},
				"body": {
					"rotation": [-32.5, 0, 0],
					"position": [0, 2.5, 0]
				},
				"torso": {
					"rotation": [7.5, 0, 0]
				},
				"eye_left": {
					"rotation": [30, 0, 0]
				},
				"claw_left": {
					"rotation": [169.41316, 7.50912, 81.26701]
				},
				"claw_left3": {
					"rotation": [-214.98435, 39.78562, -196.41306]
				},
				"leg_front_left": {
					"rotation": [30.61775, 6.64398, 22.17956]
				},
				"leg_front_left2": {
					"rotation": [0, 0, 0]
				},
				"leg_front_left3": {
					"rotation": [0, 0, -27.5]
				},
				"leg_front_left4": {
					"rotation": [0, 0, 12.5]
				},
				"leg_middle_left": {
					"rotation": [30.81687, 0.98836, 2.97361]
				},
				"leg_middle_left2": {
					"rotation": [0, 0, 0]
				},
				"leg_middle_left3": {
					"rotation": [0, 0, -30]
				},
				"leg_middle_left4": {
					"rotation": [0, 0, 27.5]
				},
				"leg_back_left": {
					"rotation": [36.42391, -14.70266, -30.64549]
				},
				"leg_back_left2": {
					"rotation": [0, 0, 15]
				},
				"leg_back_left3": {
					"rotation": [0, 0, -30]
				},
				"leg_back_left4": {
					"rotation": [0, 0, 12.5]
				},
				"eye_right": {
					"rotation": [30, 0, 0]
				},
				"pupil_right_open": {
					"position": [0, 0, 0]
				}
			}
		},
		"animation.klawf.cry": {
			"animation_length": 1.75,
			"bones": {
				"mouth_closed": {
					"position": {
						"0.0": [0, 0, 0],
						"0.25": {"pre": [0, 0, 0], "post": [0, 0.1, 0.1]},
						"1.25": [0, 0.1, 0.1],
						"1.5": {"pre": [0, 0.1, 0.1], "post": [0, 0, 0]}
					}
				},
				"mouth_open": {
					"position": {
						"0.0": [0, 0, 0],
						"0.25": {"pre": [0, 0, 0], "post": [0, -0.1, -0.1]},
						"1.25": [0, -0.1, -0.1],
						"1.5": {"pre": [0, -0.1, -0.1], "post": [0, 0, 0]}
					}
				}
			},
			"sound_effects": {
				"0.125": {
					"effect": "pokemon.klawf.cry"
				}
			}
		},

		"animation.klawf.blink": {
			"animation_length": 0.1667,
			"bones": {
				"eyelid_left": {
					"position": {
						"0.0": [0, 0, -0.1],
						"0.125": {"pre": [0, 0, -0.1], "post": [0, 0, -0.1]},
						"0.1667": {"pre": [0, 0, -0.1], "post": [0, 0, 0]}
					}
				},
				"eyelid_right": {
					"position": {
						"0.0": [0, 0, -0.1],
						"0.125": {"pre": [0, 0, -0.1], "post": [0, 0, -0.1]},
						"0.1667": {"pre": [0, 0, -0.1], "post": [0, 0, 0]}
					}
				}
			}
		},
		"animation.klawf.scale": {
			"loop": true,
			"bones": {
				"klawf": {
					"scale": 0.75
				}
			}
		}
	}
}