{
	"format_version": "1.8.0",
	"animations": {
		"animation.magnezone.air_idle": {
			"loop": true,
			"bones": {
				"body": {
					"rotation": [0, "0 - Math.Sin(((q.anim_time + 0.1) * 180 * 0.5) * 1) * 5", "Math.Sin(((q.anim_time + 0.4) * 180 * 0.5) * 1) * 5"],
					"position": ["Math.Sin((q.anim_time * 180 * 0.5) * 1) * 1.5", "7+Math.Sin((q.anim_time * 90 * 0.5) * 1) * 1.5", 0]
				},
				"magnet_back_rotation": {
					"rotation": [0, 0, "0 - 150 + math.mod(q.anim_time*0.5, 1)*360"],
					"position": [-0.1105, -3.26306, -1.09075]
				},
				"magnet_left": {
					"rotation": [30, 0, 0]
				},
				"magnet_right": {
					"rotation": [30, 0, 0]
				},
				"antenna": {
					"rotation": [0, 0, "Math.Cos(((q.anim_time + 0.4) * 180 * 0.5) * 1) * 5"]
				},
				"magnet_left_rotation": {
					"rotation": [0, 0, "150 - math.mod(q.anim_time*0.5, 1)*360"],
					"position": [0.31051, -2.99661, -0.96119]
				},
				"nail_left_rotation": {
					"rotation": [0, "150 - math.mod(q.anim_time*0.5, 1)*360", 0]
				},
				"magnet_right_rotation": {
					"rotation": [0, 0, "0 - 150 + math.mod(q.anim_time*0.5, 1)*360"],
					"position": [-0.53151, -2.99661, -0.96119]
				},
				"nail_right_rotation": {
					"rotation": [0, "0 - 150 + math.mod(q.anim_time*0.5, 1)*360", 0]
				},
				"magnet_back": {
					"rotation": [-42.5, 0, 0],
					"position": [0, -0.99619, -0.08716]
				}
			}
		},
		"animation.magnezone.air_fly": {
			"loop": true,
			"bones": {
				"body": {
					"rotation": [15, "0 - Math.Sin(((q.anim_time + 0.1) * 180 * 0.5) * 1) * 5", "Math.Sin(((q.anim_time + 0.4) * 180 * 0.5) * 1) * 5"],
					"position": ["Math.Sin((q.anim_time * 180 * 0.5) * 1) * 1.5", "7+Math.Sin((q.anim_time * 90 * 0.5) * 1) * 1.5", 0]
				},
				"magnet_back_rotation": {
					"rotation": [0, 0, "0 - 150 + math.mod(q.anim_time*0.75, 1)*360"],
					"position": [-0.1105, -3.26306, -1.09075]
				},
				"magnet_left": {
					"rotation": [30, 0, 0]
				},
				"magnet_right": {
					"rotation": [30, 0, 0]
				},
				"magnet_left_rotation": {
					"rotation": [0, 0, "150 - math.mod(q.anim_time*0.75, 1)*360"],
					"position": [0.31051, -2.99661, -0.96119]
				},
				"nail_left_rotation": {
					"rotation": [0, "150 - math.mod(q.anim_time*0.75, 1)*360", 0]
				},
				"magnet_right_rotation": {
					"rotation": [0, 0, "0 - 150 + math.mod(q.anim_time*0.75, 1)*360"],
					"position": [-0.53151, -2.99661, -0.96119]
				},
				"nail_right_rotation": {
					"rotation": [0, "0 - 150 + math.mod(q.anim_time*0.75, 1)*360", 0]
				},
				"magnet_back": {
					"rotation": [-42.5, 0, 0],
					"position": [0, -0.99619, -0.08716]
				},
				"antenna": {
					"rotation": [0, 0, "Math.Cos(((q.anim_time + 0.4) * 180 * 0.5) * 1) * 5"]
				}
			}
		},
		"animation.magnezone.faint": {
			"loop": true,
			"animation_length": 3,
			"bones": {
				"body": {
					"rotation": {
						"0.0": [0, 0, 0],
						"0.0833": [6, 0, -1],
						"0.4167": [-7.5, 0, -5],
						"0.5833": [-7.5, 0, -7.5],
						"0.7083": [-3.75, 0, -10],
						"0.9167": [0, 0, -7.5],
						"1.125": [2.5, 0, 2.5],
						"1.3333": [-5, 0, 5],
						"1.5": [-10, 0, 2.5],
						"1.75": [-10, 2.5, -5],
						"2.0": [-10, 2.5, -7.5],
						"2.0417": [-10, 2.5, -7.5],
						"2.0833": [-10, 2.5, -7.5],
						"2.125": [15, 2.5, 0],
						"2.1667": [-7.5, 2.5, 0],
						"2.2083": [0, 2.5, 0]
					},
					"position": {
						"0.0": [0, 1, 0],
						"0.0417": [0, 0, 0],
						"0.0833": [0, 2, 0],
						"0.125": [0, 2.33, 0],
						"0.1667": [0, 1.17, 0],
						"0.2083": [0, 2, 0],
						"0.2917": [0, 2.5, 0],
						"0.3333": [0, 1.75, 0],
						"0.4167": [0, 3, 0],
						"0.5833": [0, 6, 0],
						"0.7083": [0, 7, 0],
						"1.125": [0, 9, 0],
						"1.1667": [0, 9, 0],
						"1.2083": [0, 10, 0],
						"1.9583": [0, 10, 0],
						"2.0417": [0, 7, 0],
						"2.0833": [0, 5, 0],
						"2.125": [0, -3, -3],
						"2.1667": [0, -4, -3]
					}
				},
				"magnet_back_rotation": {
					"rotation": {
						"0.0": [0, 0, 0],
						"0.7083": [0, 0, 400],
						"0.75": [0, 0, 420],
						"0.7917": [0, 0, 395],
						"1.2083": [0, 0, -215],
						"1.5": [0, 0, -317.5],
						"1.7083": [0, 0, -340],
						"2.0": [0, 0, -350],
						"2.125": [-5, 0, -357.5],
						"2.1667": [37.5, 0, -357.5],
						"2.2083": [27.5, 0, -360]
					},
					"position": [-0.1105, -3.26306, -1.09075]
				},
				"magnet_left": {
					"rotation": [30, 0, 0],
					"position": [0, 0, 0]
				},
				"magnet_right": {
					"rotation": {
						"0.0": [30, 0, 0],
						"0.1667": [7.5, 0, 0],
						"1.0": [30, 0, 0],
						"2.0833": [30, 0, 0]
					},
					"position": {
						"0.0": [0, 0, 0],
						"2.0833": [0, 0, 0],
						"2.125": [0, 0.96593, 0.25882]
					}
				},
				"antenna": {
					"rotation": {
						"0.0": [0, 0, 0],
						"0.0417": [-7.5, 0, 0],
						"0.125": [10, 0, 0],
						"0.2083": [0, 0, 0],
						"2.0833": [0, 0, 0],
						"2.125": [-27.5, 0, 0],
						"2.1667": [32.5, 0, 0],
						"2.2083": [-20, 0, 0],
						"2.25": [17.5, 0, 0],
						"2.2917": [-5, 0, 0],
						"2.3333": [0, 0, 0]
					}
				},
				"magnet_left_rotation": {
					"rotation": {
						"0.0": [0, 0, 0],
						"0.5": [0, 0, 295],
						"0.6667": [0, 0, 315],
						"0.75": [0, 0, 325],
						"0.875": [0, 0, 325],
						"0.9583": [0, 0, 315],
						"1.0417": [0, 0, 270],
						"1.3333": [0, 0, 142.5],
						"1.375": [0, 0, 127.5],
						"1.4167": [0, 0, 142.5],
						"1.4583": [0, 0, 140],
						"1.75": [0, 0, 167.5],
						"2.0": [0, 0, 172.5],
						"2.0417": [0, 0, 172.5],
						"2.0833": [0, 0, 172.5],
						"2.125": [40, 0, 187.5],
						"2.1667": [10, 0, 180],
						"2.2083": [27.5, 0, 180]
					},
					"position": {
						"0.0": [0.31051, -2.99661, -0.96119],
						"2.1667": [0.31, -2.13397, -0.46]
					}
				},
				"nail_left_rotation": {
					"rotation": {
						"0.0": [0, 0, 0],
						"1.5": [0, 832.5, 0],
						"1.5417": [0, 847.5, 0],
						"1.5833": [0, 840, 0],
						"1.625": [0, 860, 0],
						"1.6667": [0, 852.5, 0]
					},
					"position": {
						"0.0": [0, 0, 0],
						"1.5833": [0, -3, 0]
					}
				},
				"magnet_right_rotation": {
					"rotation": {
						"0.0": [0, 0, 0],
						"2.0": [0, 0, -175],
						"2.0417": [0, 0, -175],
						"2.0833": [0, 0, -175],
						"2.125": [45, 5, -180],
						"2.1667": [17.5, -5, -182.5],
						"2.2083": [30, -5, -182.5]
					},
					"position": {
						"0.0": [-0.53151, -2.99661, -0.96119],
						"2.125": [-0.56683, -3.90222, -1.38969],
						"2.1667": [-0.57, -3.46699, -1.14]
					}
				},
				"nail_right_rotation": {
					"rotation": {
						"0.0": [0, 0, 0],
						"1.7917": [0, -840, 0]
					},
					"position": {
						"0.0": [0, 0, 0],
						"1.7917": [0, -3, 0]
					}
				},
				"magnet_back": {
					"rotation": {
						"0.0": [-42.5, 0, 0],
						"0.0833": [-10, 0, 0],
						"1.25": [-30, 0, 0]
					},
					"position": {
						"0.0": [0, -0.99619, -0.08716],
						"0.1667": [0.0349, -0.00166, -0.04423]
					}
				},
				"red_light": {
					"position": {
						"0.0": [0, 0, 0],
						"0.4583": [0, 0, 0],
						"0.5": [2, 0, 0],
						"1.1667": [2, 0, 0],
						"1.2083": [-2, 0, 0.015],
						"2.0833": [-2, 0, 0.015],
						"2.125": [0, -1.5, 0.015],
						"2.1667": [0, -0.5, 0.015]
					}
				},
				"pupil_left": {
					"position": {
						"0.0": [0, 0, 0],
						"0.5": {"pre": [0, 0, 0], "post": [0, 0, 0]},
						"0.5417": {"pre": [0, 0, 0], "post": [0, 0, 0.1]},
						"1.75": {"pre": [0, 0, 0.1], "post": [0, 0, 0.1]},
						"1.7917": {"pre": [0, 0, 0.1], "post": [0, 0, 0]},
						"2.0833": {"pre": [0, 0, 0], "post": [0, 0, 0]},
						"2.125": {"pre": [0, 0, 0], "post": [0, 0, 0.1]}
					}
				},
				"pupil_closed_left": {
					"position": {
						"0.0": [0, 0, 0],
						"0.5": {"pre": [0, 0, 0], "post": [0, 0, 0]},
						"0.5417": {"pre": [0, 0, 0], "post": [0, 0, -0.1]},
						"1.75": {"pre": [0, 0, -0.1], "post": [0, 0, -0.1]},
						"1.7917": {"pre": [0, 0, -0.1], "post": [0, 0, 0]},
						"2.0833": {"pre": [0, 0, 0], "post": [0, 0, 0]},
						"2.125": {"pre": [0, 0, 0], "post": [0, 0, -0.1]}
					}
				},
				"pupil_right": {
					"position": {
						"0.0": [0, 0, 0],
						"0.2083": {"pre": [0, 0, 0], "post": [0, 0, 0]},
						"0.25": {"pre": [0, 0, 0], "post": [0, 0, 0.1]},
						"0.5": {"pre": [0, 0, 0.1], "post": [0, 0, 0.1]},
						"0.5417": {"pre": [0, 0, 0.1], "post": [0, 0, 0]},
						"1.9583": {"pre": [0, 0, 0], "post": [0, 0, 0]},
						"2.0": {"pre": [0, 0, 0], "post": [0, 0, 0.1]}
					}
				},
				"pupil_closed_right": {
					"position": {
						"0.0": [0, 0, 0],
						"0.2083": {"pre": [0, 0, 0], "post": [0, 0, 0]},
						"0.25": {"pre": [0, 0, 0], "post": [0, 0, -0.1]},
						"0.5": {"pre": [0, 0, -0.1], "post": [0, 0, -0.1]},
						"0.5417": {"pre": [0, 0, -0.1], "post": [0, 0, 0]},
						"1.9583": {"pre": [0, 0, 0], "post": [0, 0, 0]},
						"2.0": {"pre": [0, 0, 0], "post": [0, 0, -0.1]}
					}
				}
			},
			"particle_effects": {
				"0.5": {
					"effect": "metal_sparks",
					"locator": "sparks1"
				},
				"0.75": {
					"effect": "metal_sparks",
					"locator": "sparks2"
				},
				"1.5": {
					"effect": "metal_sparks",
					"locator": "sparks3"
				},
				"2.125": [
					{
						"effect": "heavy_collapse_smoke",
						"locator": "collapse"
					},
					{
						"effect": "heavy_collapse_lines",
						"locator": "collapse"
					}
				]
			}
		},
		"animation.magnezone.blink": {
			"animation_length": 0.2083,
			"bones": {
				"pupil_left": {
					"position": {
						"0.0": [0, 0, 0.1],
						"0.1667": [0, 0, 0.1],
						"0.2083": [0, 0, 0]
					}
				},
				"pupil_closed_left": {
					"position": {
						"0.0": [0, 0, -0.1],
						"0.1667": [0, 0, -0.1],
						"0.2083": [0, 0, 0]
					}
				},
				"pupil_right": {
					"position": {
						"0.0": [0, 0, 0.1],
						"0.1667": [0, 0, 0.1],
						"0.2083": [0, 0, 0]
					}
				},
				"pupil_closed_right": {
					"position": {
						"0.0": [0, 0, -0.1],
						"0.1667": [0, 0, -0.1],
						"0.2083": [0, 0, 0]
					}
				}
			}
		},
		"animation.magnezone.sleep": {
			"loop": true,
			"bones": {
				"pupil_left": {
					"position": [0, 0, 0.1]
				},
				"pupil_closed_left": {
					"position": [0, 0, -0.1]
				},
				"pupil_right": {
					"position": [0, 0, 0.1]
				},
				"pupil_closed_right": {
					"position": [0, 0, -0.1]
				},
				"body": {
					"rotation": [
						"-15+math.sin((q.anim_time - 0.2) * 90) * 3",
						"math.sin((q.anim_time - 0.5) * 90) * 3",
						"Math.Sin(((q.anim_time + 0.4) * 90 * 0.5) * 1) * 2"
					],
					"position": ["Math.Sin((q.anim_time * 180 * 0.5) * 1) * 0", "1+Math.Sin((q.anim_time * 90 * 0.5) * 1) * 0", 0]
				},
				"magnet_left": {
					"rotation": [30, 0, 0]
				},
				"magnet_left_rotation": {
					"rotation": [0, 0, "math.sin(q.anim_time * 90) * 20"],
					"position": [0.31051, -2.99661, -0.96119]
				},
				"nail_left_rotation": {
					"rotation": [0, "150 - math.mod(q.anim_time*0.25, 1)*360", 0]
				},
				"magnet_right": {
					"rotation": [30, 0, 0]
				},
				"magnet_right_rotation": {
					"rotation": [0, 0, "0 - math.sin(q.anim_time * 90) * 20"],
					"position": [-0.53151, -2.99661, -0.96119]
				},
				"nail_right_rotation": {
					"rotation": [0, "0 - 150 + math.mod(q.anim_time*0.25, 1)*360", 0]
				},
				"magnet_back": {
					"rotation": [-42.5, 0, 0],
					"position": [0, -0.99619, -0.08716]
				},
				"magnet_back_rotation": {
					"rotation": [0, 0, "0 - math.sin(q.anim_time * 90) * 20"]
				}
			}
		},
		"animation.magnezone.sleep2": {
			"loop": true,
			"bones": {
				"pupil_left": {
					"position": [0, 0, 0.1]
				},
				"pupil_closed_left": {
					"position": [0, 0, -0.1]
				},
				"pupil_right": {
					"position": [0, 0, 0.1]
				},
				"pupil_closed_right": {
					"position": [0, 0, -0.1]
				},
				"body": {
					"rotation": [
						"-15+math.sin((q.anim_time - 0.2) * 90) * 3",
						"math.sin((q.anim_time - 0.5) * 90) * 3",
						"Math.Sin(((q.anim_time + 0.4) * 90 * 0.5) * 1) * 2"
					],
					"position": ["Math.Sin((q.anim_time * 180 * 0.5) * 1) * 0", "1+Math.Sin((q.anim_time * 90 * 0.5) * 1) * 0", 0]
				},
				"magnet_left": {
					"rotation": [30, 0, 0]
				},
				"magnet_left_rotation": {
					"rotation": [0, 0, "math.sin(q.anim_time * 90) * 20"],
					"position": [0.31051, -2.99661, -0.96119]
				},
				"nail_left_rotation": {
					"rotation": [0, "150 + q.anim_time * - 90", 0]
				},
				"magnet_right": {
					"rotation": [30, 0, 0]
				},
				"magnet_right_rotation": {
					"rotation": [0, 0, "0 - math.sin(q.anim_time * 90) * 20"],
					"position": [-0.53151, -2.99661, -0.96119]
				},
				"nail_right_rotation": {
					"rotation": [0, "0 - 150 + q.anim_time * 90", 0]
				},
				"magnet_back": {
					"rotation": [-42.5, 0, 0],
					"position": [0, -0.99619, -0.08716]
				},
				"magnet_back_rotation": {
					"rotation": [0, 0, "0 - math.sin(q.anim_time * 90) * 20"]
				}
			}
		},
		"animation.magnezone.cry": {
			"animation_length": 1.2,
			"sound_effects": {
				"0.04": {
					"effect": "pokemon.magnezone.cry"
				}
			}
		}
	}
}