{
  "format_version": "1.8.0",
  "animations": {
    "animation.genesect.ground_walk": {
      "loop": true,
      "animation_length": 1.5,
      "bones": {
        "bone9": {
          "rotation": {
            "0.0": [25, 0, 0],
            "0.2083": [54.17, 0, 0],
            "0.375": [60.25, 0, 0],
            "0.4583": [56.17, 0, 0],
            "0.625": [18, 0, 0],
            "0.75": [10, 0, 0],
            "0.9583": [4.39, 0, 0],
            "1.125": [5, 0, 0],
            "1.5": [25, 0, 0]
          }
        },
        "bone6": {
          "rotation": {
            "0.0": [10, 0, 0],
            "0.2083": [4.39, 0, 0],
            "0.375": [5, 0, 0],
            "0.75": [25, 0, 0],
            "0.9583": [54.17, 0, 0],
            "1.125": [60.25, 0, 0],
            "1.2083": [56.17, 0, 0],
            "1.375": [18, 0, 0],
            "1.5": [10, 0, 0]
          }
        },
        "torso": {
          "rotation": [
            "0+Math.cos((query.anim_time-0.5) * 90 * (2+2/3)*2) * -2",
            0,
            0
          ],
          "position": [
            0,
            "-0.5+Math.cos((query.anim_time) * 90 * (2+2/3)*2) * 0.5",
            0
          ]
        },
        "hand_left": {
          "rotation": [
            5.7751,
            "Math.cos((query.anim_time) * 90 * (2+2/3)) * -8.1777",
            29.58681
          ]
        },
        "hand_left_3": {
          "rotation": [
            0,
            "-20+Math.cos((query.anim_time-0.2) * 90 * (2+2/3)) * -10",
            0
          ]
        },
        "hand_right": {
          "rotation": [
            -5.7751,
            "1.8223+(Math.cos((query.anim_time) * 90 * (2+2/3)) * -10)",
            -29.58681
          ]
        },
        "hand_right_3": {
          "rotation": [
            0,
            "20+Math.cos((query.anim_time-0.2) * 90 * (2+2/3)) * -10",
            0
          ]
        },
        "head": {
          "rotation": [
            "-10+Math.cos((query.anim_time-0.6) * 90 * (2+2/3)*2) * 4",
            0,
            0
          ]
        },
        "leg_left_rotate": {
          "rotation": {
            "0.0": [-32.5, 0, 0],
            "0.1667": [-28.35, 0, 0],
            "0.375": [0, 0, 0],
            "0.5417": [21, 0, 0],
            "0.75": [31, 0, 0],
            "0.9167": [23.21, 0, 0],
            "1.1667": [-1.5, 0, 0],
            "1.3333": [-27.35, 0, 0],
            "1.5": [-32.5, 0, 0]
          }
        },
        "right_leg_rotate": {
          "rotation": {
            "0.0": [31, 0, 0],
            "0.1667": [23.21, 0, 10],
            "0.4167": [-1.5, 0, 10],
            "0.5833": [-27.35, 0, 10],
            "0.75": [-32.5, 0, 10],
            "0.9167": [-28.35, 0, 10],
            "1.125": [0, 0, 10],
            "1.2917": [21, 0, 10],
            "1.5": [31, 0, 0]
          }
        },
        "top_sec": {
          "rotation": [
            "7.5+Math.cos((query.anim_time-0.7) * 90 * (2+2/3)*2) * -2",
            0,
            0
          ]
        }
      }
    },
    "animation.genesect.ground_idle": {
      "loop": true,
      "bones": {
        "torso": {
          "rotation": ["-1+Math.cos((query.anim_time) * 90 * 1) * 3", 0, 0]
        },
        "hand_right": {
          "rotation": [
            -0.25903,
            "-1.4687+Math.cos((query.anim_time-1) * 90 * 1) * 3",
            -36.6009
          ]
        },
        "hand_right_3": {
          "rotation": [
            -0.25903,
            "-1.4687+Math.cos((query.anim_time-1) * 90 * 1) * 3",
            0
          ]
        },
        "hand_left": {
          "rotation": [
            -0.25903,
            "-1.4687+Math.cos((query.anim_time-1) * 90 * 1) * 3",
            36.60086
          ]
        },
        "hand_left_3": {
          "rotation": [
            -0.25903,
            "-1.4687+Math.cos((query.anim_time-1) * 90 * 1) * 3",
            0
          ]
        },
        "head": {
          "rotation": [
            "ๅ+Math.cos((query.anim_time+0.2) * 90 * 1) * -4",
            -2.56476,
            -0.0036
          ]
        },
        "top_sec": {
          "rotation": ["1+Math.cos((query.anim_time-0.3) * 90 * 1) * 2", 0, 0]
        }
      }
    },
    "animation.genesect.air_fly": {
      "loop": true,
      "bones": {
        "right_leg_rotate": {
          "rotation": [0, 60, 0]
        },
        "right_leg": {
          "rotation": [-12.5, 0, 0]
        },
        "bone9": {
          "rotation": [25, 0, 0]
        },
        "bone10": {
          "rotation": [90, 0, 0]
        },
        "leg_left_rotate": {
          "rotation": [0, -60, 0]
        },
        "left_leg": {
          "rotation": [-12.5, 0, 0]
        },
        "bone6": {
          "rotation": [22.5, 0, 0]
        },
        "bone8": {
          "rotation": [90, 0, 0]
        },
        "hand_right": {
          "rotation": [0, -90, 0]
        },
        "hand_right_3": {
          "rotation": [0, 90, 0]
        },
        "hand_left": {
          "rotation": [0, 90, 0]
        },
        "hand_left_3": {
          "rotation": [0, -90, 0]
        },
        "head": {
          "rotation": [-7.5, 0, 0],
          "position": [0, -2, -1]
        },
        "cannon": {
          "rotation": [22.25, 0, 0],
          "position": [0, -2.1, -0.475]
        },
        "top_sec": {
          "rotation": [-87.5, 0, 0]
        },
        "full_cannon": {
          "rotation": [20, 0, 0],
          "position": [0, -0.1, -0.4]
        },
        "cannon_topsie": {
          "position": [0, -7, 0]
        },
        "cannontopsie_2": {
          "position": [0, -5, 0]
        },
        "flight_rotation": {
          "rotation": [85, 0, 0]
        },
        "flight_movement": {
          "rotation": ["(math.sin(q.anim_time*90*2)*2)+2.25", 0, 0],
          "position": [
            0,
            "math.sin(q.anim_time*90*1)*0.5+math.sin(q.anim_time*90*2)*1+0.5",
            "math.sin(q.anim_time*90*1)*1"
          ]
        },
        "right_stick": {
          "rotation": [0, -20, 0]
        },
        "left_stick": {
          "rotation": [0, 20, 0]
        }
      }
    }
  }
}
