{
	"format_version": "1.8.0",
	"animations": {
		"animation.bagon.ground_idle": {
			"loop": true,
			"animation_length": 1.3333,
			"bones": {
				"torso": {
					"rotation": ["7.5+math.sin(q.anim_time*90*6)*0.7", "math.sin(q.anim_time*90*3+45)*1", 0],
					"position": [0, "-math.sin(q.anim_time*90*6-40)*0.1", "math.sin(q.anim_time*90*6)*0.05"]
				},
				"chest": {
					"rotation": ["5+math.sin(q.anim_time*90*6-30)*1", 0, 0]
				},
				"neck": {
					"rotation": ["5+math.sin(q.anim_time*90*6-60)*0.25", "-math.sin(q.anim_time*90*3+45)*1", 0]
				},
				"head": {
					"rotation": ["-7.5-math.sin(q.anim_time*90*6-90)*1", 0, 0]
				},
				"arm_left": {
					"rotation": ["6.8387-math.sin(q.anim_time*90*6)*2", 37.22453, "13.396-math.sin(q.anim_time*90*6)*2"]
				},
				"arm_left2": {
					"rotation": [0, 7.5, -5]
				},
				"arm_right": {
					"rotation": ["6.8387-math.sin(q.anim_time*90*6)*2", -37.22453, "-13.396+math.sin(q.anim_time*90*6)*2"]
				},
				"arm_right2": {
					"rotation": [0, -7.5, 5]
				},
				"leg_left": {
					"rotation": ["-3.8931-math.sin(q.anim_time*90*6)*1", -12.45167, -5.12075]
				},
				"leg_left2": {
					"rotation": ["5+math.sin(q.anim_time*90*6)*2", 0, 2.5]
				},
				"foot_left": {
					"rotation": ["0-math.sin(q.anim_time*90*6)*1", -5, 2.5]
				},
				"leg_right": {
					"rotation": ["-3.8931-math.sin(q.anim_time*90*6)*1", 12.45167, 5.12075]
				},
				"leg_right2": {
					"rotation": ["5+math.sin(q.anim_time*90*6)*2", 0, -2.5]
				},
				"foot_right": {
					"rotation": ["0-math.sin(q.anim_time*90*6)*1", 5, -2.5]
				},
				"body": {
					"position": [0, "-math.sin(q.anim_time*90*6)*0.005", "math.sin(q.anim_time*90*6)*0.04"]
				},
				"hair_back": {
					"rotation": [0, 0, 0]
				}
			}
		},
		"animation.bagon.ground_walk": {
			"loop": true,
			"animation_length": 1,
			"bones": {
				"torso": {
					"rotation": ["15+math.sin(q.anim_time*90*8+45)*4", "math.sin(q.anim_time*90*4+90)*6", 0],
					"position": [0, "math.sin(q.anim_time*90*8-45)*0.2", 0]
				},
				"neck": {
					"rotation": ["12.5+math.sin(q.anim_time*90*8-45)*3", "-math.sin(q.anim_time*90*4+100)*5", "math.sin(q.anim_time*90*4+100)*3"]
				},
				"head": {
					"rotation": ["-15+math.sin(q.anim_time*90*8-90)*2", 0, 0]
				},
				"hair_back": {
					"rotation": [20, 0, 0],
					"position": [0, 0.2, 0]
				},
				"arm_left": {
					"rotation": ["7.3519+math.sin(q.anim_time*90*8-45)*6", 42.18633, "14.1985+math.sin(q.anim_time*90*8-45)*6"]
				},
				"arm_left2": {
					"rotation": [0, 5, 0]
				},
				"arm_right": {
					"rotation": ["7.3519+math.sin(q.anim_time*90*8-45)*6", -42.18633, "-14.1985-math.sin(q.anim_time*90*8-45)*6"]
				},
				"arm_right2": {
					"rotation": [0, -5, 0]
				},
				"leg_left": {
					"rotation": {
						"0.0": [-11.3931, -12.45167, -5.12075],
						"0.5": [8.89, -12.45, -5.12],
						"0.6667": {
							"pre": [21.14, -12.45, -14.87],
							"post": [21.14, -12.45, -14.87],
							"lerp_mode": "catmullrom"
						},
						"0.8333": {
							"post": [-13.61, -12.45, -11.42],
							"lerp_mode": "catmullrom"
						},
						"1.0": [-11.3931, -12.45167, -5.12075]
					},
					"position": {
						"0.0": [0, 0, -0.6],
						"0.25": [0.11, 0.075, 0.04],
						"0.5": [0.225, 0, 0.675],
						"0.75": {
							"pre": [0, 1, -0.25],
							"post": [0, 1, -0.25],
							"lerp_mode": "catmullrom"
						},
						"0.875": {
							"post": [0, 0.6, -0.54],
							"lerp_mode": "catmullrom"
						},
						"1.0": [0, 0, -0.6]
					}
				},
				"leg_left2": {
					"relative_to": {
						"rotation": "entity"
					},
					"rotation": {
						"0.0": [0, 0, -2.5],
						"0.5": [12.48848, 0.54094, -2.44081],
						"0.7083": [40.60193, 3.5621, -0.91411],
						"0.8333": [-13.93402, 0.61235, -2.68816],
						"1.0": [0, 0, -2.5]
					}
				},
				"foot_left": {
					"rotation": {
						"0.0": [0, -5, 2.5],
						"0.5": [-12.5, -5, 2.5],
						"0.5833": [-12.92857, -5, 2.5],
						"0.75": [0, -5, 2.5],
						"0.8333": [-5, -5, 2.5],
						"1.0": [0, -5, 2.5]
					}
				},
				"leg_right": {
					"rotation": {
						"0.0": [8.89, 12.45, 5.12],
						"0.1667": {
							"pre": [21.14, 12.45, 14.87],
							"post": [21.14, 12.45, 14.87],
							"lerp_mode": "catmullrom"
						},
						"0.3333": {
							"post": [-13.61, 12.45, 11.42],
							"lerp_mode": "catmullrom"
						},
						"0.5": [-11.3931, 12.45167, 5.12075],
						"1.0": [8.89, 12.45, 5.12]
					},
					"position": {
						"0.0": [-0.225, 0, 0.675],
						"0.25": {
							"pre": [0, 1, -0.25],
							"post": [0, 1, -0.25],
							"lerp_mode": "catmullrom"
						},
						"0.375": {
							"post": [0, 0.6, -0.54],
							"lerp_mode": "catmullrom"
						},
						"0.5": [0, 0, -0.6],
						"0.75": [-0.11, 0.075, 0.04],
						"1.0": [-0.225, 0, 0.675]
					}
				},
				"leg_right2": {
					"rotation": {
						"0.0": [4.36348, -7.96594, -3.13419],
						"0.2083": [32.47693, -10.9871, -4.66089],
						"0.3333": [6.04098, -8.03735, -2.88684],
						"0.5": [10.675, -7.425, -3.075],
						"1.0": [4.36348, -7.96594, -3.13419]
					}
				},
				"foot_right": {
					"rotation": {
						"0.0": [-12.5, 5, -2.5],
						"0.0833": [-12.92857, 5, -2.5],
						"0.25": [0, 5, -2.5],
						"0.3333": [-5, 5, -2.5],
						"0.5": [0, 5, -2.5],
						"1.0": [-12.5, 5, -2.5]
					}
				}
			}
		},
		"animation.bagon.battle_idle": {
			"loop": true,
			"animation_length": 1,
			"bones": {
				"torso": {
					"rotation": ["15+math.sin(q.anim_time*90*8)*0.5", "math.sin(q.anim_time*90*4+45)*1.5", "math.cos(q.anim_time*90*4)*0.5"],
					"position": [0, "-math.sin(q.anim_time*90*8-40)*0.07", "math.sin(q.anim_time*90*8)*0.05"]
				},
				"chest": {
					"rotation": ["5+math.sin(q.anim_time*90*8-30)*1", 0, "math.cos(q.anim_time*90*4-40)*0.5"]
				},
				"neck": {
					"rotation": ["17.5+math.sin(q.anim_time*90*8-60)*0.5", "0-math.sin(q.anim_time*90*4+45)*1.2", "-math.cos(q.anim_time*90*4-70)*1"]
				},
				"head": {
					"rotation": ["-25-math.sin(q.anim_time*90*8-90)*1", 0, "math.cos(q.anim_time*90*4-70)*1"]
				},
				"arm_left": {
					"rotation": ["1.8427-math.sin(q.anim_time*90*8)*5", 52.97848, "3.8685-math.sin(q.anim_time*90*8)*5"]
				},
				"arm_left2": {
					"rotation": [0, 7.5, -5]
				},
				"arm_right": {
					"rotation": ["1.8427-math.sin(q.anim_time*90*8)*5", -52.97848, "-3.8685+math.sin(q.anim_time*90*8)*5"]
				},
				"arm_right2": {
					"rotation": [0, -7.5, 5]
				},
				"leg_left": {
					"rotation": ["-3.8931-math.sin(q.anim_time*90*8)*1", -12.45167, -5.12075]
				},
				"leg_left2": {
					"rotation": ["5+math.sin(q.anim_time*90*8)*2", 0, 2.5]
				},
				"foot_left": {
					"rotation": ["0-math.sin(q.anim_time*90*8)*1", -5, 2.5]
				},
				"leg_right": {
					"rotation": ["-3.8931-math.sin(q.anim_time*90*8)*1", 12.45167, 5.12075]
				},
				"leg_right2": {
					"rotation": ["5+math.sin(q.anim_time*90*8)*2", 0, -2.5]
				},
				"foot_right": {
					"rotation": ["0-math.sin(q.anim_time*90*8)*1", 5, -2.5]
				},
				"body": {
					"position": [0, "-math.sin(q.anim_time*90*8)*0.005", "math.sin(q.anim_time*90*8)*0.04"]
				},
				"pupil_left": {
					"position": [-0.1, 0, 0]
				},
				"pupil_right": {
					"position": [0.1, 0, 0]
				},
				"hair_back": {
					"rotation": [30, 0, 0],
					"position": [0, 0.6, -0.2]
				},
				"hair_back2": {
					"rotation": [-12.5, 0, 0]
				},
				"hair_back3": {
					"rotation": [7.5, 0, 0]
				}
			}
		},
		"animation.bagon.cry": {
			"animation_length": 1.25,
			"bones": {
				"neck": {
					"rotation": {
						"0.0": [0, 0, 0],
						"0.125": {
							"pre": [7.5, 0, 0],
							"post": [7.5, 0, 0],
							"lerp_mode": "catmullrom"
						},
						"0.25": {
							"post": [7.5, 0, 0],
							"lerp_mode": "catmullrom"
						},
						"0.75": [0, 0, 0]
					},
					"position": {
						"0.0": [0, 0, 0],
						"0.125": {
							"pre": [0, 0, -0.2],
							"post": [0, 0, -0.2],
							"lerp_mode": "catmullrom"
						},
						"0.25": {
							"post": [0, 0, -0.2],
							"lerp_mode": "catmullrom"
						},
						"0.75": [0, 0, 0]
					}
				},
				"head": {
					"rotation": {
						"0.0": [0, 0, 0],
						"0.125": {
							"pre": [-12.5, 0, 0],
							"post": [-12.5, 0, 0],
							"lerp_mode": "catmullrom"
						},
						"0.3333": {
							"post": [-19.5, 0, 0],
							"lerp_mode": "catmullrom"
						},
						"0.75": [0, 0, 0]
					}
				},
				"jaw": {
					"rotation": {
						"0.0417": [0, 0, 0],
						"0.1667": {
							"pre": [32, 0, 0],
							"post": [32, 0, 0],
							"lerp_mode": "catmullrom"
						},
						"0.25": {
							"post": [31.25, 0, 0],
							"lerp_mode": "catmullrom"
						},
						"0.3333": {
							"post": [32.5, 0, 0],
							"lerp_mode": "catmullrom"
						},
						"0.5417": {
							"post": [30, 0, 0],
							"lerp_mode": "catmullrom"
						},
						"0.7917": [0, 0, 0]
					}
				},
				"hair_back": {
					"rotation": {
						"0.0": [0, 0, 0],
						"0.1667": {
							"pre": [15, 0, 0],
							"post": [15, 0, 0],
							"lerp_mode": "catmullrom"
						},
						"0.2917": {
							"post": [10, 0, 0],
							"lerp_mode": "catmullrom"
						},
						"0.4583": {
							"post": [20, 0, 0],
							"lerp_mode": "catmullrom"
						},
						"0.75": [0, 0, 0]
					},
					"position": {
						"0.0": [0, 0, 0],
						"0.1667": {
							"pre": [0, 0.1, 0],
							"post": [0, 0.1, 0],
							"lerp_mode": "catmullrom"
						},
						"0.2917": {
							"post": [0, 0.1, 0],
							"lerp_mode": "catmullrom"
						},
						"0.4583": {
							"post": [0, 0.3, 0],
							"lerp_mode": "catmullrom"
						},
						"0.75": [0, 0, 0]
					}
				}
			},
			"sound_effects": {
				"0.0833": {
					"effect": "pokemon.bagon.cry"
				}
			}
		},
		"animation.bagon.blink": {
			"animation_length": 0.1667,
			"bones": {
				"eyelid_left": {
					"position": {
						"0.0": [0.1, 0, -0.1],
						"0.125": [0.1, 0, -0.1],
						"0.1667": [0, 0, 0]
					}
				},
				"eyelid_right": {
					"position": {
						"0.0": [-0.1, 0, -0.1],
						"0.125": [-0.1, 0, -0.1],
						"0.1667": [0, 0, 0]
					}
				}
			}
		}
	}
}