{
	"format_version": "1.8.0",
	"animations": {
		"animation.magmar.ground_idle": {
			"loop": true,
			"bones": {
				"tail": {
					"rotation": [-25, 0, 0]
				},
				"tail2": {
					"rotation": [25, 0, 0]
				},
				"tail3": {
					"rotation": [20, 0, 0]
				},
				"tail4": {
					"rotation": [-20, 0, 0]
				},
				"arm_right": {
					"rotation": [20, -10, -20]
				},
				"arm_right2": {
					"rotation": [0, 0, -28]
				},
				"arm_right3": {
					"rotation": [0, -30, 0]
				},
				"elbow_frill_right": {
					"rotation": [0, 30, 0]
				},
				"finger_pinky_right": {
					"rotation": [0, 0, -10]
				},
				"finger_ring_right": {
					"rotation": [0, 0, -5]
				},
				"finger_middle_right": {
					"rotation": [0, 0, -10]
				},
				"finger_index_right": {
					"rotation": [0, 0, -15]
				},
				"finger_thumb_right": {
					"rotation": [10, 10, 0]
				},
				"arm_left": {
					"rotation": [20, 10, 20]
				},
				"arm_left2": {
					"rotation": [0, 0, 28]
				},
				"arm_left3": {
					"rotation": [0, 30, 0]
				},
				"elbow_frill_left": {
					"rotation": [0, -30, 0]
				},
				"finger_pinky_left": {
					"rotation": [0, 0, 10]
				},
				"finger_ring_left": {
					"rotation": [0, 0, 5]
				},
				"finger_middle_left": {
					"rotation": [0, 0, 10]
				},
				"finger_index_left": {
					"rotation": [0, 0, 15]
				},
				"finger_thumb_left": {
					"rotation": [10, -10, 0]
				},
				"leg_right": {
					"rotation": [0, 5, 5]
				},
				"leg_right2": {
					"rotation": [0, 8, 0]
				},
				"foot_right": {
					"rotation": [2, 0, -5]
				},
				"leg_left": {
					"rotation": [0, -5, -5]
				},
				"leg_left2": {
					"rotation": [0, -8, 0]
				},
				"foot_left": {
					"rotation": [2, 0, 5]
				}
			}
		},
		"animation.magmar.blink": {
			"animation_length": 0.1667,
			"bones": {
				"eyelid_right": {
					"position": {
						"0.0": [-0.1, 0, -0.1],
						"0.125": {"pre": [-0.1, 0, -0.1], "post": [-0.1, 0, -0.1]},
						"0.1667": {"pre": [-0.1, 0, -0.1], "post": [0, 0, 0]}
					}
				},
				"eyelid_left": {
					"position": {
						"0.0": [0.1, 0, -0.1],
						"0.125": {"pre": [0.1, 0, -0.1], "post": [0.1, 0, -0.1]},
						"0.1667": {"pre": [0.1, 0, -0.1], "post": [0, 0, 0]}
					}
				}
			}
		},
		"animation.magmar.mouth_open": {
			"loop": true,
			"bones": {
				"jaw": {
					"rotation": [32.5, 0, 0],
					"position": [0, -0.1, 0]
				},
				"jaw_left": {
					"rotation": [0, 0, -25]
				},
				"jaw_right": {
					"rotation": [0, 0, 25]
				},
				"beak_left": {
					"rotation": [0, 0, 10]
				},
				"beak_right": {
					"rotation": [0, 0, -10]
				}
			}
		},
		"animation.magmar.angry": {
			"loop": true,
			"bones": {
				"lump_right": {
					"rotation": [0, 0, 3]
				},
				"lump_left": {
					"rotation": [0, 0, -3]
				},
				"eye_emote_left3": {
					"position": [0, 0, 0.1]
				},
				"eye_emote_right3": {
					"position": [0, 0, 0.1]
				},
				"beak_right": {
					"rotation": [0, 0, -5]
				},
				"beak_left": {
					"rotation": [0, 0, 5]
				}
			}
		},
		"animation.magmar.sad": {
			"loop": true,
			"bones": {
				"lump_right": {
					"rotation": [0, 0, -5]
				},
				"lump_left": {
					"rotation": [0, 0, 5]
				},
				"eye_emote_left": {
					"position": [-0.75, 0, 0]
				},
				"eye_emote_right": {
					"position": [0.75, 0, 0]
				}
			}
		},
		"animation.magmar.happy": {
			"loop": true,
			"bones": {
				"eyelid_happy_right": {
					"position": [-0.1, 0, -0.1]
				},
				"eyelid_happy_left": {
					"position": [0.1, 0, -0.1]
				}
			}
		},
		"animation.magmar.surprised": {
			"loop": true,
			"bones": {
				"lump_right": {
					"position": [0, 0.5, 0]
				},
				"lump_left": {
					"position": [0, 0.5, 0]
				},
				"pupil_right": {
					"scale": [0.6, 0.6, 1]
				},
				"pupil_left": {
					"scale": [0.6, 0.6, 1]
				},
				"jaw": {
					"rotation": [32.5, 0, 0],
					"position": [0, -0.1, 0]
				},
				"jaw_right": {
					"rotation": [0, 0, 10]
				},
				"jaw_left": {
					"rotation": [0, 0, -10]
				}
			}
		},
		"animation.magmar.cry": {
			"animation_length": 1.2,
			"sound_effects": {
				"0.04": {
					"effect": "pokemon.magmar.cry"
				}
			}
		}
	}
}