{
	"format_version": "1.8.0",
	"animations": {
		"animation.rhyhorn.ground_idle": {
			"loop": true,
			"bones": {
				"left_front_leg": {
					"rotation": [2.5, 0, 0]
				},
				"left_front_foot": {
					"rotation": [-2.5, 0, 0]
				},
				"right_front_leg": {
					"rotation": [2.5, 0, 0]
				},
				"right_front_foot": {
					"rotation": [-2.5, 0, 0]
				},
				"left_back_leg": {
					"rotation": [5, 0, 0]
				},
				"left_back_foot": {
					"rotation": [-5, 0, 0]
				},
				"right_back_leg": {
					"rotation": [5, 0, 0]
				},
				"right_back_foot": {
					"rotation": [-5, 0, 0]
				}
			}
		},
		"animation.rhyhorn.pose": {
			"loop": true,
			"bones": {
				"jaw": {
					"rotation": [42.5, 0, 0]
				},
				"torso": {
					"rotation": [-2.5, 0, 0]
				},
				"head_angle": {
					"rotation": [-15.00954, 4.99523, -0.21865]
				},
				"left_front_leg": {
					"rotation": [15, 0, 0],
					"position": [0, -0.5, 0]
				},
				"left_front_foot": {
					"rotation": [-15, 0, 0],
					"position": [0, 0.25, 0]
				},
				"left_back_leg": {
					"rotation": [12.5, 0, 0]
				},
				"left_back_foot": {
					"rotation": [-5.12076, -12.45167, 1.10693]
				},
				"left_back_claws": {
					"rotation": [-7.5, 0, 0]
				},
				"right_front_leg": {
					"rotation": [0, 0, 0]
				},
				"right_back_leg": {
					"rotation": [35, 0, 0]
				},
				"right_back_foot": {
					"rotation": [20, 0, 0]
				},
				"right_back_claws": {
					"rotation": [-55, 0, 0],
					"position": [0, 0.5, -0.5]
				}
			}
		},
		"animation.rhyhorn.blink": {
			"animation_length": 0.1667,
			"bones": {
				"left_eyelid": {
					"position": {
						"0.0": [0.1, 0, 0],
						"0.125": {"pre": [0.1, 0, 0], "post": [0.1, 0, 0]},
						"0.1667": {"pre": [0.1, 0, 0], "post": [0, 0, 0]}
					}
				},
				"right_eyelid": {
					"position": {
						"0.0": [-0.1, 0, 0],
						"0.125": {"pre": [-0.1, 0, 0], "post": [-0.1, 0, 0]},
						"0.1667": {"pre": [-0.1, 0, 0], "post": [0, 0, 0]}
					}
				}
			}
		},
		"animation.rhyhorn.expressions": {
			"loop": true,
			"animation_length": 1.25,
			"bones": {
				"head_angle": {
					"rotation": {
						"0.0": [-12.5, 0, 0],
						"0.25": {"pre": [-12.5, 0, 0], "post": [-12.5, 0, 0]},
						"0.5": {"pre": [-12.5, 0, 0], "post": [0, 0, 0]}
					}
				},
				"left_eyebrow": {
					"rotation": {
						"0.0": [-15, 0, 0],
						"0.25": {"pre": [-15, 0, 0], "post": [-27.5, 0, 0]},
						"0.5": {"pre": [-27.5, 0, 0], "post": [10, 0, 0]},
						"0.75": {"pre": [10, 0, 0], "post": [-30, 0, 0]},
						"1.0": {"pre": [-30, 0, 0], "post": [5, 0, 0]}
					},
					"position": {
						"0.0": [0, 0.75, 0],
						"0.25": {"pre": [0, 0.75, 0], "post": [0, 0.65, 0]},
						"0.5": {"pre": [0, 0.65, 0], "post": [0, -0.25, -0.25]},
						"0.75": {"pre": [0, -0.25, -0.25], "post": [0, -0.5, 0]},
						"1.0": {"pre": [0, -0.5, 0], "post": [0, -0.5, 0]}
					}
				},
				"right_eyebrow": {
					"rotation": {
						"0.0": [-15, 0, 0],
						"0.25": {"pre": [-15, 0, 0], "post": [-27.5, 0, 0]},
						"0.5": {"pre": [-27.5, 0, 0], "post": [10, 0, 0]},
						"0.75": {"pre": [10, 0, 0], "post": [-30, 0, 0]},
						"1.0": {"pre": [-30, 0, 0], "post": [5, 0, 0]}
					},
					"position": {
						"0.0": [0, 0.75, 0],
						"0.25": {"pre": [0, 0.75, 0], "post": [0, 0.65, 0]},
						"0.5": {"pre": [0, 0.65, 0], "post": [0, -0.25, -0.25]},
						"0.75": {"pre": [0, -0.25, -0.25], "post": [0, -0.5, 0]},
						"1.0": {"pre": [0, -0.5, 0], "post": [0, -0.5, 0]}
					}
				},
				"jaw": {
					"rotation": {
						"0.0": [30, 0, 0],
						"0.25": {"pre": [30, 0, 0], "post": [30, 0, 0]},
						"0.5": {"pre": [30, 0, 0], "post": [0, 0, 0]},
						"0.75": {"pre": [0, 0, 0], "post": [0, 0, 0]},
						"1.0": {"pre": [0, 0, 0], "post": [0, 0, 0]}
					}
				},
				"left_eye": {
					"position": {
						"0.0": [0, 0, 0],
						"0.25": [0, 0, 0]
					}
				},
				"left_eyelid": {
					"position": {
						"0.0": [0, 0, 0],
						"1.0": {"pre": [0, 0, 0], "post": [0.1, 0, 0]}
					}
				},
				"left_eyelid_happy": {
					"position": {
						"0.0": [0.1, 0, 0],
						"0.25": {"pre": [0.1, 0, 0], "post": [0, 0, 0]},
						"0.5": {"pre": [0, 0, 0], "post": [0, 0, 0]},
						"0.75": {"pre": [0, 0, 0], "post": [0, 0, 0]},
						"1.0": {"pre": [0, 0, 0], "post": [0, 0, 0]}
					}
				},
				"left_eyelid_sad": {
					"position": {
						"0.0": [0, 0, 0],
						"0.75": {"pre": [0, 0, 0], "post": [0.1, 0, 0]},
						"1.0": {"pre": [0.1, 0, 0], "post": [0, 0, 0]}
					}
				},
				"left_eyelid_angry": {
					"position": {
						"0.0": [0, 0, 0],
						"0.5": {"pre": [0, 0, 0], "post": [0.1, 0, 0]},
						"0.75": {"pre": [0.1, 0, 0], "post": [0, 0, 0]}
					}
				},
				"right_eyelid": {
					"rotation": [0, 0, 0],
					"position": {
						"0.0": [0, 0, 0],
						"1.0": {"pre": [0, 0, 0], "post": [-0.1, 0, 0]}
					}
				},
				"right_eye": {
					"position": {
						"0.0": [0, 0, 0],
						"0.25": [0, 0, 0]
					}
				},
				"right_eyelid_happy": {
					"position": {
						"0.0": [-0.1, 0, 0],
						"0.25": {"pre": [-0.1, 0, 0], "post": [0, 0, 0]},
						"0.5": {"pre": [0, 0, 0], "post": [0, 0, 0]},
						"0.75": {"pre": [0, 0, 0], "post": [0, 0, 0]},
						"1.0": {"pre": [0, 0, 0], "post": [0, 0, 0]}
					}
				},
				"right_eyelid_sad": {
					"position": {
						"0.0": [0, 0, 0],
						"0.75": {"pre": [0, 0, 0], "post": [-0.1, 0, 0]},
						"1.0": {"pre": [-0.1, 0, 0], "post": [0, 0, 0]}
					}
				},
				"right_eyelid_angry": {
					"position": {
						"0.0": [0, 0, 0],
						"0.5": {"pre": [0, 0, 0], "post": [-0.1, 0, 0]},
						"0.75": {"pre": [-0.1, 0, 0], "post": [0, 0, 0]}
					}
				},
				"right_pupil": {
					"position": {
						"0.0": [0, 0, 0],
						"0.25": {"pre": [0, 0, 0], "post": [0, 0, 0]},
						"0.5": {"pre": [0, 0, 0], "post": [0, 0, 0]}
					},
					"scale": {
						"0.0": [1, 1, 1],
						"0.25": {"pre": [1, 1, 1], "post": [0.7, 0.7, 0.7]},
						"0.5": {"pre": [0.7, 0.7, 0.7], "post": [1, 1, 1]},
						"0.75": {"pre": [1, 1, 1], "post": [1, 1, 1]},
						"1.0": {"pre": [1, 1, 1], "post": [1, 1, 1]}
					}
				},
				"left_pupil": {
					"position": {
						"0.0": [0, 0, 0],
						"0.5": {"pre": [0, 0, 0], "post": [0, 0, 0]}
					},
					"scale": {
						"0.0": [1, 1, 1],
						"0.25": {"pre": [1, 1, 1], "post": [0.7, 0.7, 0.7]},
						"0.5": {"pre": [0.7, 0.7, 0.7], "post": [1, 1, 1]},
						"0.75": {"pre": [1, 1, 1], "post": [1, 1, 1]},
						"1.0": {"pre": [1, 1, 1], "post": [1, 1, 1]}
					}
				}
			}
		},
		"animation.rhyhorn.cry": {
			"animation_length": 1.2,
			"sound_effects": {
				"0.04": {
					"effect": "pokemon.rhyhorn.cry"
				}
			}
		}
	}
}