{
  "format_version": "1.8.0",
  "animations": {
    "animation.poltchageist.ground_idle": {
      "loop": true,
      "bones": {
        "hand_right": {
          "rotation": [23.03788, 31.82375, -23.1808],
          "position": [0, 0, -2.675]
        },
        "teadrop2": {
          "position": [0, "0+math.sin(q.anim_time*90*2-90)*-0.5", 0]
        },
        "hand_left": {
          "rotation": [-50.00188, -28.12806, 29.33087],
          "position": [0, 2.375, 0]
        },
        "bone2": {
          "rotation": [24.5, 0, 0],
          "position": [0, 0.275, 0.25]
        },
        "bone7": {
          "rotation": [41, 0, 0]
        },
        "bone6": {
          "rotation": [5.75, 0, 0]
        },
        "teadrop": {
          "position": [0, "0+math.sin(q.anim_time*90*2-90)*0.5", 0]
        },
        "spoon": {
          "rotation": [95.16963, -0.76588, 3.84611],
          "position": [-3.725, -0.225, 1.85]
        },
        "pot": {
          "rotation": [
            "0+math.sin(q.anim_time*90*0.75-90)*3",
            0,
            "0+math.sin(q.anim_time*90*1.5-90)*3"
          ],
          "position": [
            "0+math.sin(q.anim_time*90*1.5)*3",
            "0+math.sin(q.anim_time*90*3)*1",
            "0+math.sin(q.anim_time*90*3)*0.5"
          ]
        },
        "cap": {
          "rotation": [
            "0+math.sin(q.anim_time*90*3-90)*2",
            0,
            "0-math.sin(q.anim_time*90*1.5-90)*-9"
          ],
          "position": [0, "0.25+math.sin(q.anim_time*90*3)*0.2", 0]
        },
        "ghost": {
          "rotation": [0, 0, "0+math.sin(q.anim_time*90*1.5-60)*2.5"],
          "position": [0, "0+math.sin(q.anim_time*90*3-90)*0.2", 0]
        },
        "head": {
          "rotation": [0, 0, "0+math.sin(q.anim_time*90*1.5-60)*3"],
          "position": [0, "-0.625+math.sin(q.anim_time*90*3-90)*0.4", 0]
        },
        "hand_l_movement": {
          "rotation": [
            "0+math.sin(q.anim_time*90*3)*10",
            0,
            "0+math.sin(q.anim_time*90*1.5-90)*10"
          ],
          "position": [0, "0+math.sin(q.anim_time*90*3-90)*0.4", 0]
        },
        "hand_r_movement": {
          "rotation": [
            "0+math.sin(q.anim_time*90*3)*10",
            0,
            "0+math.sin(q.anim_time*90*1.5-120)*10"
          ],
          "position": [0, "0+math.sin(q.anim_time*90*3-120)*-0.4", 0]
        }
      }
    },
    "animation.poltchageist.ground_walk": {
      "loop": true,
      "bones": {
        "hand_right": {
          "rotation": [23.03788, 31.82375, -23.1808],
          "position": [0, 0, -2.675]
        },
        "teadrop2": {
          "position": [0, "0+math.sin(q.anim_time*90*2-90)*-0.5", 0]
        },
        "hand_left": {
          "rotation": [-50.00188, -28.12806, 29.33087],
          "position": [0, 2.375, 0]
        },
        "bone2": {
          "rotation": [24.5, 0, 0],
          "position": [0, 0.275, 0.25]
        },
        "bone7": {
          "rotation": [41, 0, 0]
        },
        "bone6": {
          "rotation": [5.75, 0, 0]
        },
        "teadrop": {
          "position": [0, "0+math.sin(q.anim_time*90*2-90)*0.5", 0]
        },
        "spoon": {
          "rotation": [95.16963, -0.76588, 3.84611],
          "position": [-3.725, -0.225, 1.85]
        },
        "pot": {
          "rotation": [
            10,
            "0+math.sin(q.anim_time*90*1.5-90)*4",
            "0+math.sin(q.anim_time*90*1.5+60)*3"
          ],
          "position": [
            "0+math.sin(q.anim_time*90*1.5)*2",
            "0+math.sin(q.anim_time*90*3)*1",
            "0+math.sin(q.anim_time*90*3)*0.5"
          ]
        },
        "ghost": {
          "position": [0, -10, 0]
        },
        "hand_l_movement": {
          "rotation": [
            "0+math.sin(q.anim_time*90*3)*10",
            0,
            "0+math.sin(q.anim_time*90*1.5-90)*10"
          ],
          "position": [0, "0+math.sin(q.anim_time*90*3-90)*0.4", 0]
        },
        "hand_r_movement": {
          "rotation": [
            "0+math.sin(q.anim_time*90*3)*10",
            0,
            "0+math.sin(q.anim_time*90*1.5-120)*10"
          ],
          "position": [0, "0+math.sin(q.anim_time*90*3-120)*-0.4", 0]
        }
      }
    }
  }
}
