{
  "format_version": "1.8.0",
  "animations": {
    "animation.regice.ground_idle": {
      "loop": true,
      "animation_length": 4,
      "bones": {
        "chest": {
          "rotation": [
            "math.sin(query.anim_time*90*1-20)*0.5",
            "math.sin(query.anim_time*90*1-20)*0.5",
            0
          ]
        },
        "arm_left": {
          "rotation": [
            "-math.sin(query.anim_time*90*1-40)*3",
            0,
            "35-math.cos(query.anim_time*90*1-40)*2+2"
          ],
          "position": [4.7, 0, 0]
        },
        "arm_right": {
          "rotation": [
            "-math.sin(query.anim_time*90*1-40)*3",
            0,
            "-35+math.cos(query.anim_time*90*1-40)*2-2"
          ]
        },
        "torso": {
          "rotation": ["math.sin(query.anim_time*90*1-0)*1", 0, 0]
        }
      }
    },
    "animation.regice.ground_walk": {
      "loop": true,
      "animation_length": 2,
      "bones": {
        "chest": {
          "rotation": [
            "5+math.sin(query.anim_time*90*2-20)*1",
            "math.sin(query.anim_time*90*2-20)*1",
            0
          ]
        },
        "arm_left": {
          "rotation": [
            "-10-math.sin(query.anim_time*90*2-40)*6",
            0,
            "35-math.cos(query.anim_time*90*4-40)*2+2"
          ],
          "position": [4.7, 0, 0]
        },
        "arm_right": {
          "rotation": [
            "-10-math.sin(query.anim_time*90*2-40)*6",
            0,
            "-35+math.cos(query.anim_time*90*4-40)*2-2"
          ]
        },
        "torso": {
          "rotation": ["math.sin(query.anim_time*90*2-0)*2", 0, 0],
          "position": [0, 0, "-math.sin(query.anim_time*90*2-0)*1"]
        },
        "leg_right": {
          "rotation": [0, 0, "-math.cos(query.anim_time*90*2+20)*2+2"]
        },
        "leg_left": {
          "rotation": [0, 0, "math.cos(query.anim_time*90*2+20)*2-2"]
        }
      }
    }
  }
}
