{
  "format_version": "1.8.0",
  "animations": {
    "animation.reuniclus.ground_idle": {
      "loop": true,
      "animation_length": 4,
      "bones": {
        "body": {
          "rotation": [
            "-15+math.sin(query.anim_time*90*2+90)*1",
            0,
            "0+math.sin(query.anim_time*90*2/2-90)*1"
          ],
          "position": [
            "0+math.sin(query.anim_time*90*2/2-0)*1",
            "6+math.sin(query.anim_time*90*2-0)*0.5",
            0
          ]
        },
        "tail": {
          "rotation": ["-45-math.sin(query.anim_time*90*2-120)*2", 0, 0]
        },
        "torso": {
          "rotation": [
            "-17.5+math.sin(query.anim_time*90*2-45)*2",
            0,
            "0+math.sin(query.anim_time*90*2/2-45)*2"
          ],
          "position": [0, "0+math.sin(query.anim_time*90*2-60)*0.25", 0]
        },
        "torso2": {
          "rotation": [5, 0, 0]
        },
        "head": {
          "rotation": [
            "22.5-math.sin(query.anim_time*90*2-90)*2",
            0,
            "0+math.sin(query.anim_time*90*2/2-90)*2"
          ]
        },
        "arm_left": {
          "rotation": [0, 0, "15-math.sin(query.anim_time*90*2-30)*1"]
        },
        "arm_left2": {
          "rotation": [
            0.78795,
            17.48281,
            "-17.3788-math.sin(query.anim_time*90*2-60)*2"
          ]
        },
        "arm_left3": {
          "rotation": [0, 15, -0.00003],
          "position": [-1.25, 0, 0]
        },
        "arm_left4": {
          "rotation": [
            -4.90709,
            "14.4672-math.sin(query.anim_time*90*2/2-90)*3",
            "-5.3039-math.sin(query.anim_time*90*2-90)*3"
          ],
          "position": [1.75, 0, 0]
        },
        "thumb_left": {
          "rotation": ["20-math.sin(query.anim_time*90*2-120)*3", 5, -15]
        },
        "finger_left": {
          "rotation": [0, "30+math.sin(query.anim_time*90*2-120)*3", -15]
        },
        "pointer_left": {
          "rotation": [0, "30+math.sin(query.anim_time*90*2-120)*3", 20]
        },
        "leg_right": {
          "rotation": [
            "35.5456-math.sin(query.anim_time*90*2-90)*3",
            6.90651,
            14.27634
          ]
        },
        "foot_right": {
          "rotation": ["17.5-math.sin(query.anim_time*90*2-135)*4", 0, 0]
        },
        "leg_left": {
          "rotation": [
            "35.5456-math.sin(query.anim_time*90*2-90)*3",
            -6.90651,
            -14.27634
          ]
        },
        "foot_left": {
          "rotation": ["17.5-math.sin(query.anim_time*90*2-135)*4", 0, 0]
        },
        "arm_right2": {
          "rotation": [
            0.78795,
            -17.48281,
            "17.3788+math.sin(query.anim_time*90*2-60)*2"
          ]
        },
        "arm_right3": {
          "rotation": [0, -15, 0.00003],
          "position": [1.25, 0, 0]
        },
        "arm_right4": {
          "rotation": [
            -4.90709,
            "-14.4672-math.sin(query.anim_time*90*2/2-90)*3",
            "5.3039+math.sin(query.anim_time*90*2-90)*3"
          ]
        },
        "thumb_right": {
          "rotation": ["20-math.sin(query.anim_time*90*2-120)*3", -5, 15]
        },
        "finger_right": {
          "rotation": [0, "-30+math.sin(query.anim_time*90*2-120)*3", 15]
        },
        "pointer_right": {
          "rotation": [0, "-30+math.sin(query.anim_time*90*2-120)*3", -20]
        },
        "ear_left": {
          "rotation": [
            "0+math.sin(query.anim_time*90*2+70)*2",
            0,
            "0+math.sin(query.anim_time*90*2/2-180)*2"
          ]
        },
        "ear_right": {
          "rotation": [
            "0+math.sin(query.anim_time*90*2+70)*2",
            0,
            "0-math.sin(query.anim_time*90*2/2-180)*2"
          ]
        },
        "arm_right": {
          "rotation": [0, 0, "-15+math.sin(query.anim_time*90*2-30)*1"]
        },
        "ear_right2": {
          "position": [0, "0+math.sin(query.anim_time*90*2-80)*0.25", 0]
        },
        "ear_left2": {
          "position": [0, "0+math.sin(query.anim_time*90*2-80)*0.25", 0]
        }
      }
    },
    "animation.reuniclus.ground_walk": {
      "loop": true,
      "animation_length": 4,
      "bones": {
        "body": {
          "rotation": [
            "2.5+math.sin(query.anim_time*90*2+90)*1",
            0,
            "math.sin(query.anim_time*90*2/2-90)*1"
          ],
          "position": [
            0,
            "6+math.sin(query.anim_time*90*2-0)*0.5",
            "0+math.sin(query.anim_time*90*2+45)*1"
          ]
        },
        "tail": {
          "rotation": ["-40-math.sin(query.anim_time*90*2-140)*4", 0, 0]
        },
        "torso": {
          "rotation": [
            "12.5+math.sin(query.anim_time*90*2-45)*2",
            0,
            "0+math.sin(query.anim_time*90*2/2-45)*2"
          ],
          "position": [
            0,
            "0+math.sin(query.anim_time*90*2-60)*0.4",
            "2+math.sin(query.anim_time*90*2+45)*0.1"
          ]
        },
        "torso2": {
          "rotation": [-7.5, 0, 0]
        },
        "head": {
          "rotation": [
            "-5-math.sin(query.anim_time*90*2-90)*2",
            0,
            "0+math.sin(query.anim_time*90*2/2-90)*2"
          ]
        },
        "arm_left": {
          "rotation": [
            0.91818,
            "-7.4398-math.sin(query.anim_time*90*2-30)*1",
            "7.4443-math.sin(query.anim_time*90*2-30)*1"
          ]
        },
        "arm_left2": {
          "rotation": [
            0.78795,
            "17.4828-math.sin(query.anim_time*90*2-60)*2",
            "-17.3788-math.sin(query.anim_time*90*2-60)*2"
          ]
        },
        "arm_left3": {
          "rotation": [0, 12.5, -0.00003],
          "position": [-1.25, 0, 0]
        },
        "arm_left4": {
          "rotation": [
            -4.90709,
            "14.4672-math.sin(query.anim_time*90*2-90)*3",
            "-5.3039-math.sin(query.anim_time*90*2-90)*3"
          ],
          "position": [1.75, 0, 0]
        },
        "thumb_left": {
          "rotation": ["20-math.sin(query.anim_time*90*2-120)*6", 5, -15]
        },
        "finger_left": {
          "rotation": [0, "30-math.sin(query.anim_time*90*2-120)*6", -15]
        },
        "pointer_left": {
          "rotation": [0, "30-math.sin(query.anim_time*90*2-120)*6", 20]
        },
        "leg_right": {
          "rotation": [
            "20.5456-math.sin(query.anim_time*90*2-90)*3",
            6.90651,
            14.27634
          ]
        },
        "foot_right": {
          "rotation": ["22.5-math.sin(query.anim_time*90*2-135)*4", 0, 0]
        },
        "leg_left": {
          "rotation": [
            "20.5456-math.sin(query.anim_time*90*2-90)*3",
            -6.90651,
            -14.27634
          ]
        },
        "foot_left": {
          "rotation": ["22.5-math.sin(query.anim_time*90*2-135)*4", 0, 0]
        },
        "arm_right2": {
          "rotation": [
            0.78795,
            "-17.4828+math.sin(query.anim_time*90*2-60)*2",
            "17.3788+math.sin(query.anim_time*90*2-60)*2"
          ]
        },
        "arm_right3": {
          "rotation": [0, -12.5, 0.00003],
          "position": [1.25, 0, 0]
        },
        "arm_right4": {
          "rotation": [
            -4.90709,
            "-14.4672+math.sin(query.anim_time*90*2-90)*3",
            "5.3039+math.sin(query.anim_time*90*2-90)*3"
          ]
        },
        "thumb_right": {
          "rotation": ["20-math.sin(query.anim_time*90*2-120)*6", -5, 15]
        },
        "finger_right": {
          "rotation": [0, "-30+math.sin(query.anim_time*90*2-120)*6", 15]
        },
        "pointer_right": {
          "rotation": [0, "-30+math.sin(query.anim_time*90*2-120)*6", -20]
        },
        "ear_left": {
          "rotation": [
            "-10+math.sin(query.anim_time*90*2+70)*3",
            0,
            "0+math.sin(query.anim_time*90*2/2-180)*2"
          ],
          "position": [0, -0.7, 0]
        },
        "ear_right": {
          "rotation": [
            "-10+math.sin(query.anim_time*90*2+70)*3",
            0,
            "0-math.sin(query.anim_time*90*2/2-180)*2"
          ],
          "position": [0, -0.7, 0]
        },
        "arm_right": {
          "rotation": [
            0.91818,
            "7.4398+math.sin(query.anim_time*90*2-30)*1",
            "-7.4443+math.sin(query.anim_time*90*2-30)*1"
          ]
        },
        "ear_right2": {
          "position": [0, "0+math.sin(query.anim_time*90*2-80)*0.25", 0]
        },
        "ear_left2": {
          "position": [0, "0+math.sin(query.anim_time*90*2-80)*0.25", 0]
        }
      }
    },
    "animation.reuniclus.blink": {
      "animation_length": 0.16667,
      "bones": {
        "eyelids": {
          "position": {
            "0.0": [0, 0, -1],
            "0.1667": { "pre": [0, 0, -1], "post": [0, 0, 0] }
          }
        }
      }
    }
  }
}
