{
	"format_version": "1.8.0",
	"animations": {
		"animation.buneary.ground_idle": {
			"loop": true,
			"bones": {
				"arm_left": {
					"rotation": [2.5, "7.5+math.sin(q.anim_time*90*1+30+180)*5", "10+math.sin(q.anim_time*90*1-60)*2.5"]
				},
				"arm_left2": {
					"rotation": [0, "0+math.sin(q.anim_time*90*1+0+180)*2.5", "-5+math.sin(q.anim_time*90+2-90)*1.5"]
				},
				"arm_left3": {
					"rotation": [0, 0, -5]
				},
				"arm_right": {
					"rotation": [2.5, "-7.5+math.sin(q.anim_time*90*1+30+180)*5", "-10+math.sin(q.anim_time*90*1-60)*2.5"]
				},
				"arm_right2": {
					"rotation": [0, "0+math.sin(q.anim_time*90*1+0+180)*2.5", "5+math.sin(q.anim_time*90+2-90)*1.5"]
				},
				"arm_right3": {
					"rotation": [0, 0, 5]
				},
				"ear_left": {
					"position": [0, -0.5, 0.5]
				},
				"ear_left_rotation": {
					"rotation": [7.50474, 2.49048, 25.21803]
				},
				"ear_left2": {
					"position": [0, -6, 0]
				},
				"ear_right_folded": {
					"rotation": [0, 0, 40],
					"position": [3, -4, 0]
				},
				"ruff": {
					"rotation": ["0+math.sin(q.anim_time*90*2+90)*1", "0+math.sin(q.anim_time*90*1+90)*5", "0+math.sin(q.anim_time*90*1+0)*2.5"],
					"position": [0, "-0.05+math.sin(q.anim_time*90*2+180)*0.1", 0]
				},
				"torso": {
					"rotation": ["0+math.sin(q.anim_time*90*2+60)*1", "0+math.sin(q.anim_time*90*1+60+180)*7.5", "0+math.sin(q.anim_time*90*1-30+180)*2.5"]
				},
				"head": {
					"rotation": ["0+math.sin(q.anim_time*90*2+30)*1", "0+math.sin(q.anim_time*90*1+30+180)*-1.5", "0+math.sin(q.anim_time*90*1-60+180)*1.5"]
				},
				"ear_left_ruff": {
					"rotation": ["-1+math.sin(q.anim_time*90*2-30)*4", "0+math.sin(q.anim_time*90*1-30+180)*3", "0+math.sin(q.anim_time*90*1-120)*3"]
				},
				"ear_right_rotation": {
					"rotation": ["0+math.sin(q.anim_time*90*2+0)*2", "0+math.sin(q.anim_time*90*1+0+180)*2.5", "0+math.sin(q.anim_time*90*1-90)*2.5"]
				},
				"ear_right2": {
					"rotation": ["3+math.sin(q.anim_time*90*2-30)*3", "0+math.sin(q.anim_time*90*1-30+180)*2.5", "0+math.sin(q.anim_time*90*1-120)*3"]
				},
				"ear_right_ruff": {
					"rotation": ["3+math.sin(q.anim_time*90*2-60)*4", "0+math.sin(q.anim_time*90*1-60+180)*5", "0+math.sin(q.anim_time*90*1-150)*4.5"]
				},
				"ear_left_folded": {
					"rotation": ["-1+math.sin(q.anim_time*90*2+0)*1", 0, "0+math.sin(q.anim_time*90*1-90)*2.5"]
				},
				"tail": {
					"rotation": ["0+math.sin(q.anim_time*90*2+60)*2", "0+math.sin(q.anim_time*90*1+60)*5", "0+math.sin(q.anim_time*90*2-30)*1"]
				}
			}
		},
		"animation.buneary.ground_walk": {
			"loop": true,
			"animation_length": 1,
			"bones": {
				"arm_left": {
					"rotation": ["2.5+math.sin(q.anim_time*90*4+90)*5", "7.5+math.sin(q.anim_time*90*4+90+180)*10", "10+math.sin(q.anim_time*90*8+120)*2"]
				},
				"arm_left2": {
					"rotation": [0, "2.5+math.sin(q.anim_time*90*4+60+180)*2.5", "-5+math.sin(q.anim_time*90*8+90)*2"]
				},
				"arm_left3": {
					"rotation": [0, 0, -5]
				},
				"arm_right": {
					"rotation": ["2.5+math.sin(q.anim_time*90*4+90)*5", "-7.5+math.sin(q.anim_time*90*4+90+180)*10", "-10+math.sin(q.anim_time*90*8+120+180)*2"]
				},
				"arm_right2": {
					"rotation": [0, "-2.5+math.sin(q.anim_time*90*4+60+180)*2.5", "5+math.sin(q.anim_time*90*8+90+180)*2"]
				},
				"arm_right3": {
					"rotation": [0, 0, 5]
				},
				"ear_left": {
					"position": [0, -0.5, 0.5]
				},
				"ear_left_rotation": {
					"rotation": [7.50474, 2.49048, 25.21803]
				},
				"ear_left2": {
					"position": [0, -6, 0]
				},
				"ear_right_folded": {
					"rotation": [0, 0, 40],
					"position": [3, -4, 0]
				},
				"ruff": {
					"rotation": ["5+math.sin(q.anim_time*90*8+30)*1", "0+math.sin(q.anim_time*90*4+90)*15", "0+math.sin(q.anim_time*90*4+330)*8.5"],
					"position": ["0+math.sin(q.anim_time*90*4+90)*1.25", "0.125+math.sin(q.anim_time*90*8+150+180)*0.5", 0]
				},
				"torso": {
					"rotation": ["-5+math.sin(q.anim_time*90*8+0)*1", "0+math.sin(q.anim_time*90*4+60+180)*12.5", "0+math.sin(q.anim_time*90*4+270+180)*7.5"],
					"position": ["0+math.sin(q.anim_time*90*4+255)*0.5", 0, 0]
				},
				"head": {
					"rotation": ["0+math.sin(q.anim_time*90*8-30)*1", "0+math.sin(q.anim_time*90*4-30)*9", "0+math.sin(q.anim_time*90*4+240)*5.5"]
				},
				"ear_left_ruff": {
					"rotation": ["-0.5+math.sin(q.anim_time*90*8-90)*4.5", 0, "0+math.sin(q.anim_time*90*4+180)*5"]
				},
				"ear_right_rotation": {
					"rotation": ["0+math.sin(q.anim_time*90*8-60)*2.5", "0+math.sin(q.anim_time*90*4+0)*2.5", "0+math.sin(q.anim_time*90*4-80)*6.5"]
				},
				"ear_right2": {
					"rotation": ["4+math.sin(q.anim_time*90*8-90)*4", 0, "0+math.sin(q.anim_time*90*4-130)*3.5"]
				},
				"ear_right_ruff": {
					"rotation": ["0+math.sin(q.anim_time*90*8-120)*5", 0, "0+math.sin(q.anim_time*90*4-160)*7.5"]
				},
				"ear_left_folded": {
					"rotation": ["-0.5+math.sin(q.anim_time*90*8-60)*1", 0, "0+math.sin(q.anim_time*90*4+210)*2.5"]
				},
				"tail": {
					"rotation": ["0+math.sin(q.anim_time*90*8+0)*2.5", "0+math.sin(q.anim_time*90*4+60)*5", "0+math.sin(q.anim_time*90*4+240)*2.5"],
					"position": ["0+math.sin(q.anim_time*90*4+255)*0.3", 0, 0]
				},
				"foot_right": {
					"rotation": {
						"0.0": [50, 0, 0],
						"0.1667": {
							"pre": [51.67, 0, 0],
							"post": [51.67, 0, 0],
							"lerp_mode": "catmullrom"
						},
						"0.375": {
							"post": [-3.92, 6.5, -5.7],
							"lerp_mode": "catmullrom"
						},
						"0.5": {
							"post": [-20, 10, -10],
							"lerp_mode": "catmullrom"
						},
						"0.625": {
							"post": [-13.99664, 3.99904, -3.99904],
							"lerp_mode": "catmullrom"
						},
						"0.7083": [0, 0, 0],
						"1.0": [50, 0, 0]
					},
					"position": {
						"0.0": [-0.175, 0.425, 3],
						"0.1667": {
							"pre": [-0.5, 2, 2.75],
							"post": [-0.5, 2, 2.75],
							"lerp_mode": "catmullrom"
						},
						"0.25": {
							"post": [-0.75, 1.5, 1.2],
							"lerp_mode": "catmullrom"
						},
						"0.375": {
							"post": [-0.75, 1.5, -1.45],
							"lerp_mode": "catmullrom"
						},
						"0.5": {
							"post": [-0.5, 1, -3.15],
							"lerp_mode": "catmullrom"
						},
						"0.625": {
							"post": [-0.2, 0.65, -3.66],
							"lerp_mode": "catmullrom"
						},
						"0.7083": [0, 0, -2.8],
						"0.7917": [-0.05, 0.29, -1.14],
						"0.9167": [-0.13, 0.475, 1.34],
						"1.0": [-0.175, 0.425, 3]
					}
				},
				"foot_right2": {
					"rotation": {
						"0.0": [-50, 0, 0],
						"0.1667": {
							"pre": [-2.5, 0, 0],
							"post": [-2.5, 0, 0],
							"lerp_mode": "catmullrom"
						},
						"0.375": {
							"post": [5, 0, 0],
							"lerp_mode": "catmullrom"
						},
						"0.5": {
							"post": [-7, 0, 0],
							"lerp_mode": "catmullrom"
						},
						"0.625": {
							"post": [-19.61, 0, 0],
							"lerp_mode": "catmullrom"
						},
						"0.7083": [0, 0, 0],
						"1.0": [-50, 0, 0]
					},
					"position": {
						"0.0": [0, 0, 0],
						"0.1667": {
							"pre": [0, 0, 0],
							"post": [0, 0, 0],
							"lerp_mode": "catmullrom"
						},
						"0.375": {
							"post": [0, 0, 0.05],
							"lerp_mode": "catmullrom"
						},
						"0.5": {
							"post": [0, 0, 0.35],
							"lerp_mode": "catmullrom"
						},
						"0.625": {
							"post": [0, 0, 0.15],
							"lerp_mode": "catmullrom"
						},
						"0.7083": [0, 0, 0],
						"1.0": [0, 0, 0]
					}
				},
				"foot_left": {
					"rotation": {
						"0.0": {
							"post": [-20, -10, 10],
							"lerp_mode": "catmullrom"
						},
						"0.125": {
							"post": [-13.99664, -3.99904, 3.99904],
							"lerp_mode": "catmullrom"
						},
						"0.2083": [0, 0, 0],
						"0.5": [50, 0, 0],
						"0.6667": {
							"pre": [51.67, 0, 0],
							"post": [51.67, 0, 0],
							"lerp_mode": "catmullrom"
						},
						"0.875": {
							"post": [-3.92, -6.5, 5.7],
							"lerp_mode": "catmullrom"
						},
						"1.0": {
							"post": [-20, -10, 10],
							"lerp_mode": "catmullrom"
						}
					},
					"position": {
						"0.0": {
							"post": [0.5, 1, -3.15],
							"lerp_mode": "catmullrom"
						},
						"0.125": {
							"post": [0.2, 0.65, -3.66],
							"lerp_mode": "catmullrom"
						},
						"0.2083": [0, 0, -2.8],
						"0.2917": [0.05, 0.29, -1.14],
						"0.4167": [0.13, 0.475, 1.34],
						"0.5": [0.175, 0.425, 3],
						"0.6667": {
							"pre": [0.5, 2, 2.75],
							"post": [0.5, 2, 2.75],
							"lerp_mode": "catmullrom"
						},
						"0.75": {
							"post": [0.75, 1.5, 1.2],
							"lerp_mode": "catmullrom"
						},
						"0.875": {
							"post": [0.75, 1.5, -1.45],
							"lerp_mode": "catmullrom"
						},
						"1.0": {
							"post": [0.5, 1, -3.15],
							"lerp_mode": "catmullrom"
						}
					}
				},
				"foot_left2": {
					"rotation": {
						"0.0": {
							"post": [-7, 0, 0],
							"lerp_mode": "catmullrom"
						},
						"0.125": {
							"post": [-19.61, 0, 0],
							"lerp_mode": "catmullrom"
						},
						"0.2083": [0, 0, 0],
						"0.5": [-50, 0, 0],
						"0.6667": {
							"pre": [-2.5, 0, 0],
							"post": [-2.5, 0, 0],
							"lerp_mode": "catmullrom"
						},
						"0.875": {
							"post": [5, 0, 0],
							"lerp_mode": "catmullrom"
						},
						"1.0": {
							"post": [-7, 0, 0],
							"lerp_mode": "catmullrom"
						}
					},
					"position": {
						"0.0": {
							"post": [0, 0, 0.35],
							"lerp_mode": "catmullrom"
						},
						"0.125": {
							"post": [0, 0, 0.15],
							"lerp_mode": "catmullrom"
						},
						"0.2083": [0, 0, 0],
						"0.5": [0, 0, 0],
						"0.6667": {
							"pre": [0, 0, 0],
							"post": [0, 0, 0],
							"lerp_mode": "catmullrom"
						},
						"0.875": {
							"post": [0, 0, 0.05],
							"lerp_mode": "catmullrom"
						},
						"1.0": {
							"post": [0, 0, 0.35],
							"lerp_mode": "catmullrom"
						}
					}
				}
			}
		},
		"animation.buneary.ground_run": {
			"loop": true,
			"bones": {
				"arm_left": {
					"rotation": [87.5, 70, 97.5]
				},
				"arm_left2": {
					"rotation": [0, 0, -5]
				},
				"arm_left3": {
					"rotation": [0, 0, 47.5],
					"position": [-1.4, 0.65, 0]
				},
				"arm_right": {
					"rotation": [87.5, -70, -97.5]
				},
				"arm_right2": {
					"rotation": [0, 0, 5]
				},
				"arm_right3": {
					"rotation": [0, 0, -47.5],
					"position": [1.4, 0.65, 0]
				},
				"ear_left": {
					"rotation": ["0+math.sin(q.anim_time*90*5+60)*7.5", 0, 0],
					"position": [0, -0.5, 0.5]
				},
				"ear_left_rotation": {
					"rotation": [7.50474, 2.49048, 25.21803]
				},
				"ear_left2": {
					"rotation": [0, 0, 0],
					"position": [0, -6, 0]
				},
				"ear_right_folded": {
					"rotation": [0, 0, 40],
					"position": [3, -4, 0]
				},
				"body": {
					"position": [
						"0+math.clamp(math.sin(query.anim_time*90*2.5*1+270)*1.5,-1,1)+math.sin(q.anim_time*90*2.5+300)*0.5",
						"0+math.clamp(math.sin(query.anim_time*90*5*1+10)*3.3,0,3.3)",
						"0+math.sin(q.anim_time*90*5+85)*3.5"
					]
				},
				"ruff": {
					"rotation": ["5+math.sin(q.anim_time*90*5-30)*6", "0+math.sin(q.anim_time*90*2.5+210)*3", "0+math.sin(q.anim_time*90*2.5+30)*6"],
					"position": [0, "0+math.sin(q.anim_time*90*5-20)*1.25", 0]
				},
				"torso": {
					"rotation": ["-2.5+math.sin(q.anim_time*90*5-60+180)*4", "0+math.sin(q.anim_time*90*2.5+0)*2", "0+math.sin(q.anim_time*90*2.5+180)*3"],
					"position": [0, "0+math.sin(q.anim_time*90*5-30)*0.5", "0+math.sin(q.anim_time*90*5-120)*0.1"]
				},
				"head": {
					"rotation": ["-1+math.sin(q.anim_time*90*5+90)*2.5", "0+math.sin(q.anim_time*90*2.5-30)*2", "0+math.sin(q.anim_time*90*2.5+150)*2.5"],
					"position": [0, "0+math.sin(q.anim_time*90*5-60)*0.2", 0]
				},
				"ear_left_ruff": {
					"rotation": ["0+math.sin(q.anim_time*90*5+30)*10", 0, "0+math.sin(q.anim_time*90*2.5+105)*3.5"]
				},
				"ear_right_rotation": {
					"rotation": ["-5+math.sin(q.anim_time*90*5+60)*10", "0+math.sin(q.anim_time*90*2.5-60)*1", "0+math.sin(q.anim_time*90*2.5+135)*3.5"]
				},
				"ear_right2": {
					"rotation": ["2.5+math.sin(q.anim_time*90*5+30)*15", 0, "0+math.sin(q.anim_time*90*2.5+105)*4.5"],
					"position": [0, "0+math.sin(q.anim_time*90*5+30)*0.35", 0]
				},
				"ear_right_ruff": {
					"rotation": ["0+math.sin(q.anim_time*90*5+0)*12.5", 0, "0+math.sin(q.anim_time*90*2.5+75)*5"]
				},
				"ear_left_folded": {
					"rotation": ["-2.5+math.sin(q.anim_time*90*5+60)*7.5", 0, "0+math.sin(q.anim_time*90*2.5+135)*2"]
				},
				"arms": {
					"rotation": ["5+math.sin(q.anim_time*90*5-15)*7.5", 0, 0],
					"position": [0, 0, -1]
				},
				"foot_right": {
					"rotation": ["0+math.clamp(math.sin(query.anim_time*90*5*1+10)*85,0,80)", "4+math.sin(q.anim_time*90*5-30)*5", 0],
					"position": [-0.25, "0+math.clamp(math.sin(query.anim_time*90*5*1-25)*1,0,1)", "math.sin(q.anim_time*90*5+30)*1"]
				},
				"foot_right2": {
					"rotation": ["0+math.clamp(math.sin(query.anim_time*90*5*1+30+160)*30,-30,0)", 0, 0]
				},
				"foot_left": {
					"rotation": ["0+math.clamp(math.sin(query.anim_time*90*5*1+10)*85,0,80)", "-4+math.sin(q.anim_time*90*5-30)*5", 0],
					"position": [0.25, "0+math.clamp(math.sin(query.anim_time*90*5*1-25)*1,0,1)", "math.sin(q.anim_time*90*5+30)*1"]
				},
				"foot_left2": {
					"rotation": ["0+math.clamp(math.sin(query.anim_time*90*5*1+30+160)*30,-30,0)", 0, 0]
				},
				"tail": {
					"rotation": ["-5*math.cos(q.anim_time*90*5-20)", 0, 0]
				}
			}
		},
		"animation.buneary.battle_idle": {
			"loop": true,
			"bones": {
				"arm_left": {
					"rotation": [95, "62.5+math.sin(q.anim_time*90*3+75)*1", "102.5+math.sin(q.anim_time*90*1.5+75)*5"],
					"position": [0, "0+math.sin(q.anim_time*90*1.5+75+180)*0.2", 0]
				},
				"arm_left2": {
					"rotation": [0, 0, -5]
				},
				"arm_left3": {
					"rotation": [0, 0, 12.5],
					"position": [-0.4, 0.1, 0]
				},
				"arm_right": {
					"rotation": [95, "-62.5+math.sin(q.anim_time*90*3+75+180)*1", "-102.5+math.sin(q.anim_time*90*1.5+75)*5"],
					"position": [0, "0+math.sin(q.anim_time*90*1.5+75)*0.2", 0]
				},
				"arm_right2": {
					"rotation": [0, 0, 5]
				},
				"arm_right3": {
					"rotation": [0, 0, -12.5],
					"position": [0.4, 0.1, 0]
				},
				"ear_left": {
					"rotation": ["-1+math.sin(q.anim_time*90*3+0)*1", 0, "0+math.sin(q.anim_time*90*1.5-30)*4"],
					"position": [0, -0.5, 0.5]
				},
				"ear_left_rotation": {
					"rotation": [7.50474, 2.49048, 25.21803]
				},
				"ear_left2": {
					"position": [0, -6, 0]
				},
				"ear_right_folded": {
					"rotation": [0, 0, 40],
					"position": [3, -4, 0]
				},
				"ruff": {
					"rotation": ["15+math.sin(q.anim_time*90*3+90)*1", "0+math.sin(q.anim_time*90*1.5+90)*2.5", "0+math.sin(q.anim_time*90*1.5+0)*7.5"],
					"position": [0, "0.7+math.sin(q.anim_time*90*3+180)*0.1", 0.5]
				},
				"torso": {
					"rotation": ["-10+math.sin(q.anim_time*90*3+60)*1", "0+math.sin(q.anim_time*90*1.5+60+180)*5", "0+math.sin(q.anim_time*90*1.5-30+180)*7.5"]
				},
				"head": {
					"rotation": ["-5+math.sin(q.anim_time*90*3+30)*1", "0+math.sin(q.anim_time*90*1.5+60+180)*-1.5", "0+math.sin(q.anim_time*90*1.5-60+180)*5"]
				},
				"ear_left_ruff": {
					"rotation": ["-1+math.sin(q.anim_time*90*3-30)*4", "0+math.sin(q.anim_time*90*1.5-30+180)*3", "0+math.sin(q.anim_time*90*1.5-60)*6.5"]
				},
				"ear_right_rotation": {
					"rotation": ["0+math.sin(q.anim_time*90*3+0)*2", "0+math.sin(q.anim_time*90*1.5+0+180)*2.5", "0+math.sin(q.anim_time*90*1.5-30)*5"]
				},
				"ear_right2": {
					"rotation": ["3+math.sin(q.anim_time*90*3-30)*3", "0+math.sin(q.anim_time*90*1.5-30+180)*2.5", "0+math.sin(q.anim_time*90*1.5-60)*5"]
				},
				"ear_right_ruff": {
					"rotation": ["3+math.sin(q.anim_time*90*3-60)*4", "0+math.sin(q.anim_time*90*1.5-60+180)*5", "0+math.sin(q.anim_time*90*1.5-90)*7.5"]
				},
				"ear_left_folded": {
					"rotation": ["-1+math.sin(q.anim_time*90*3+0)*1", 0, "0+math.sin(q.anim_time*90*1.5-30)*4"]
				},
				"tail": {
					"rotation": ["5+math.sin(q.anim_time*90*3+60)*2", "0+math.sin(q.anim_time*90*1.5+60)*4", "0+math.sin(q.anim_time*90*1.5-30)*2.5"]
				},
				"foot_right": {
					"rotation": ["60+math.sin(q.anim_time*90*1.5+180)*-10", 0, 0],
					"position": ["-0.15+math.sin(q.anim_time*90*1.5+180)*0.035", "0.235+math.sin(q.anim_time*90*1.5+180)*0.17", "-1+math.sin(q.anim_time*90*1.5+180)*0.4"]
				},
				"foot_right2": {
					"rotation": ["-60+math.sin(q.anim_time*90*1.5+180)*10", 0, 0]
				},
				"foot_left": {
					"rotation": ["60+math.sin(q.anim_time*90*1.5+0)*-10", 0, 0],
					"position": ["0.15-math.sin(q.anim_time*90*1.5+0)*0.035", "0.235+math.sin(q.anim_time*90*1.5+0)*0.17", "-1+math.sin(q.anim_time*90*1.5+0)*0.4"]
				},
				"foot_left2": {
					"rotation": ["-60+math.sin(q.anim_time*90*1.5+0)*10", 0, 0]
				},
				"arms": {
					"rotation": [0, 0, "0+math.sin(q.anim_time*90*1.5-30)*5"]
				}
			}
		},
		"animation.buneary.sleep": {
			"loop": true,
			"bones": {
				"arm_left": {
					"rotation": [45, "61+math.sin(q.anim_time*90*1+30)*2", "61+math.sin(q.anim_time*90*1+30+180)*1"],
					"position": [0, 0, -1.1]
				},
				"arm_left2": {
					"rotation": [7.5, 5, -27.5]
				},
				"arm_left3": {
					"rotation": [0, 0, 37.5],
					"position": [-1.2, 0.425, 0]
				},
				"arm_right": {
					"rotation": [45, "-61+math.sin(q.anim_time*90*1+30+180)*2", "-61+math.sin(q.anim_time*90*1+30)*1"],
					"position": [0, 0, -1.1]
				},
				"arm_right2": {
					"rotation": [7.5, -5, 27.5]
				},
				"arm_right3": {
					"rotation": [0, 0, -37.5],
					"position": [1.2, 0.425, 0]
				},
				"ear_left": {
					"position": [0, -0.5, 0.5]
				},
				"ear_left_rotation": {
					"rotation": [7.50474, 2.49048, 25.21803]
				},
				"ear_left2": {
					"position": [0, -6, 0]
				},
				"ear_right_folded": {
					"rotation": [0, 0, 40],
					"position": [3, -4, 0]
				},
				"body": {
					"position": [0, -2, 0]
				},
				"ruff": {
					"rotation": ["-7.5+math.sin(q.anim_time*90*1+90)*0.75", 0, "0+math.sin(q.anim_time*90*0.5+0)*1"],
					"position": [0, -0.5, 0]
				},
				"torso": {
					"rotation": ["7.5+math.sin(q.anim_time*90*1+60)*1.5", 0, "0+math.sin(q.anim_time*90*0.5-30+180)*1"],
					"position": [0, "math.sin(q.anim_time*90*1+60+180)*0.1", 0]
				},
				"head": {
					"rotation": ["15+math.sin(q.anim_time*90*1+30)*1", "0+math.sin(q.anim_time*90*0.5-120+180)*1.5", "0+math.sin(q.anim_time*90*0.5-60+180)*1"]
				},
				"eyelid_left": {
					"position": [0, 0, -0.1]
				},
				"eyelid_right": {
					"position": [0, 0, -0.1]
				},
				"ear_left_ruff": {
					"rotation": ["0+math.sin(q.anim_time*90*1-30)*3.5", 0, "0+math.sin(q.anim_time*90*0.5-120+180)*2"]
				},
				"ear_right_rotation": {
					"rotation": ["10+math.sin(q.anim_time*90*1+0)*2.5", "0+math.sin(q.anim_time*90*0.5-150+180)*1", "0+math.sin(q.anim_time*90*0.5-90+180)*1.5"]
				},
				"ear_right2": {
					"rotation": ["30+math.sin(q.anim_time*90*1-30)*4", 0, "0+math.sin(q.anim_time*90*0.5-120+180)*2.5"]
				},
				"ear_right_ruff": {
					"rotation": ["0+math.sin(q.anim_time*90*1-60)*5", 0, "0+math.sin(q.anim_time*90*0.5-150+180)*4"]
				},
				"ear_left_folded": {
					"rotation": ["0+math.sin(q.anim_time*90*1+0)*1.5", 0, "0+math.sin(q.anim_time*90*0.5-90+180)*1"]
				},
				"tail": {
					"rotation": ["0+math.sin(q.anim_time*90*1+60)*1", "0+math.sin(q.anim_time*90*0.5+150)*0.5", 0]
				},
				"foot_right": {
					"rotation": ["-82.5+math.sin(q.anim_time*90*1+50)*2", 0, "-10+math.sin(q.anim_time*90*1+60+180)*1"],
					"position": [-0.5, 1.5, -3.85]
				},
				"foot_left": {
					"rotation": ["-82.5+math.sin(q.anim_time*90*1+50)*2", 0, "10+math.sin(q.anim_time*90*1+70)*1"],
					"position": [0.5, 1.5, -3.85]
				}
			}
		},
		"animation.buneary.blink": {
			"animation_length": 0.1667,
			"bones": {
				"eyelid_left": {
					"position": {
						"0.0": [0, 0, -0.1],
						"0.125": {
							"pre": [0, 0, -0.1],
							"post": [0, 0, -0.1]
						},
						"0.1667": {
							"pre": [0, 0, -0.1],
							"post": [0, 0, 0]
						}
					}
				},
				"eyelid_right": {
					"position": {
						"0.0": [0, 0, -0.1],
						"0.125": {
							"pre": [0, 0, -0.1],
							"post": [0, 0, -0.1]
						},
						"0.1667": {
							"pre": [0, 0, -0.1],
							"post": [0, 0, 0]
						}
					}
				}
			}
		},
		"animation.buneary.cry": {
			"animation_length": 1.5417,
			"bones": {
				"head": {
					"rotation": {
						"0.0": {
							"post": [0, 0, 0],
							"lerp_mode": "catmullrom"
						},
						"0.2083": {
							"post": [-7.5, 0, 0],
							"lerp_mode": "catmullrom"
						},
						"0.3333": {
							"post": [-2.5, 0, 0],
							"lerp_mode": "catmullrom"
						},
						"0.4167": {
							"post": [-7.5, 0, 0],
							"lerp_mode": "catmullrom"
						},
						"0.4583": {
							"post": [0, 0, 0],
							"lerp_mode": "catmullrom"
						},
						"0.5417": {
							"post": [-5, 0, 0],
							"lerp_mode": "catmullrom"
						},
						"0.5833": {
							"post": [-7.5, 0, 0],
							"lerp_mode": "catmullrom"
						},
						"0.75": {
							"post": [-7.60443, 7.32123, -1.63219],
							"lerp_mode": "catmullrom"
						},
						"1.0417": {
							"post": [-7.60443, -7.32123, 1.63219],
							"lerp_mode": "catmullrom"
						},
						"1.3333": {
							"post": [0, 0, 0],
							"lerp_mode": "catmullrom"
						}
					}
				},
				"mouth_open": {
					"position": {
						"0.0": [0, 0, 0],
						"0.2083": {
							"pre": [0, 0, 0],
							"post": [0, 0, -0.101]
						},
						"0.2917": [0, 0, -0.101],
						"0.3333": {
							"pre": [0, 0, -0.101],
							"post": [0, 0, 0]
						},
						"0.4167": {
							"pre": [0, 0, 0],
							"post": [0, 0, -0.101]
						},
						"0.4583": [0, 0, -0.101],
						"0.5": {
							"pre": [0, 0, -0.101],
							"post": [0, 0, 0]
						},
						"0.5417": {
							"pre": [0, 0, 0],
							"post": [0, 0, -0.101]
						},
						"0.5833": [0, 0, -0.101],
						"1.2083": [0, 0, -0.101],
						"1.3333": {
							"pre": [0, 0, -0.101],
							"post": [0, 0, 0]
						}
					}
				},
				"torso": {
					"rotation": {
						"0.0": {
							"post": [0, 0, 0],
							"lerp_mode": "catmullrom"
						},
						"0.375": {
							"post": [0, 0, 0],
							"lerp_mode": "catmullrom"
						},
						"0.5833": {
							"post": [-3.3, 0, 0],
							"lerp_mode": "catmullrom"
						},
						"1.125": {
							"post": [-7.5, 0, 0],
							"lerp_mode": "catmullrom"
						},
						"1.375": {
							"post": [0, 0, 0],
							"lerp_mode": "catmullrom"
						}
					}
				}
			},
			"sound_effects": {
				"0.125": {
					"effect": "pokemon.buneary.cry"
				}
			}
		},
		"animation.buneary.idle": {
			"loop": true,
			"bones": {
				"arm_left": {
					"rotation": [2.5, 10, 10]
				},
				"arm_left2": {
					"rotation": [0, 0, -5]
				},
				"arm_left3": {
					"rotation": [0, 0, -5]
				},
				"arm_right": {
					"rotation": [2.5, -10, -10]
				},
				"arm_right2": {
					"rotation": [0, 0, 5]
				},
				"arm_right3": {
					"rotation": [0, 0, 5]
				},
				"ear_left": {
					"position": [0, -0.5, 0.5]
				},
				"ear_left_rotation": {
					"rotation": [7.50474, 2.49048, 25.21803]
				},
				"ear_left2": {
					"position": [0, -6, 0]
				},
				"ear_right_folded": {
					"rotation": [0, 0, 40],
					"position": [3, -4, 0]
				}
			}
		}
	}
}