{
	"format_version": "1.8.0",
	"animations": {
		"animation.tyrogue.ground_idle": {
			"loop": true,
			"bones": {
				"torso": {
					"rotation": ["-11.9147+2*math.sin(q.anim_time*90*1-20)", 30.7579, -0.31345],
					"position": [0, "-0.2*math.sin(q.anim_time*90*1)", 0.25]
				},
				"head": {
					"rotation": ["9.3299-3*math.sin(q.anim_time*90*1+50)", 4.50534, 9.38188]
				},
				"arm_left": {
					"rotation": [-27.00489, "-36.1526+1*math.sin(q.anim_time*90*2)", 80.78839],
					"position": [1, 0.25, 0.5]
				},
				"arm_left2": {
					"rotation": [-2.94151, "28.6452+1*math.sin(q.anim_time*90*1)", -2.5696]
				},
				"hand_left": {
					"rotation": [-5.21906, 1.25168, 9.88017]
				},
				"finger_left": {
					"rotation": [0, 0, "20+7*math.sin(q.anim_time*90*1+50)"]
				},
				"finger_left2": {
					"rotation": [0, 0, 47.5]
				},
				"finger_left3": {
					"rotation": [-1.07163, 4.38583, "48.1735+5*math.sin(q.anim_time*90*1+10)"]
				},
				"finger_left4": {
					"rotation": [0, 0, 50]
				},
				"thumb_left": {
					"rotation": [46.67096, -43.14088, -29.01432]
				},
				"thumb_left2": {
					"rotation": [10, 0, 0]
				},
				"arm_right": {
					"rotation": [16.765, 7.88656, -53.71505],
					"position": [-1, 0.5, 0.25]
				},
				"arm_right2": {
					"rotation": [-7.58221, "-60.5025-0.2*math.sin(q.anim_time*90*8)", 9.69703]
				},
				"hand_right": {
					"rotation": [-93.7365, -11.28131, "3.6692-0.2*math.sin(q.anim_time*90*20)"],
					"position": [-0.5, 0, 0.05]
				},
				"finger_right": {
					"rotation": [0, 0, -52.5]
				},
				"finger_right2": {
					"rotation": [0, 0, -87.5]
				},
				"finger_right3": {
					"rotation": [0, -7.5, -62.5]
				},
				"finger_right4": {
					"rotation": [0, 0, -75]
				},
				"thumb_right": {
					"rotation": [50, 22.5, 0]
				},
				"thumb_right2": {
					"rotation": [70, 0, 0]
				},
				"leg_left": {
					"rotation": [0, -12.5, 0],
					"position": [-0.5, 0, -0.75]
				},
				"leg_right": {
					"rotation": [12.5, 37.5, 0],
					"position": [0.25, 0, 1.05]
				},
				"neck": {
					"rotation": [16.79578, -30.86647, -16.73328]
				},
				"foot_right": {
					"rotation": [-10, 0, 0]
				}
			}
		},
		"animation.tyrogue.ground_walk": {
			"loop": true,
			"animation_length": 4,
			"bones": {
				"body": {
					"position": [0, 0, "0.1*math.sin(q.anim_time*90*6+90)"]
				},
				"torso": {
					"rotation": ["5+2*math.sin(q.anim_time*90*6-50)", "-16*math.sin(q.anim_time*90*3-20)", "1*math.sin(q.anim_time*90*1)"],
					"position": {
						"0.0": {
							"post": [0, 0.09, 0],
							"lerp_mode": "catmullrom"
						},
						"0.375": {
							"post": [0, 0.25, 0],
							"lerp_mode": "catmullrom"
						},
						"0.4583": {
							"post": [0, 0.02, 0],
							"lerp_mode": "catmullrom"
						},
						"1.0417": {
							"post": [0, 0.25, 0],
							"lerp_mode": "catmullrom"
						},
						"1.125": {
							"post": [0, 0.02, 0],
							"lerp_mode": "catmullrom"
						},
						"1.3333": {
							"post": [0, 0.09, 0],
							"lerp_mode": "catmullrom"
						},
						"1.75": {
							"post": [0, 0.25, 0],
							"lerp_mode": "catmullrom"
						},
						"1.7917": {
							"post": [0, 0.02, 0],
							"lerp_mode": "catmullrom"
						},
						"2.4167": {
							"post": [0, 0.25, 0],
							"lerp_mode": "catmullrom"
						},
						"2.4583": {
							"post": [0, 0.02, 0],
							"lerp_mode": "catmullrom"
						},
						"2.6667": {
							"post": [0, 0.09, 0],
							"lerp_mode": "catmullrom"
						},
						"3.0833": {
							"post": [0, 0.25, 0],
							"lerp_mode": "catmullrom"
						},
						"3.125": {
							"post": [0, 0.02, 0],
							"lerp_mode": "catmullrom"
						},
						"3.75": {
							"post": [0, 0.25, 0],
							"lerp_mode": "catmullrom"
						},
						"3.7917": {
							"post": [0, 0.02, 0],
							"lerp_mode": "catmullrom"
						},
						"4.0": {
							"post": [0, 0.09, 0],
							"lerp_mode": "catmullrom"
						}
					}
				},
				"neck": {
					"rotation": ["5-2*math.sin(q.anim_time*90*6+30)", 0, 0]
				},
				"head": {
					"rotation": ["-7.5+2*math.sin(q.anim_time*90*6+30)", "0+12*math.sin(q.anim_time*90*3)", 0]
				},
				"arm_left": {
					"rotation": ["-0.8704-20*math.sin(q.anim_time*90*3+30)", "0.0762-10*math.sin(q.anim_time*90*3+30)", "60.0374-2*math.sin(q.anim_time*90*6+90)"],
					"position": [1, 0, "0.2*math.sin(q.anim_time*90*3)"]
				},
				"arm_left2": {
					"rotation": [0, "10-10*math.sin(q.anim_time*90*3-60)", 0]
				},
				"hand_left": {
					"rotation": [0, "-10*math.sin(q.anim_time*90*3+30)", 0]
				},
				"finger_left": {
					"rotation": {
						"0.0": {
							"post": [0, 0, 60],
							"lerp_mode": "catmullrom"
						},
						"1.0": {
							"post": [0, 0, 15],
							"lerp_mode": "catmullrom"
						},
						"1.3333": {
							"post": [0, 0, 60],
							"lerp_mode": "catmullrom"
						},
						"2.3333": {
							"post": [0, 0, 15],
							"lerp_mode": "catmullrom"
						},
						"2.6667": {
							"post": [0, 0, 60],
							"lerp_mode": "catmullrom"
						},
						"3.6667": {
							"post": [0, 0, 15],
							"lerp_mode": "catmullrom"
						},
						"4.0": {
							"post": [0, 0, 60],
							"lerp_mode": "catmullrom"
						}
					}
				},
				"finger_left2": {
					"rotation": {
						"0.0": {
							"post": [0, 0, 60],
							"lerp_mode": "catmullrom"
						},
						"1.0": {
							"post": [0, 0, 15],
							"lerp_mode": "catmullrom"
						},
						"1.3333": {
							"post": [0, 0, 60],
							"lerp_mode": "catmullrom"
						},
						"2.3333": {
							"post": [0, 0, 15],
							"lerp_mode": "catmullrom"
						},
						"2.6667": {
							"post": [0, 0, 60],
							"lerp_mode": "catmullrom"
						},
						"3.6667": {
							"post": [0, 0, 15],
							"lerp_mode": "catmullrom"
						},
						"4.0": {
							"post": [0, 0, 60],
							"lerp_mode": "catmullrom"
						}
					}
				},
				"finger_left3": {
					"rotation": {
						"0.0": {
							"post": [0, 0, 65],
							"lerp_mode": "catmullrom"
						},
						"1.0": {
							"post": [0, 0, 25],
							"lerp_mode": "catmullrom"
						},
						"1.3333": {
							"post": [0, 0, 65],
							"lerp_mode": "catmullrom"
						},
						"2.3333": {
							"post": [0, 0, 25],
							"lerp_mode": "catmullrom"
						},
						"2.6667": {
							"post": [0, 0, 65],
							"lerp_mode": "catmullrom"
						},
						"3.6667": {
							"post": [0, 0, 25],
							"lerp_mode": "catmullrom"
						},
						"4.0": {
							"post": [0, 0, 65],
							"lerp_mode": "catmullrom"
						}
					}
				},
				"finger_left4": {
					"rotation": {
						"0.0": {
							"post": [0, 0, 70],
							"lerp_mode": "catmullrom"
						},
						"1.0": {
							"post": [0, 0, 32.5],
							"lerp_mode": "catmullrom"
						},
						"1.3333": {
							"post": [0, 0, 70],
							"lerp_mode": "catmullrom"
						},
						"2.3333": {
							"post": [0, 0, 32.5],
							"lerp_mode": "catmullrom"
						},
						"2.6667": {
							"post": [0, 0, 70],
							"lerp_mode": "catmullrom"
						},
						"3.6667": {
							"post": [0, 0, 32.5],
							"lerp_mode": "catmullrom"
						},
						"4.0": {
							"post": [0, 0, 70],
							"lerp_mode": "catmullrom"
						}
					}
				},
				"thumb_left": {
					"rotation": {
						"0.0": {
							"post": [52.5, -57.5, 0],
							"lerp_mode": "catmullrom"
						},
						"1.0": {
							"post": [22.5, -57.5, 0],
							"lerp_mode": "catmullrom"
						},
						"1.3333": {
							"post": [52.5, -57.5, 0],
							"lerp_mode": "catmullrom"
						},
						"2.3333": {
							"post": [22.5, -57.5, 0],
							"lerp_mode": "catmullrom"
						},
						"2.6667": {
							"post": [52.5, -57.5, 0],
							"lerp_mode": "catmullrom"
						},
						"3.6667": {
							"post": [22.5, -57.5, 0],
							"lerp_mode": "catmullrom"
						},
						"4.0": {
							"post": [52.5, -57.5, 0],
							"lerp_mode": "catmullrom"
						}
					}
				},
				"thumb_left2": {
					"rotation": {
						"0.0": {
							"post": [0, -50, 0],
							"lerp_mode": "catmullrom"
						},
						"1.0": {
							"post": [0, -15, 0],
							"lerp_mode": "catmullrom"
						},
						"1.3333": {
							"post": [0, -50, 0],
							"lerp_mode": "catmullrom"
						},
						"2.3333": {
							"post": [0, -15, 0],
							"lerp_mode": "catmullrom"
						},
						"2.6667": {
							"post": [0, -50, 0],
							"lerp_mode": "catmullrom"
						},
						"3.6667": {
							"post": [0, -15, 0],
							"lerp_mode": "catmullrom"
						},
						"4.0": {
							"post": [0, -50, 0],
							"lerp_mode": "catmullrom"
						}
					}
				},
				"arm_right": {
					"rotation": ["-0.8704+20*math.sin(q.anim_time*90*3+30)", "-0.0762-20*math.sin(q.anim_time*90*3+30)", "-60.0374+2*math.sin(q.anim_time*90*6+90)"],
					"position": [-1, 0, "-0.2*math.sin(q.anim_time*90*3)"]
				},
				"arm_right2": {
					"rotation": [0, "-10-10*math.sin(q.anim_time*90*3-60)", 0]
				},
				"hand_right": {
					"rotation": [0, "-10*math.sin(q.anim_time*90*2+30)", 0]
				},
				"finger_right": {
					"rotation": {
						"0.0": {
							"post": [0, 0, -15],
							"lerp_mode": "catmullrom"
						},
						"0.6667": {
							"post": [0, 0, -60],
							"lerp_mode": "catmullrom"
						},
						"1.3333": {
							"post": [0, 0, -15],
							"lerp_mode": "catmullrom"
						},
						"2.0": {
							"post": [0, 0, -60],
							"lerp_mode": "catmullrom"
						},
						"2.6667": {
							"post": [0, 0, -15],
							"lerp_mode": "catmullrom"
						},
						"3.3333": {
							"post": [0, 0, -60],
							"lerp_mode": "catmullrom"
						},
						"4.0": {
							"post": [0, 0, -15],
							"lerp_mode": "catmullrom"
						}
					}
				},
				"finger_right2": {
					"rotation": {
						"0.0": {
							"post": [0, 0, -15],
							"lerp_mode": "catmullrom"
						},
						"0.6667": {
							"post": [0, 0, -60],
							"lerp_mode": "catmullrom"
						},
						"1.3333": {
							"post": [0, 0, -15],
							"lerp_mode": "catmullrom"
						},
						"2.0": {
							"post": [0, 0, -60],
							"lerp_mode": "catmullrom"
						},
						"2.6667": {
							"post": [0, 0, -15],
							"lerp_mode": "catmullrom"
						},
						"3.3333": {
							"post": [0, 0, -60],
							"lerp_mode": "catmullrom"
						},
						"4.0": {
							"post": [0, 0, -15],
							"lerp_mode": "catmullrom"
						}
					}
				},
				"finger_right3": {
					"rotation": {
						"0.0": {
							"post": [0, 0, -25],
							"lerp_mode": "catmullrom"
						},
						"0.6667": {
							"post": [0, 0, -65],
							"lerp_mode": "catmullrom"
						},
						"1.3333": {
							"post": [0, 0, -25],
							"lerp_mode": "catmullrom"
						},
						"2.0": {
							"post": [0, 0, -65],
							"lerp_mode": "catmullrom"
						},
						"2.6667": {
							"post": [0, 0, -25],
							"lerp_mode": "catmullrom"
						},
						"3.3333": {
							"post": [0, 0, -65],
							"lerp_mode": "catmullrom"
						},
						"4.0": {
							"post": [0, 0, -25],
							"lerp_mode": "catmullrom"
						}
					}
				},
				"finger_right4": {
					"rotation": {
						"0.0": {
							"post": [0, 0, -32.5],
							"lerp_mode": "catmullrom"
						},
						"0.6667": {
							"post": [0, 0, -70],
							"lerp_mode": "catmullrom"
						},
						"1.3333": {
							"post": [0, 0, -32.5],
							"lerp_mode": "catmullrom"
						},
						"2.0": {
							"post": [0, 0, -70],
							"lerp_mode": "catmullrom"
						},
						"2.6667": {
							"post": [0, 0, -32.5],
							"lerp_mode": "catmullrom"
						},
						"3.3333": {
							"post": [0, 0, -70],
							"lerp_mode": "catmullrom"
						},
						"4.0": {
							"post": [0, 0, -32.5],
							"lerp_mode": "catmullrom"
						}
					}
				},
				"thumb_right": {
					"rotation": {
						"0.0": {
							"post": [22.5, 57.5, 0],
							"lerp_mode": "catmullrom"
						},
						"0.6667": {
							"post": [52.5, 57.5, 0],
							"lerp_mode": "catmullrom"
						},
						"1.3333": {
							"post": [22.5, 57.5, 0],
							"lerp_mode": "catmullrom"
						},
						"2.0": {
							"post": [52.5, 57.5, 0],
							"lerp_mode": "catmullrom"
						},
						"2.6667": {
							"post": [22.5, 57.5, 0],
							"lerp_mode": "catmullrom"
						},
						"3.3333": {
							"post": [52.5, 57.5, 0],
							"lerp_mode": "catmullrom"
						},
						"4.0": {
							"post": [22.5, 57.5, 0],
							"lerp_mode": "catmullrom"
						}
					}
				},
				"thumb_right2": {
					"rotation": {
						"0.0": {
							"post": [0, 15, 0],
							"lerp_mode": "catmullrom"
						},
						"0.6667": {
							"post": [0, 50, 0],
							"lerp_mode": "catmullrom"
						},
						"1.3333": {
							"post": [0, 15, 0],
							"lerp_mode": "catmullrom"
						},
						"2.0": {
							"post": [0, 50, 0],
							"lerp_mode": "catmullrom"
						},
						"2.6667": {
							"post": [0, 15, 0],
							"lerp_mode": "catmullrom"
						},
						"3.3333": {
							"post": [0, 50, 0],
							"lerp_mode": "catmullrom"
						},
						"4.0": {
							"post": [0, 15, 0],
							"lerp_mode": "catmullrom"
						}
					}
				},
				"leg_right": {
					"rotation": {
						"0.0": {
							"post": [1.25, 0, 0],
							"lerp_mode": "catmullrom"
						},
						"0.3333": {
							"post": [20, 0, 0],
							"lerp_mode": "catmullrom"
						},
						"0.6667": {
							"post": [-3.54, 0, 0],
							"lerp_mode": "catmullrom"
						},
						"0.9583": {
							"post": [-22.5, 0, 0],
							"lerp_mode": "catmullrom"
						},
						"1.0417": {
							"post": [-8.73, 0, 0],
							"lerp_mode": "catmullrom"
						},
						"1.3333": {
							"post": [1.25, 0, 0],
							"lerp_mode": "catmullrom"
						},
						"1.6667": {
							"post": [20, 0, 0],
							"lerp_mode": "catmullrom"
						},
						"2.0": {
							"post": [-3.54, 0, 0],
							"lerp_mode": "catmullrom"
						},
						"2.2917": {
							"post": [-22.5, 0, 0],
							"lerp_mode": "catmullrom"
						},
						"2.4167": {
							"post": [-8.73, 0, 0],
							"lerp_mode": "catmullrom"
						},
						"2.6667": {
							"post": [1.25, 0, 0],
							"lerp_mode": "catmullrom"
						},
						"3.0": {
							"post": [20, 0, 0],
							"lerp_mode": "catmullrom"
						},
						"3.3333": {
							"post": [-3.54, 0, 0],
							"lerp_mode": "catmullrom"
						},
						"3.625": {
							"post": [-22.5, 0, 0],
							"lerp_mode": "catmullrom"
						},
						"3.75": {
							"post": [-8.73, 0, 0],
							"lerp_mode": "catmullrom"
						},
						"4.0": {
							"post": [1.25, 0, 0],
							"lerp_mode": "catmullrom"
						}
					},
					"position": [0, "math.clamp(-1*math.cos(q.anim_time*90*3),0,2)", "1*math.sin(q.anim_time*90*3)"]
				},
				"leg_right3": {
					"rotation": {
						"0.0": {
							"post": [1.66, 0, 0],
							"lerp_mode": "catmullrom"
						},
						"0.3333": {
							"post": [-2.5, 0, 0],
							"lerp_mode": "catmullrom"
						},
						"0.5": {
							"post": [19.22, 0, 0],
							"lerp_mode": "catmullrom"
						},
						"0.6667": {
							"post": [59.1, 0, 0],
							"lerp_mode": "catmullrom"
						},
						"1.0": {
							"post": [-2.5, 0, 0],
							"lerp_mode": "catmullrom"
						},
						"1.0833": {
							"post": [5.55, 0, 0],
							"lerp_mode": "catmullrom"
						},
						"1.3333": {
							"post": [1.66, 0, 0],
							"lerp_mode": "catmullrom"
						},
						"1.6667": {
							"post": [-2.5, 0, 0],
							"lerp_mode": "catmullrom"
						},
						"1.8333": {
							"post": [19.22, 0, 0],
							"lerp_mode": "catmullrom"
						},
						"2.0": {
							"post": [59.1, 0, 0],
							"lerp_mode": "catmullrom"
						},
						"2.3333": {
							"post": [-2.5, 0, 0],
							"lerp_mode": "catmullrom"
						},
						"2.4167": {
							"post": [5.55, 0, 0],
							"lerp_mode": "catmullrom"
						},
						"2.6667": {
							"post": [1.66, 0, 0],
							"lerp_mode": "catmullrom"
						},
						"3.0": {
							"post": [-2.5, 0, 0],
							"lerp_mode": "catmullrom"
						},
						"3.1667": {
							"post": [19.22, 0, 0],
							"lerp_mode": "catmullrom"
						},
						"3.3333": {
							"post": [59.1, 0, 0],
							"lerp_mode": "catmullrom"
						},
						"3.6667": {
							"post": [-2.5, 0, 0],
							"lerp_mode": "catmullrom"
						},
						"3.75": {
							"post": [5.55, 0, 0],
							"lerp_mode": "catmullrom"
						},
						"4.0": {
							"post": [1.66, 0, 0],
							"lerp_mode": "catmullrom"
						}
					}
				},
				"foot_right": {
					"rotation": {
						"0.0": [-3.08, 0, 0],
						"0.25": {
							"pre": [-1, 0, 0],
							"post": [-1, 0, 0],
							"lerp_mode": "catmullrom"
						},
						"0.3333": {
							"post": [10, 0, 0],
							"lerp_mode": "catmullrom"
						},
						"0.5417": {
							"post": [10, 0, 0],
							"lerp_mode": "catmullrom"
						},
						"0.6667": {
							"post": [-8.9, 0, 0],
							"lerp_mode": "catmullrom"
						},
						"0.8333": {
							"post": [-17.75519, 3.40451, 0.44648],
							"lerp_mode": "catmullrom"
						},
						"0.9583": {
							"post": [4.223, 2.41899, -2.40765],
							"lerp_mode": "catmullrom"
						},
						"1.0417": [10, 0, 0],
						"1.1667": [-0.58, 0, 0],
						"1.3333": [-3.08, 0, 0],
						"1.5833": {
							"pre": [-1, 0, 0],
							"post": [-1, 0, 0],
							"lerp_mode": "catmullrom"
						},
						"1.6667": {
							"post": [10, 0, 0],
							"lerp_mode": "catmullrom"
						},
						"1.875": {
							"post": [10, 0, 0],
							"lerp_mode": "catmullrom"
						},
						"1.9167": {
							"post": [5, 0, 0],
							"lerp_mode": "catmullrom"
						},
						"2.0": {
							"post": [-8.9, 0, 0],
							"lerp_mode": "catmullrom"
						},
						"2.1667": {
							"post": [-17.75519, 3.40451, 0.44648],
							"lerp_mode": "catmullrom"
						},
						"2.2917": {
							"post": [4.223, 2.41899, -2.40765],
							"lerp_mode": "catmullrom"
						},
						"2.375": [10, 0, 0],
						"2.5": [-0.58, 0, 0],
						"2.6667": [-3.08, 0, 0],
						"2.9167": {
							"pre": [-1, 0, 0],
							"post": [-1, 0, 0],
							"lerp_mode": "catmullrom"
						},
						"3.0": {
							"post": [10, 0, 0],
							"lerp_mode": "catmullrom"
						},
						"3.2083": {
							"post": [10, 0, 0],
							"lerp_mode": "catmullrom"
						},
						"3.25": {
							"post": [5, 0, 0],
							"lerp_mode": "catmullrom"
						},
						"3.3333": {
							"post": [-8.9, 0, 0],
							"lerp_mode": "catmullrom"
						},
						"3.5": {
							"post": [-17.75519, 3.40451, 0.44648],
							"lerp_mode": "catmullrom"
						},
						"3.625": {
							"post": [4.223, 2.41899, -2.40765],
							"lerp_mode": "catmullrom"
						},
						"3.7083": [10, 0, 0],
						"3.8333": [-0.58, 0, 0],
						"4.0": [-3.08, 0, 0]
					}
				},
				"leg_left": {
					"rotation": {
						"0.0": {
							"post": [-3.54, 0, 0],
							"lerp_mode": "catmullrom"
						},
						"0.2917": {
							"post": [-22.5, 0, 0],
							"lerp_mode": "catmullrom"
						},
						"0.375": {
							"post": [-8.73, 0, 0],
							"lerp_mode": "catmullrom"
						},
						"0.6667": {
							"post": [1.25, 0, 0],
							"lerp_mode": "catmullrom"
						},
						"1.0": {
							"post": [20, 0, 0],
							"lerp_mode": "catmullrom"
						},
						"1.3333": {
							"post": [-3.54, 0, 0],
							"lerp_mode": "catmullrom"
						},
						"1.625": {
							"post": [-22.5, 0, 0],
							"lerp_mode": "catmullrom"
						},
						"1.75": {
							"post": [-8.73, 0, 0],
							"lerp_mode": "catmullrom"
						},
						"2.0": {
							"post": [1.25, 0, 0],
							"lerp_mode": "catmullrom"
						},
						"2.3333": {
							"post": [20, 0, 0],
							"lerp_mode": "catmullrom"
						},
						"2.6667": {
							"post": [-3.54, 0, 0],
							"lerp_mode": "catmullrom"
						},
						"2.9583": {
							"post": [-22.5, 0, 0],
							"lerp_mode": "catmullrom"
						},
						"3.0833": {
							"post": [-8.73, 0, 0],
							"lerp_mode": "catmullrom"
						},
						"3.3333": {
							"post": [1.25, 0, 0],
							"lerp_mode": "catmullrom"
						},
						"3.6667": {
							"post": [20, 0, 0],
							"lerp_mode": "catmullrom"
						},
						"4.0": {
							"post": [-3.54, 0, 0],
							"lerp_mode": "catmullrom"
						}
					},
					"position": [0, "math.clamp(1*math.cos(q.anim_time*90*3),0,2)", "-1*math.sin(q.anim_time*90*3)"]
				},
				"leg_left3": {
					"rotation": {
						"0.0": {
							"post": [59.1, 0, 0],
							"lerp_mode": "catmullrom"
						},
						"0.3333": {
							"post": [-2.5, 0, 0],
							"lerp_mode": "catmullrom"
						},
						"0.4167": {
							"post": [5.55, 0, 0],
							"lerp_mode": "catmullrom"
						},
						"0.6667": {
							"post": [1.66, 0, 0],
							"lerp_mode": "catmullrom"
						},
						"1.0": {
							"post": [-2.5, 0, 0],
							"lerp_mode": "catmullrom"
						},
						"1.1667": {
							"post": [19.22, 0, 0],
							"lerp_mode": "catmullrom"
						},
						"1.3333": {
							"post": [59.1, 0, 0],
							"lerp_mode": "catmullrom"
						},
						"1.6667": {
							"post": [-2.5, 0, 0],
							"lerp_mode": "catmullrom"
						},
						"1.75": {
							"post": [5.55, 0, 0],
							"lerp_mode": "catmullrom"
						},
						"2.0": {
							"post": [1.66, 0, 0],
							"lerp_mode": "catmullrom"
						},
						"2.3333": {
							"post": [-2.5, 0, 0],
							"lerp_mode": "catmullrom"
						},
						"2.5": {
							"post": [19.22, 0, 0],
							"lerp_mode": "catmullrom"
						},
						"2.6667": {
							"post": [59.1, 0, 0],
							"lerp_mode": "catmullrom"
						},
						"3.0": {
							"post": [-2.5, 0, 0],
							"lerp_mode": "catmullrom"
						},
						"3.0833": {
							"post": [5.55, 0, 0],
							"lerp_mode": "catmullrom"
						},
						"3.3333": {
							"post": [1.66, 0, 0],
							"lerp_mode": "catmullrom"
						},
						"3.6667": {
							"post": [-2.5, 0, 0],
							"lerp_mode": "catmullrom"
						},
						"3.8333": {
							"post": [19.22, 0, 0],
							"lerp_mode": "catmullrom"
						},
						"4.0": {
							"post": [59.1, 0, 0],
							"lerp_mode": "catmullrom"
						}
					}
				},
				"foot_left": {
					"rotation": {
						"0.0": {
							"post": [-9.15, 0, 0],
							"lerp_mode": "catmullrom"
						},
						"0.1667": {
							"post": [-18.00519, -3.40451, -0.44648],
							"lerp_mode": "catmullrom"
						},
						"0.2917": {
							"post": [3.973, -2.41899, 2.40765],
							"lerp_mode": "catmullrom"
						},
						"0.375": [9.75, 0, 0],
						"0.5": [-0.83, 0, 0],
						"0.6667": [-3.33, 0, 0],
						"0.9167": {
							"pre": [-1.25, 0, 0],
							"post": [-1.25, 0, 0],
							"lerp_mode": "catmullrom"
						},
						"1.0": {
							"post": [9.75, 0, 0],
							"lerp_mode": "catmullrom"
						},
						"1.2083": {
							"post": [9.75, 0, 0],
							"lerp_mode": "catmullrom"
						},
						"1.3333": {
							"post": [-9.15, 0, 0],
							"lerp_mode": "catmullrom"
						},
						"1.5": {
							"post": [-18.00519, -3.40451, -0.44648],
							"lerp_mode": "catmullrom"
						},
						"1.625": {
							"post": [3.973, -2.41899, 2.40765],
							"lerp_mode": "catmullrom"
						},
						"1.7083": [9.75, 0, 0],
						"1.8333": [-0.83, 0, 0],
						"2.0": [-3.33, 0, 0],
						"2.25": {
							"pre": [-1.25, 0, 0],
							"post": [-1.25, 0, 0],
							"lerp_mode": "catmullrom"
						},
						"2.3333": {
							"post": [9.75, 0, 0],
							"lerp_mode": "catmullrom"
						},
						"2.5417": {
							"post": [9.75, 0, 0],
							"lerp_mode": "catmullrom"
						},
						"2.6667": {
							"post": [-9.15, 0, 0],
							"lerp_mode": "catmullrom"
						},
						"2.8333": {
							"post": [-18.00519, -3.40451, -0.44648],
							"lerp_mode": "catmullrom"
						},
						"2.9583": {
							"post": [3.973, -2.41899, 2.40765],
							"lerp_mode": "catmullrom"
						},
						"3.0417": [9.75, 0, 0],
						"3.1667": [-0.83, 0, 0],
						"3.3333": [-3.33, 0, 0],
						"3.5833": {
							"pre": [-1.25, 0, 0],
							"post": [-1.25, 0, 0],
							"lerp_mode": "catmullrom"
						},
						"3.6667": {
							"post": [9.75, 0, 0],
							"lerp_mode": "catmullrom"
						},
						"3.875": {
							"post": [9.75, 0, 0],
							"lerp_mode": "catmullrom"
						},
						"4.0": {
							"post": [-9.15, 0, 0],
							"lerp_mode": "catmullrom"
						}
					}
				}
			}
		},
		"animation.tyrogue.battle_idle": {
			"loop": true,
			"bones": {
				"torso": {
					"rotation": ["5.9139+1*math.sin(q.anim_time*90*8)", "34.0227-5*math.sin(q.anim_time*90*4-20)", "0.2853-1*math.sin(q.anim_time*90*1)"],
					"position": [0, "-0.75+0.2*math.sin(q.anim_time*90*8)", 0.25]
				},
				"head": {
					"rotation": ["-4.8867+1*math.sin(q.anim_time*90*8-50)", "1.2398+5*math.sin(q.anim_time*90*4-20)", 9.87528]
				},
				"arm_left": {
					"rotation": ["-15.5342-5*math.sin(q.anim_time*90*4+50)", "18.8106-15*math.sin(q.anim_time*90*4)", "16.7785+5*math.sin(q.anim_time*90*4-20)"],
					"position": [1, 0.25, "0.5*math.sin(q.anim_time*90*4)"]
				},
				"arm_left2": {
					"rotation": [-3.80513, "47.3481+20*math.sin(q.anim_time*90*4)", -3.9579]
				},
				"hand_left": {
					"rotation": ["1.7685-5*math.sin(q.anim_time*90*4-20)", 7.85247, 7.14539]
				},
				"finger_left": {
					"rotation": [0, 0, 62.5]
				},
				"finger_left2": {
					"rotation": [0, 0, 87.5]
				},
				"finger_left3": {
					"rotation": [0, 5, 62.5]
				},
				"finger_left4": {
					"rotation": [0, 0, 90]
				},
				"thumb_left": {
					"rotation": [62.5, -22.5, 0]
				},
				"thumb_left2": {
					"rotation": [85, 0, 0]
				},
				"arm_right": {
					"rotation": [-6.18433, "8.6995-20*math.sin(q.anim_time*90*4)", -38.77726],
					"position": [-1, 0.5, 0.25]
				},
				"arm_right2": {
					"rotation": [-26.00932, "-74.4271+9*math.sin(q.anim_time*90*4)", 26.44392]
				},
				"hand_right": {
					"rotation": ["-4.6567+10*math.sin(q.anim_time*90*4+20)", -11.28131, 3.66924]
				},
				"finger_right": {
					"rotation": [0, 0, -52.5]
				},
				"finger_right2": {
					"rotation": [0, 0, -87.5]
				},
				"finger_right3": {
					"rotation": [0, -7.5, -62.5]
				},
				"finger_right4": {
					"rotation": [0, 0, -75]
				},
				"thumb_right": {
					"rotation": [50, 22.5, 0]
				},
				"thumb_right2": {
					"rotation": [70, 0, 0]
				},
				"leg_left": {
					"rotation": ["-22.5-1*math.sin(q.anim_time*90*8)", -17.5, "1*math.sin(q.anim_time*90*4)"],
					"position": ["-0.5+0.2*math.sin(q.anim_time*90*4)", "-1.25+0.1*math.sin(q.anim_time*90*8)", -1.75]
				},
				"leg_right": {
					"rotation": ["21.2486-5*math.sin(q.anim_time*90*4)", "54.7128-5*math.sin(q.anim_time*90*4)", 34.40719],
					"position": [0.25, "-1.25+0.1*math.sin(q.anim_time*90*8)", "1-0.2*math.sin(q.anim_time*90*4)"]
				},
				"neck": {
					"rotation": [14.78517, -32.75343, -8.18855]
				},
				"leg_left3": {
					"rotation": ["52.5193-2*math.sin(q.anim_time*90*4)", -2.30959, "-0.9572+2*math.sin(q.anim_time*90*4)"]
				},
				"foot_left": {
					"rotation": ["-25+2*math.sin(q.anim_time*90*8)", 0, 0],
					"position": [0, 0, "0.1*math.sin(q.anim_time*90*4)"]
				},
				"leg_right3": {
					"rotation": ["47.2578+10*math.sin(q.anim_time*90*4)", 4.81281, -5.7589]
				},
				"foot_right": {
					"rotation": ["-26+3*math.sin(q.anim_time*90*8)", "-6.2127-2*math.sin(q.anim_time*90*2)", -10.86815],
					"position": ["-0.2*math.sin(q.anim_time*90*4)", 0, 0]
				}
			}
		},
		"animation.tyrogue.faint": {
			"loop": true,
			"animation_length": 3,
			"bones": {
				"body": {
					"rotation": {
						"0.0": [0, 0, 0],
						"0.4583": {
							"pre": [0, 20, 0],
							"post": [0, 20, 0],
							"lerp_mode": "catmullrom"
						},
						"0.75": {
							"post": [0, -67.5, 0],
							"lerp_mode": "catmullrom"
						},
						"1.0833": {
							"post": [-141.11034, -35.69863, 102.22288],
							"lerp_mode": "catmullrom"
						},
						"1.25": {
							"post": [-243.98, 39.8, 30.44],
							"lerp_mode": "catmullrom"
						},
						"1.2917": {
							"post": [-255.73949, 58.54672, 22.81678],
							"lerp_mode": "catmullrom"
						},
						"1.5": {
							"post": [-299.46977, 66.96124, -26.23303],
							"lerp_mode": "catmullrom"
						},
						"1.5833": [-275.63512, 68.99015, -14.01453],
						"1.6667": [-275.64, 68.99, -14.01]
					},
					"position": {
						"0.0": [0, 0, 0],
						"0.2917": {
							"pre": [0.25, -0.5, 0.25],
							"post": [0.25, -0.5, 0.25],
							"lerp_mode": "catmullrom"
						},
						"0.5417": {
							"post": [0.25, -0.5, 0.25],
							"lerp_mode": "catmullrom"
						},
						"0.75": {
							"post": [3.5, 1, -2.5],
							"lerp_mode": "catmullrom"
						},
						"1.0833": {
							"post": [3.25, 1.5, 0],
							"lerp_mode": "catmullrom"
						},
						"1.2083": {
							"post": [0, -5, 0],
							"lerp_mode": "catmullrom"
						},
						"1.3333": {
							"post": [0, -4.5, 0],
							"lerp_mode": "catmullrom"
						},
						"1.4167": [0, -4.25, 0],
						"1.5": [0, -5, 0],
						"1.5833": [0, -4.5, 0],
						"1.7083": [0, -4.75, 0]
					}
				},
				"torso": {
					"rotation": {
						"0.0": [-12.59874, 30.7579, -0.31345],
						"0.2083": {
							"pre": [4.90126, 30.7579, -0.31345],
							"post": [4.90126, 30.7579, -0.31345],
							"lerp_mode": "catmullrom"
						},
						"0.5417": {
							"post": [-12.8464, 80.43167, 12.70855],
							"lerp_mode": "catmullrom"
						},
						"0.75": [52.92006, 64.12407, 19.79301],
						"0.8333": [-4.69649, 18.14933, 2.20543],
						"1.1667": [-5.06071, 28.11333, 1.28179],
						"1.3333": [-4.46931, 3.19671, 3.42159],
						"1.625": [-4.54107, 10.67361, 2.82855],
						"1.75": [-4.58306, 13.16569, 2.62533]
					},
					"position": {
						"0.0": [0, 0, 0.25],
						"0.2083": [0, -0.25, 0.75],
						"1.5833": [0, 0.25, -0.25]
					}
				},
				"neck": {
					"rotation": {
						"0.0": [16.79578, -30.86647, -16.73328],
						"0.2083": [36.79578, -30.86647, -16.73328],
						"0.7083": [-5.70422, -30.86647, -16.73328],
						"1.2083": [13.41984, -28.59021, -54.23913],
						"1.5": [-23.2, -30.87, -16.73],
						"1.5833": [-3.2, -30.87, -16.73]
					}
				},
				"head": {
					"rotation": {
						"0.0": [5.49968, 4.50534, 9.38188],
						"0.5417": {
							"pre": [-24.90055, 27.50496, -0.9001],
							"post": [-24.90055, 27.50496, -0.9001],
							"lerp_mode": "catmullrom"
						},
						"0.75": {
							"post": [45.91654, -3.23201, 9.21446],
							"lerp_mode": "catmullrom"
						},
						"0.875": {
							"post": [-1.36833, -7.03358, 9.06319],
							"lerp_mode": "catmullrom"
						},
						"1.25": {
							"post": [-44.04746, -4.4739, 8.50204],
							"lerp_mode": "catmullrom"
						},
						"1.5": [10.95634, 22.13366, 19.7357],
						"1.6667": [5.95634, 22.13366, 19.7357],
						"1.7917": [10.95634, 22.13366, 19.7357]
					}
				},
				"eyelid_right": {
					"position": {
						"0.0": [0, 0, 0],
						"0.0417": [0, 0, -0.1],
						"0.25": [0, 0, -0.1],
						"0.2917": [0, 0, 0],
						"0.5": [0, 0, 0],
						"0.5417": [0, 0, -0.1]
					}
				},
				"eyelid_left": {
					"position": {
						"0.0": [0, 0, 0],
						"0.0417": [0, 0, -0.1],
						"0.25": [0, 0, -0.1],
						"0.2917": [0, 0, 0],
						"0.5": [0, 0, 0],
						"0.5417": [0, 0, -0.1]
					}
				},
				"arm_left": {
					"rotation": {
						"0.0": [-27.00489, -36.1526, 80.78839],
						"0.25": {
							"pre": [1.03124, 33.91434, 41.84062],
							"post": [1.03124, 33.91434, 41.84062],
							"lerp_mode": "catmullrom"
						},
						"0.4167": {
							"post": [50.30732, 71.44694, 73.60143],
							"lerp_mode": "catmullrom"
						},
						"0.8333": {
							"post": [21.6994, -53.13424, 2.48409],
							"lerp_mode": "catmullrom"
						},
						"1.0833": {
							"post": [-97.95276, -77.30732, 173.57447],
							"lerp_mode": "catmullrom"
						},
						"1.2917": {
							"post": [101.64743, -2.72386, 12.78406],
							"lerp_mode": "catmullrom"
						},
						"1.5417": {
							"post": [102.5388, 21.73895, 18.05436],
							"lerp_mode": "catmullrom"
						},
						"1.625": {
							"post": [101.89616, 11.96418, 15.84585],
							"lerp_mode": "catmullrom"
						},
						"1.7083": [102.16408, 16.85452, 16.9215]
					},
					"position": {
						"0.0": [1, 0.25, 0.5],
						"0.4167": [1, 0.25, -1.5],
						"0.7917": [1, 0.25, 1.5],
						"1.3333": [1, 0.25, 0.25]
					}
				},
				"arm_left2": {
					"rotation": {
						"0.0": [-2.94151, 28.6452, -2.5696],
						"0.625": [-22.26094, 83.1724, -23.27687],
						"1.125": [-2.68748, 16.16013, -1.90703]
					}
				},
				"hand_left": {
					"rotation": {
						"0.0": [-5.21906, 1.25168, 9.88017],
						"0.5417": [-2.92411, -10.07872, 6.88868],
						"1.0833": [-4.88342, -19.66338, 29.19524],
						"1.2917": [-5.60152, -30.6528, 11.26715],
						"1.5833": [-20.9409, -23.54969, 44.1431],
						"1.7083": [-12.66073, -28.65763, 25.47716]
					}
				},
				"finger_left": {
					"rotation": [0, 0, 25.36231]
				},
				"finger_left2": {
					"rotation": [0, 0, 47.5]
				},
				"finger_left3": {
					"rotation": [-1.07163, 4.38583, 49.04174]
				},
				"finger_left4": {
					"rotation": [0, 0, 50]
				},
				"thumb_left": {
					"rotation": [46.67096, -43.14088, -29.01432]
				},
				"thumb_left2": {
					"rotation": [10, 0, 0]
				},
				"arm_right": {
					"rotation": {
						"0.0": [16.765, 7.88656, -53.71505],
						"0.5": {
							"pre": [-22.58979, 73.0918, -47.58001],
							"post": [-22.58979, 73.0918, -47.58001],
							"lerp_mode": "catmullrom"
						},
						"0.75": {
							"post": [-4.68231, 30.97495, -22.46008],
							"lerp_mode": "catmullrom"
						},
						"0.9167": {
							"post": [32.77491, -42.81189, -41.79556],
							"lerp_mode": "catmullrom"
						},
						"1.0417": {
							"post": [33.83661, -54.97882, -67.76949],
							"lerp_mode": "catmullrom"
						},
						"1.1667": {
							"post": [-62.4312, 6.80978, -54.29667],
							"lerp_mode": "catmullrom"
						},
						"1.2917": [-61.35277, -44.51418, -18.38788],
						"1.4167": [-104.25501, -14.00331, -2.0731],
						"1.5417": [-99.08824, -43.73566, 2.59575]
					},
					"position": {
						"0.0": [-1, 0.5, 0.25],
						"0.5833": [-1, 0.5, 0.25],
						"0.6667": [-1, 0.5, -2.5],
						"0.75": [-0.5, 0.5, -4],
						"0.9167": [-0.17213, -0.11934, -3.07323],
						"1.3333": [-1, 0.5, -1.5],
						"1.7083": [-1, 0.5, -0.5]
					}
				},
				"arm_right2": {
					"rotation": {
						"0.0": [-7.58221, -60.5025, 9.69703],
						"0.4583": [-41.08563, -84.32645, 44.03461],
						"0.5833": [-4.05233, -23.16573, 4.68472],
						"0.7083": [-28.86783, -82.26619, 31.73533],
						"1.2083": [-2.32523, -33.9409, 14.3967],
						"1.7083": [2.14446, -43.95481, 8.01108]
					},
					"position": [0, 0, 0]
				},
				"hand_right": {
					"rotation": {
						"0.0": [-93.7365, -11.28131, 3.6692],
						"0.4583": [8.7635, -11.28131, 3.6692],
						"1.2917": [8.76, -11.28, 3.67],
						"1.5": [1.23328, -14.19474, 36.88321],
						"1.625": [22.95592, -14.44007, 18.68486]
					},
					"position": {
						"0.0": [-0.5, 0, 0.05],
						"1.2917": [-0.5, 0, 0.05],
						"1.625": [-0.3424, 0.43817, -0.13213]
					}
				},
				"finger_right": {
					"rotation": {
						"0.0": [0, 0, -52.5],
						"1.1667": [0, 0, -52.5],
						"1.3333": [0, 0, -7.5]
					}
				},
				"finger_right2": {
					"rotation": {
						"0.0": [0, 0, -87.5],
						"1.1667": [0, 0, -87.5],
						"1.3333": [0, 0, -40]
					}
				},
				"finger_right3": {
					"rotation": {
						"0.0": [0, -7.5, -62.5],
						"1.1667": [0, -7.5, -62.5],
						"1.3333": [-6.20047, 8.13441, -8.61235]
					}
				},
				"finger_right4": {
					"rotation": {
						"0.0": [0, 0, -75],
						"1.1667": [0, 0, -75],
						"1.3333": [0, 0, -32.5]
					}
				},
				"thumb_right": {
					"rotation": {
						"0.0": [50, 22.5, 0],
						"1.1667": [50, 22.5, 0],
						"1.3333": [25.05105, 51.84436, 8.07896]
					}
				},
				"thumb_right2": {
					"rotation": {
						"0.0": [70, 0, 0],
						"1.1667": [70, 0, 0],
						"1.3333": [22.5, 0, 0]
					}
				},
				"leg_right": {
					"rotation": {
						"0.0": [12.5, 37.5, 0],
						"0.25": {
							"pre": [-17.5, 37.5, 0],
							"post": [-17.5, 37.5, 0],
							"lerp_mode": "catmullrom"
						},
						"0.625": {
							"post": [12.5, 37.5, 0],
							"lerp_mode": "catmullrom"
						},
						"0.75": {
							"post": [42.5, 37.5, 0],
							"lerp_mode": "catmullrom"
						},
						"0.875": {
							"post": [42.5, 37.5, 0],
							"lerp_mode": "catmullrom"
						},
						"1.0417": {
							"post": [-45, 37.5, 0],
							"lerp_mode": "catmullrom"
						},
						"1.1667": {
							"post": [-40, 37.5, 0],
							"lerp_mode": "catmullrom"
						},
						"1.2917": [-106.6057, 52.53423, -70.99467],
						"1.4167": [-127.24566, 59.297, -97.05578],
						"1.5417": [-112.57559, 50.85452, -78.59727]
					},
					"position": {
						"0.0": [0.25, 0, 1.05],
						"0.5": [0.75, 0, 2.05],
						"1.25": [0.25, 0, -0.45]
					}
				},
				"leg_right3": {
					"rotation": {
						"0.0": [0, 0, 0],
						"0.25": {
							"pre": [22.5, 15.83333, 0],
							"post": [22.5, 15.83333, 0],
							"lerp_mode": "catmullrom"
						},
						"0.75": {
							"post": [0, 47.5, 0],
							"lerp_mode": "catmullrom"
						},
						"0.9167": {
							"post": [62.74089, -6.96432, 10.88694],
							"lerp_mode": "catmullrom"
						},
						"1.125": {
							"post": [25.24089, -6.96432, 10.88694],
							"lerp_mode": "catmullrom"
						},
						"1.2917": [15.24089, -6.96432, 10.88694],
						"1.5833": [44.84701, 1.88535, 19.73248]
					},
					"position": {
						"0.0": [0, 0, 0],
						"1.5833": [-0.25, 0, 0]
					}
				},
				"foot_right": {
					"rotation": {
						"0.0": [-10, 0, 0],
						"0.5417": [-11.24314, -27.0478, 5.16524],
						"0.7083": [21.25686, -27.0478, 5.16524],
						"1.0417": [-3.34398, -4.58959, 3.72907],
						"1.4583": [-3.33333, 0.40194, 3.43778]
					}
				},
				"leg_left": {
					"rotation": {
						"0.0": [0, -12.5, 0],
						"0.4583": [2.74027, 4.71275, -7.98883],
						"0.5417": [-17.34495, 19.64667, -8.86017],
						"1.0417": [19.29286, -10.51794, -33.12598],
						"1.125": [21.87603, 0.24841, -61.28533],
						"1.3333": [-15.62397, 0.24841, -61.28533],
						"1.5833": [-45.62397, 0.24841, -61.28533]
					},
					"position": [-0.5, 0, -0.75]
				},
				"leg_left3": {
					"rotation": {
						"0.0": [0, 0, 0],
						"0.5417": [31.29751, -8.87826, -1.48264],
						"0.9167": [17.21, 0, 0],
						"1.25": [47.5, 0, 0],
						"1.375": [17.5, 0, 0]
					},
					"position": [0, 0, 0]
				},
				"foot_left": {
					"rotation": {
						"0.0": [0, 0, 0],
						"0.5417": [-15, 0, 0],
						"0.75": [27.5, 0, 0],
						"1.125": [28.62702, -15.46973, -8.28342],
						"1.625": [74.30773, -16.16031, -10.78072],
						"1.7083": [76.54487, -18.05039, -18.37548],
						"1.7917": [75.0216, -16.82159, -13.29514],
						"1.875": [75.76767, -17.4521, -15.82675],
						"1.9583": [75.0216, -16.82159, -13.29514]
					},
					"position": [0, 0, 0]
				}
			}
		},
		"animation.tyrogue.sleep": {
			"loop": true,
			"bones": {
				"torso": {
					"rotation": ["-16.6496+2*math.sin(q.anim_time*90*1-20)", 28.83807, 0.56035],
					"position": [0, "-0.2*math.sin(q.anim_time*90*1)", 0.25]
				},
				"head": {
					"rotation": ["28.7423-5*math.sin(q.anim_time*90*1+50)", 9.91625, 11.43271]
				},
				"arm_left": {
					"rotation": [-30.02427, "-34.6636+1*math.sin(q.anim_time*90*2)", 80.15956],
					"position": [1, 0.25, 0.5]
				},
				"arm_left2": {
					"rotation": [-2.68748, "16.1602+1*math.sin(q.anim_time*90*1)", -1.90703]
				},
				"hand_left": {
					"rotation": [-13.24376, -5.47424, 14.03159]
				},
				"finger_left": {
					"rotation": [0, 0, "2.5+7*math.sin(q.anim_time*90*1+50)"]
				},
				"finger_left2": {
					"rotation": [0, 0, 47.5]
				},
				"finger_left3": {
					"rotation": [-2.68125, -6.34755, "26.096+5*math.sin(q.anim_time*90*1+10)"]
				},
				"finger_left4": {
					"rotation": [0, 0, 50]
				},
				"thumb_left": {
					"rotation": [64.95739, -6.0864, -56.00267],
					"position": [0, -0.75, 0]
				},
				"thumb_left2": {
					"rotation": [37.5, 0, 0]
				},
				"arm_right": {
					"rotation": [13.70897, 40.57471, -54.23442],
					"position": [-1, 0.5, 0.75]
				},
				"arm_right2": {
					"rotation": [-14.78396, "-75.2496-2*math.sin(q.anim_time*90*1)", 17.4054]
				},
				"hand_right": {
					"rotation": [21.8644, -21.73051, -18.5577],
					"position": [-0.5, 0, 0.05]
				},
				"finger_right": {
					"rotation": [0, -22.5, -25]
				},
				"finger_right2": {
					"rotation": [0, 0, -55]
				},
				"finger_right3": {
					"rotation": [-4.19014, -16.29452, -29.04509]
				},
				"finger_right4": {
					"rotation": [0, 0, -52.5]
				},
				"thumb_right": {
					"rotation": [20.84866, 44.50542, -7.69183]
				},
				"thumb_right2": {
					"rotation": [43.8547, 12.80911, 12.02501]
				},
				"leg_left": {
					"rotation": [-5.67046, 47.29169, -11.08458],
					"position": [-0.5, -0.5, -0.75]
				},
				"leg_right": {
					"rotation": [12.5, 7.5, 0],
					"position": [0.25, 0, 1.55]
				},
				"neck": {
					"rotation": [31.11683, -23.74508, -13.61303]
				},
				"foot_right": {
					"rotation": [-10.26735, 11.42919, -2.57066]
				},
				"eyelid_right": {
					"position": [0, 0, -0.1]
				},
				"eyelid_left": {
					"position": [0, 0, -0.1]
				},
				"leg_right3": {
					"rotation": [-0.04624, 4.88119, -1.08482]
				},
				"leg_left3": {
					"rotation": [10.47479, 17.22575, 3.13388]
				},
				"foot_left": {
					"rotation": [-15, 0, 0]
				}
			}
		},
		"animation.tyrogue.cry": {
			"animation_length": 2,
			"bones": {
				"head": {
					"rotation": {
						"0.0": [0, 0, 0],
						"0.25": {
							"pre": [8.06, 0, 0],
							"post": [8.06, 0, 0],
							"lerp_mode": "catmullrom"
						},
						"0.4167": {
							"post": [-15, 0, 0],
							"lerp_mode": "catmullrom"
						},
						"0.8333": {
							"post": [-15, 0, 0],
							"lerp_mode": "catmullrom"
						},
						"1.25": {
							"post": [1, 0, 0],
							"lerp_mode": "catmullrom"
						},
						"1.75": [0, 0, 0]
					}
				},
				"torso": {
					"rotation": {
						"0.0": [0, 0, 0],
						"0.1667": {
							"pre": [0.85247, -0.03722, 1.49972],
							"post": [0.85247, -0.03722, 1.49972],
							"lerp_mode": "catmullrom"
						},
						"0.3333": {
							"post": [1.88713, 0.13267, -0.82955],
							"lerp_mode": "catmullrom"
						},
						"0.5833": {
							"post": [4, 0, 0],
							"lerp_mode": "catmullrom"
						},
						"0.9167": {
							"post": [0.67, 0, 0],
							"lerp_mode": "catmullrom"
						},
						"1.5": [0, 0, 0]
					}
				},
				"neck": {
					"rotation": {
						"0.0": [0, 0, 0],
						"0.3333": {
							"pre": [5, 0, 0],
							"post": [5, 0, 0],
							"lerp_mode": "catmullrom"
						},
						"0.75": {
							"post": [0.63, 0, 0],
							"lerp_mode": "catmullrom"
						},
						"1.5": [0, 0, 0]
					}
				},
				"mouth_closed": {
					"position": {
						"0.0": [0, 0, 0],
						"0.0833": {
							"pre": [0, 0, 0],
							"post": [0, 0, 1]
						},
						"0.25": {
							"pre": [0, 0, 1],
							"post": [0, 0, 0]
						},
						"0.4167": {
							"pre": [0, 0, 0],
							"post": [0, 0, 1]
						},
						"0.8333": {
							"pre": [0, 0, 1],
							"post": [0, 0, 0]
						}
					}
				},
				"mouth_open": {
					"position": {
						"0.0": [0, 0, 0],
						"0.0833": {
							"pre": [0, 0, 0],
							"post": [0, 0, -0.1]
						},
						"0.25": {
							"pre": [0, 0, -0.1],
							"post": [0, 0, 0]
						},
						"0.4167": {
							"pre": [0, 0, 0],
							"post": [0, 0, -0.1]
						},
						"0.8333": {
							"pre": [0, 0, -0.1],
							"post": [0, 0, 0]
						}
					}
				}
			},
			"sound_effects": {
				"0.0": {
					"effect": "pokemon.tyrogue.cry"
				}
			}
		},
		"animation.tyrogue.blink": {
			"animation_length": 0.1667,
			"bones": {
				"eyelid_right": {
					"position": {
						"0.0": [0, 0, -0.1],
						"0.125": [0, 0, -0.1],
						"0.1667": [0, 0, 0]
					}
				},
				"eyelid_left": {
					"position": {
						"0.0": [0, 0, -0.1],
						"0.125": [0, 0, -0.1],
						"0.1667": [0, 0, 0]
					}
				}
			}
		},
		"animation.tyrogue.shoulder_right": {
			"loop": true,
			"bones": {
				"body": {
					"rotation": [0, 65, 5],
					"position": [-1.25, -6.25, 0]
				},
				"torso": {
					"rotation": ["5.0627+1*math.sin(q.anim_time*90*1)", -4.76804, -1.50701]
				},
				"neck": {
					"rotation": [20, 0, 0],
					"position": [0, 0, -0.25]
				},
				"head": {
					"rotation": ["-11.8043+1*math.sin(q.anim_time*90*1-50)", -52.80961, 20.90149],
					"position": [0, 0, -0.5]
				},
				"arm_left": {
					"rotation": [79.94049, 53.47371, 75.26581]
				},
				"arm_left2": {
					"rotation": [0, 85, 0]
				},
				"finger_left": {
					"rotation": [0, 0, 75]
				},
				"finger_left2": {
					"rotation": [0, 0, 80]
				},
				"finger_left3": {
					"rotation": [0, 0, 72.5]
				},
				"finger_left4": {
					"rotation": [0, 0, 87.5]
				},
				"thumb_left": {
					"rotation": [72.5, 0, 0]
				},
				"thumb_left2": {
					"rotation": [65, 0, 0]
				},
				"arm_right": {
					"rotation": [118.84122, -55.16223, -117.18575],
					"position": [0, 0.75, -1.25]
				},
				"arm_right2": {
					"rotation": [0, -50, 0]
				},
				"finger_right": {
					"rotation": [0, 0, -75]
				},
				"finger_right2": {
					"rotation": [0, 0, -80]
				},
				"finger_right3": {
					"rotation": [0, 0, -72.5]
				},
				"finger_right4": {
					"rotation": [0, 0, -87.5]
				},
				"thumb_right": {
					"rotation": [72.5, 0, 0]
				},
				"thumb_right2": {
					"rotation": [65, 0, 0]
				},
				"leg_right": {
					"rotation": [-91.63, 23.64692, -0.65016],
					"position": [1.25, 0, 0]
				},
				"leg_right2": {
					"rotation": [30, 0, 0]
				},
				"leg_right3": {
					"rotation": ["55+2*math.sin(q.anim_time*90*3)", 0, 0]
				},
				"leg_left": {
					"rotation": [-81.59053, -35.82868, 3.66922],
					"position": [-0.75, 0, -0.75]
				},
				"leg_left3": {
					"rotation": [22.25386, 5.29571, "-5.3185+2*math.sin(q.anim_time*90*2)"]
				},
				"foot_left": {
					"rotation": ["22.5-2*math.sin(q.anim_time*90*2+50)", 0, 0]
				},
				"foot_right": {
					"rotation": ["5+4*math.sin(q.anim_time*90*3+50)", 0, 0]
				},
				"leg_left2": {
					"rotation": [30, 0, 0]
				}
			}
		},
		"animation.tyrogue.shoulder_left": {
			"loop": true,
			"bones": {
				"body": {
					"rotation": [0, -65, -5],
					"position": [1.25, -6.25, 0]
				},
				"torso": {
					"rotation": ["5.0627+1*math.sin(q.anim_time*90*1)", 4.76804, 1.50701]
				},
				"neck": {
					"rotation": [20, 0, 0],
					"position": [0, 0, -0.25]
				},
				"head": {
					"rotation": ["-11.8043+1*math.sin(q.anim_time*90*1-50)", 52.80961, -20.90149],
					"position": [0, 0, -0.5]
				},
				"arm_left": {
					"rotation": [118.84122, 55.16223, 117.18575],
					"position": [0, 0.75, -1.25]
				},
				"arm_left2": {
					"rotation": [0, 50, 0]
				},
				"finger_left": {
					"rotation": [0, 0, 75]
				},
				"finger_left2": {
					"rotation": [0, 0, 80]
				},
				"finger_left3": {
					"rotation": [0, 0, 72.5]
				},
				"finger_left4": {
					"rotation": [0, 0, 87.5]
				},
				"thumb_left": {
					"rotation": [72.5, 0, 0]
				},
				"thumb_left2": {
					"rotation": [65, 0, 0]
				},
				"arm_right": {
					"rotation": [79.94049, -53.47371, -75.26581],
					"position": [0, 0.75, -1.25]
				},
				"arm_right2": {
					"rotation": [0, -85, 0]
				},
				"finger_right": {
					"rotation": [0, 0, -75]
				},
				"finger_right2": {
					"rotation": [0, 0, -80]
				},
				"finger_right3": {
					"rotation": [0, 0, -72.5]
				},
				"finger_right4": {
					"rotation": [0, 0, -87.5]
				},
				"thumb_right": {
					"rotation": [72.5, 0, 0]
				},
				"thumb_right2": {
					"rotation": [65, 0, 0]
				},
				"leg_right": {
					"rotation": [-81.59053, 35.82868, -3.66922],
					"position": [0.75, 0, -0.75]
				},
				"leg_right2": {
					"rotation": [30, 0, 0]
				},
				"leg_right3": {
					"rotation": [22.25386, -5.29571, "5.3185+2*math.sin(q.anim_time*90*2)"]
				},
				"leg_left": {
					"rotation": [-91.63, -23.64692, 0.65016],
					"position": [-1.25, 0, 0]
				},
				"leg_left3": {
					"rotation": ["55+2*math.sin(q.anim_time*90*3)", 0, 0]
				},
				"foot_left": {
					"rotation": ["5+4*math.sin(q.anim_time*90*3+50)", 0, 0]
				},
				"foot_right": {
					"rotation": ["22.5-2*math.sin(q.anim_time*90*2+50)", 0, 0]
				},
				"leg_left2": {
					"rotation": [30, 0, 0]
				}
			}
		},
		"animation.tyrogue.physical": {
			"animation_length": 3,
			"bones": {
				"torso": {
					"rotation": {
						"0.0": [5.9139, 35.7328, 0.2853],
						"0.0833": [-16.5861, 35.7328, -7.2147],
						"0.25": [-21.59, 33.23, -14.71],
						"0.4167": [-14.8, 33.23, -9.64],
						"0.5417": [3.41, 33.23, 0.29],
						"0.625": [1.95, 29.99, 0.17],
						"0.7917": [0, 0, 0],
						"1.0": [22.75, 0, 0],
						"1.1667": {
							"pre": [27.5, -27.5, -7.5],
							"post": [27.5, -27.5, -7.5],
							"lerp_mode": "catmullrom"
						},
						"1.2083": {
							"post": [15.92, -20.25, -8.25],
							"lerp_mode": "catmullrom"
						},
						"1.25": {
							"post": [-22.5, 5.5, -17.5],
							"lerp_mode": "catmullrom"
						},
						"1.375": {
							"post": [-32.09, 20.73, -18.49],
							"lerp_mode": "catmullrom"
						},
						"1.5833": {
							"post": [-30, 20, -17.5],
							"lerp_mode": "catmullrom"
						},
						"1.9583": {
							"post": [-17.5, 20, -9.5],
							"lerp_mode": "catmullrom"
						},
						"2.0833": {
							"post": [0, 20, -2.5],
							"lerp_mode": "catmullrom"
						},
						"2.2083": {
							"post": [35, 20, -2.5],
							"lerp_mode": "catmullrom"
						},
						"2.4583": {
							"post": [12.5, 32.25, -2.5],
							"lerp_mode": "catmullrom"
						},
						"2.625": {
							"post": [7.8, 34.76, -1.11],
							"lerp_mode": "catmullrom"
						},
						"2.75": {
							"post": [10.9139, 35.7328, 0.2853],
							"lerp_mode": "catmullrom"
						},
						"2.875": [6.91, 35.73, 0.29],
						"2.9583": [5.91, 35.73, 0.29]
					},
					"position": {
						"0.0": [0, -0.75, 0.25],
						"1.1667": [0, -0.75, 0.25],
						"1.2083": [0, -2.75, 0.25],
						"1.2917": [0, 0, 0],
						"1.875": [0, 0, 0],
						"2.0833": [0, 1, 0],
						"2.1667": {
							"pre": [0, -1, 0],
							"post": [0, -1, 0],
							"lerp_mode": "catmullrom"
						},
						"2.2917": {
							"post": [0, -2, 0],
							"lerp_mode": "catmullrom"
						},
						"2.5833": {
							"post": [0, 0.5, 0],
							"lerp_mode": "catmullrom"
						},
						"2.75": {
							"post": [0, -0.25, 0],
							"lerp_mode": "catmullrom"
						},
						"2.875": [0, -0.05, 0],
						"3.0": [0, 0, 0]
					},
					"scale": {
						"2.0": [1, 1, 1],
						"2.0833": [0.9, 1.2, 0.9],
						"2.1667": [1.1, 0.9, 1.1],
						"2.25": [1, 1, 1]
					}
				},
				"head": {
					"rotation": {
						"0.0": [-5.65274, -0.4703, 9.87528],
						"0.0833": [36.85, -0.47, 4.88],
						"0.3333": [4.35, -0.47, 9.88],
						"0.4583": [-8.15, -0.47, 9.88],
						"0.625": {
							"pre": [-23.15, -0.47, 4.88],
							"post": [-23.15, -0.47, 4.88],
							"lerp_mode": "catmullrom"
						},
						"0.75": {
							"post": [-47.15, -0.47, 4.88],
							"lerp_mode": "catmullrom"
						},
						"0.8333": {
							"post": [-21.65, -0.47, 4.88],
							"lerp_mode": "catmullrom"
						},
						"0.9167": {
							"post": [6.85, -0.47, 4.88],
							"lerp_mode": "catmullrom"
						},
						"1.125": {
							"post": [6.85, -0.47, 4.88],
							"lerp_mode": "catmullrom"
						},
						"1.2083": {
							"post": [0.35, -0.47, 4.88],
							"lerp_mode": "catmullrom"
						},
						"1.2917": {
							"post": [-1.32, -8.05, 5.8],
							"lerp_mode": "catmullrom"
						},
						"1.4583": [10.35, -12.72, 7.63],
						"1.75": [15.35, -15.47, 9.88],
						"1.9583": [7.85, -15.47, 9.88],
						"2.0833": [-14.65, -15.47, 9.88],
						"2.25": [2.85, -7.97, 9.88],
						"2.5417": {
							"pre": [-5.65274, -0.4703, 9.87528],
							"post": [-5.65274, -0.4703, 9.87528],
							"lerp_mode": "catmullrom"
						},
						"2.7083": {
							"post": [-1.15, -0.47, 9.88],
							"lerp_mode": "catmullrom"
						},
						"2.9167": [-5.65274, -0.4703, 9.87528],
						"3.0": [-5.65, -0.47, 9.88]
					}
				},
				"arm_left": {
					"rotation": {
						"0.0": [-19.36442, 18.8106, 15.0684],
						"0.0833": [-19.36, -6.19, 55.07],
						"0.2917": [-19.36, -6.19, -0.68],
						"0.4167": [-16.11, -6.19, 12.32],
						"0.5833": {
							"pre": [10.64, -6.19, 18.82],
							"post": [10.64, -6.19, 18.82],
							"lerp_mode": "catmullrom"
						},
						"0.6667": {
							"post": [4.89, -0.94, 13.57],
							"lerp_mode": "catmullrom"
						},
						"0.75": {
							"post": [-29.36, 41.31, -12.43],
							"lerp_mode": "catmullrom"
						},
						"0.8333": {
							"post": [-74.36, 36.31, -29.93],
							"lerp_mode": "catmullrom"
						},
						"0.9583": {
							"post": [37.5, 0, 40],
							"lerp_mode": "catmullrom"
						},
						"1.1667": [-4.09791, -49.48244, 56.12957],
						"1.2083": {
							"pre": [-55.00248, 38.28835, 27.36186],
							"post": [-55.00248, 38.28835, 27.36186],
							"lerp_mode": "catmullrom"
						},
						"1.3333": {
							"post": [-119.91783, 53.71277, -12.17203],
							"lerp_mode": "catmullrom"
						},
						"1.5": {
							"post": [-136.68852, 47.89655, -28.56183],
							"lerp_mode": "catmullrom"
						},
						"1.7083": {
							"post": [-134.98, 36.53, -29.7],
							"lerp_mode": "catmullrom"
						},
						"1.9583": [-103.69, 22.9, -31.06],
						"2.125": {
							"pre": [-64.19, 22.9, -31.06],
							"post": [-64.19, 22.9, -31.06],
							"lerp_mode": "catmullrom"
						},
						"2.25": {
							"post": [0, 0, 35.75],
							"lerp_mode": "catmullrom"
						},
						"2.5": {
							"post": [0, 0, 12.5],
							"lerp_mode": "catmullrom"
						},
						"2.75": {
							"post": [-19.36442, 18.8106, 24.8184],
							"lerp_mode": "catmullrom"
						},
						"2.9167": [-19.36442, 18.8106, 15.0684],
						"3.0": [-19.36, 18.81, 15.07]
					},
					"position": {
						"0.0": [1, 0.25, 0],
						"1.2083": [1, 0.25, 0],
						"1.25": [1, -1.75, 0],
						"1.375": [1.75, 0.75, -2],
						"1.75": [1.5, 0.5, -1.75],
						"2.0": [1, 0.25, 0]
					},
					"scale": {
						"1.2083": [1, 1, 1],
						"1.25": [1.1, 0.6, 2.1],
						"1.3333": [1, 1, 1]
					}
				},
				"arm_left2": {
					"rotation": {
						"0.0": [-3.80513, 47.3481, -3.9579],
						"0.125": [-2.63905, 12.39857, 38.27576],
						"0.375": [-15.20866, 14.6292, -41.18869],
						"0.625": [0, 25, 27.5],
						"0.8333": [-36.47, 33.6, 15.4],
						"0.9583": [-2.35, 78.76, 8.14],
						"1.1667": [-3.81, 47.35, -3.96],
						"1.2083": [-3.81, -7.65, -3.96],
						"1.25": [-3.81, 7.35, -3.96],
						"1.2917": [-3.81, 64.85, -3.96],
						"1.4583": [-3.81, 49.85, -3.96],
						"1.625": [-3.81, 32.35, -3.96],
						"2.0833": [-3.81, 4.85, -3.96],
						"2.1667": [-3.81, 4.85, -26.46],
						"2.25": [0, 27.5, 15],
						"2.5": [0, 27.5, -12.5],
						"2.7083": [-3.80513, 47.3481, -3.9579]
					}
				},
				"hand_left": {
					"rotation": [3.4786, 7.85247, 7.14539],
					"scale": {
						"0.0": [1, 1, 1],
						"1.2083": [1, 1, 1],
						"1.25": [1.3, 1, 1],
						"1.2917": [1, 1, 1]
					}
				},
				"finger_left": {
					"rotation": [0, 0, 62.5]
				},
				"finger_left2": {
					"rotation": [0, 0, 87.5]
				},
				"finger_left3": {
					"rotation": [0, 5, 62.5]
				},
				"finger_left4": {
					"rotation": [0, 0, 90]
				},
				"thumb_left": {
					"rotation": [62.5, -22.5, 0]
				},
				"thumb_left2": {
					"rotation": [85, 0, 0]
				},
				"arm_right": {
					"rotation": {
						"0.0": [-6.18433, 8.6995, -38.77726],
						"0.0417": [14.82, -8.05, -38.78],
						"0.1667": [23.82, -11.3, -38.78],
						"0.375": [-11.18, -13.8, 33.72],
						"0.5417": [-11.18, 6.24, -24.21],
						"0.6667": [-11.18, 11.2, -38.78],
						"0.7917": [-28.68, -33.8, 13.72],
						"1.0": [0, 0, -67.5],
						"1.2083": [0, 0, -67.5],
						"1.3333": [0, 42.5, -22.5],
						"1.6667": [0, 31.25, -22.5],
						"1.9167": [0, 5, 10],
						"2.125": {
							"pre": [0, 42.5, 35],
							"post": [0, 42.5, 35],
							"lerp_mode": "catmullrom"
						},
						"2.25": {
							"post": [0, -5, -47.5],
							"lerp_mode": "catmullrom"
						},
						"2.5": {
							"post": [0, -5, 0],
							"lerp_mode": "catmullrom"
						},
						"2.75": [-6.18433, 14.1995, -41.52726],
						"2.8333": [-6.18, 8.7, -38.78]
					},
					"position": [-1, 0.5, 0.25]
				},
				"arm_right2": {
					"rotation": {
						"0.0": [-26.00932, -74.4271, 26.44392],
						"0.125": [0, -37.5, -55],
						"0.4167": [0, -32.5, 30],
						"0.625": [0, -32.5, -32.5],
						"0.75": [0, -82.5, 0],
						"1.2083": [0, -82.5, 0],
						"1.3333": {
							"pre": [0, -59, 0],
							"post": [0, -59, 0],
							"lerp_mode": "catmullrom"
						},
						"1.4167": {
							"post": [0, -37.7, 0],
							"lerp_mode": "catmullrom"
						},
						"1.5417": {
							"post": [0, -19, 0],
							"lerp_mode": "catmullrom"
						},
						"1.75": [0, -12.5, 0],
						"1.875": [0, -12.5, 0],
						"2.0417": [-3.63, -14.89, 26.04],
						"2.125": [-5.44536, -16.07844, 20.31224],
						"2.2917": [-5.45, -16.08, -39.69],
						"2.5417": [-5.45, -63.58, 17.81],
						"2.75": [-26.00932, -74.4271, 26.44392]
					}
				},
				"hand_right": {
					"rotation": {
						"0.0": [-1.2365, -11.28131, 3.66924],
						"0.125": [-1.24, -11.28, -18.83],
						"0.3333": [-1.24, -11.28, -46.33],
						"0.5": [-1.24, -11.28, 23.67],
						"0.7083": [-1.24, -33.78, -21.33],
						"1.2083": [-1.24, -33.78, -21.33],
						"1.3333": [-1.24, 3.97, 13.67],
						"1.4583": [-1.24, 11.22, 21.17]
					}
				},
				"finger_right": {
					"rotation": [0, 0, -52.5]
				},
				"finger_right2": {
					"rotation": [0, 0, -87.5]
				},
				"finger_right3": {
					"rotation": [0, -7.5, -62.5]
				},
				"finger_right4": {
					"rotation": [0, 0, -75]
				},
				"thumb_right": {
					"rotation": [50, 22.5, 0]
				},
				"thumb_right2": {
					"rotation": [70, 0, 0]
				},
				"leg_left": {
					"rotation": {
						"0.0": [-22.5, -17.5, 0],
						"0.0417": [-17.5, -17.5, -20],
						"0.0833": [-37.5, 0, 0],
						"0.3333": [-67.5, 0, -27.5],
						"0.5": [-60, 0, -27.5],
						"0.5833": [-73.75, 0, -27.5],
						"0.6667": [-62.5, 0, -27.5],
						"0.7083": [-10, 0, -7.5],
						"0.8333": [22.5, 0, -7.5],
						"0.9583": [-52.5, 0, -7.5],
						"1.0833": [-17.5, 0, -7.5],
						"1.125": [-42.5, 0, -7.5],
						"1.1667": [-50, 0, -7.5],
						"1.2083": [0, 0, 0],
						"1.3333": [-70, 0, 0],
						"1.75": [-70, 0, 0],
						"2.0417": [-22.5, 0, 0],
						"2.125": [-55, 0, 0],
						"2.2083": [-55, 0, 0],
						"2.625": [-22.5, -17.5, 0],
						"2.6667": [-27.5, -17.5, 0],
						"2.8333": [-22.5, -17.5, 0]
					},
					"position": {
						"0.0": [-0.5, -1.25, -1.75],
						"0.5": [-0.5, -1.25, -1.75],
						"0.6667": [0, -1, 0],
						"1.0": [0, -1, 0],
						"1.125": [0, 0.25, 0],
						"1.1667": [0, 0.62, 0],
						"1.2083": [0, -1, 0],
						"1.2917": [0, -1, -1],
						"1.5": [0, -0.5, -1.69],
						"1.9583": [0, -0.5, -1.69],
						"2.125": [0, -1.5, 0.25],
						"2.625": [-0.5, -1.25, -1.75]
					},
					"scale": {
						"1.2083": [1, 1, 1],
						"1.25": [1, 1.4, 1],
						"1.3333": [1, 1, 1]
					}
				},
				"leg_right": {
					"rotation": {
						"0.0": [21.2486, 54.7128, 34.40719],
						"0.0417": [13.75, 34.71, 49.41],
						"0.0833": [-35, 35, -15],
						"0.3333": [-10, 10, 5],
						"0.4583": [-22.5, 30, 2.5],
						"0.5833": [-32.5, 30, 2.5],
						"0.6667": [-20, 30, 2.5],
						"0.75": [0, 0, 12.5],
						"0.9167": [-72.5, 0, 12.5],
						"1.0833": [-72.5, 0, 12.5],
						"1.1667": [-76.67, 0, 4.17],
						"1.2083": [-30, 0, 0],
						"1.25": [7.25, 0, 0],
						"1.4167": [15, 0, 0],
						"1.6667": [21, 0, 0],
						"1.8333": [14.25, 0, 0],
						"2.0": [-30, 0, 0],
						"2.0833": [-30, 0, 0],
						"2.125": [-17.5, 0, 0],
						"2.1667": [-30, 0, 0],
						"2.2083": [-31.11437, 15.44046, -3.36049],
						"2.4583": [-53.61437, 40.44046, -3.36049],
						"2.5417": [-13.96, 46.21, 13.57],
						"2.5833": [21.2486, 54.7128, 34.40719],
						"2.6667": [18.75, 54.71, 34.41],
						"2.8333": [21.2486, 54.7128, 34.40719]
					},
					"position": {
						"0.0": [0.25, -1.25, 1],
						"0.4583": [0.25, -1.25, 1],
						"0.5833": [0.25, -0.5, 1],
						"0.75": [0, -1, 0],
						"1.1667": [0, -1, 0],
						"1.25": [0, -2.75, 0],
						"1.875": [0, -2.75, 0],
						"2.0833": [0, 0, 0],
						"2.2917": [0.25, -1.25, 1]
					},
					"scale": {
						"1.2083": [1, 1, 1],
						"1.25": [1, 1.4, 1],
						"1.3333": [1, 1, 1]
					}
				},
				"neck": {
					"rotation": {
						"0.0": [14.78517, -32.75343, -8.18855],
						"0.5833": [14.79, -32.75, -8.19],
						"0.7917": [0, 0, 0],
						"0.9167": [77.5, 0, 0],
						"1.0": [73, 0, 0],
						"1.125": [40, 0, 0],
						"1.25": [17.5, 0, 0],
						"1.5417": [7.5, 0, 0],
						"1.7917": [5, 0, 0],
						"2.2083": [17.5, 0, 0],
						"2.3333": [27.5, -5.5, 3.25],
						"2.5417": [17.14, -26.38, -7.34],
						"2.75": [14.78517, -32.75343, -8.18855]
					}
				},
				"leg_left3": {
					"rotation": {
						"0.0": [52.5193, -2.30959, -0.9572],
						"0.0417": [80.02, -2.31, -0.96],
						"0.0833": [-4.98, -2.31, -0.96],
						"0.3333": [92.52, -2.31, -0.96],
						"0.5": [45.02, -2.31, -0.96],
						"0.5833": [63.77, -2.31, -0.96],
						"0.6667": [62.52, -2.31, -0.96],
						"0.7083": [15.02, -2.31, -0.96],
						"0.8333": [40.02, -2.31, -0.96],
						"0.9583": [80.02, -2.31, -0.96],
						"1.1667": [75.02, -2.31, -0.96],
						"1.2083": [0, 0, 0],
						"1.3333": [85, 0, 0],
						"1.75": [85, 0, 0],
						"1.9583": [40, 0, 0],
						"2.0833": [60, 0, 0],
						"2.125": [80, 0, 0],
						"2.2083": [2.5, 0, 0],
						"2.625": [52.5193, -2.30959, -0.9572],
						"2.6667": [65.02, -2.31, -0.96],
						"2.8333": [52.5193, -2.30959, -0.9572]
					},
					"position": {
						"0.0": [0, 0, 0],
						"1.1667": [0, 0, 0],
						"1.3333": [0, 0, 1.25],
						"1.75": [0, 0, 1.25],
						"1.9583": [0, 0, 0]
					}
				},
				"foot_left": {
					"rotation": {
						"0.0": [-25, 0, 0],
						"0.0417": [-40, 0, 0],
						"0.0833": [72.5, 0, 0],
						"0.2917": [68.75, 0, 0],
						"0.5": [12.5, 0, 25],
						"0.5833": [1.25, 0, 25],
						"0.6667": [-20, 0, 25],
						"0.7083": [30, 0, 0],
						"0.8333": [55, 0, 0],
						"1.0": [-27.5, 0, 0],
						"1.0833": [-23.75, 0, 0],
						"1.1667": [-35, 0, 0],
						"1.2083": [-2.5, 0, 0],
						"1.25": [52.5, 0, 0],
						"1.7917": [52.5, 0, 0],
						"2.0833": [27.5, 0, 0],
						"2.125": [-17.5, 0, 0],
						"2.2083": [80, 0, 0],
						"2.625": [-25, 0, 0],
						"2.6667": [-32.5, 0, 0]
					},
					"position": [0, 0, 0]
				},
				"leg_right3": {
					"rotation": {
						"0.0": [47.2578, 4.81281, -5.7589],
						"0.0417": [79.76, 4.81, -5.76],
						"0.0833": [0, 0, 0],
						"0.3333": [47.5, 0, 0],
						"0.4583": [60, 0, 0],
						"0.5833": [67.5, 0, 0],
						"0.6667": [57.5, 0, 0],
						"0.75": [17.5, 0, 0],
						"0.875": [65, 0, 0],
						"1.0833": [65, 0, 0],
						"1.1667": [95, 0, 0],
						"1.2083": [50, 0, 0],
						"1.25": [15, 0, 0],
						"1.8333": [25, 0, 0],
						"2.0833": [77.5, 0, 0],
						"2.125": [62.5, 0, 0],
						"2.1667": [47.5, 0, 0],
						"2.2083": [5, 0, 0],
						"2.3333": [46.25, 0, 0],
						"2.4583": [50, 0, 0],
						"2.5833": [47.2578, 4.81281, -5.7589],
						"2.6667": [67.26, 4.81, -5.76],
						"2.8333": [47.2578, 4.81281, -5.7589]
					},
					"position": {
						"1.1667": [0, 0, 0],
						"1.25": [0, -0.5, 0]
					}
				},
				"foot_right": {
					"rotation": {
						"0.0": [-26, -6.2127, -10.86815],
						"0.0417": [-38.5, 11.29, -35.87],
						"0.0833": [47.5, 0, 0],
						"0.3333": [17.5, 0, 0],
						"0.4583": [-42.5, 0, 0],
						"0.5833": [-45, 0, 0],
						"0.6667": [-35, 0, -7.5],
						"0.7083": [55, 0, -7.5],
						"0.75": [60, 0, -7.5],
						"1.0833": [0, 0, -7.5],
						"1.1667": [-27.5, 0, -7.5],
						"1.2083": [-27.5, 0, 0],
						"1.25": [-10, 0, 0],
						"1.2917": [64.53, 0, 0],
						"1.9167": [62.5, 0, 0],
						"2.0833": [2.5, 0, 0],
						"2.125": [-35, 0, 0],
						"2.1667": [-12.5, 0, 0],
						"2.2083": [47.5, 0, 0],
						"2.4583": [20, 0, 0],
						"2.5833": [-26, -6.2127, -10.86815],
						"2.6667": [-46, -6.21, -10.87],
						"2.8333": [-26, -6.2127, -10.86815]
					},
					"position": [0, 0, 0]
				},
				"body": {
					"rotation": {
						"0.0": [0, 0, 0],
						"0.0833": [-14.25, 0, 0],
						"0.1667": {
							"pre": [-20, 0, 0],
							"post": [-20, 0, 0],
							"lerp_mode": "catmullrom"
						},
						"0.4167": {
							"post": [0, 0, 0],
							"lerp_mode": "catmullrom"
						},
						"0.5833": [9, 0, 0],
						"0.7083": [25.5, 0, 0],
						"0.8333": {
							"pre": [87, 0, 0],
							"post": [87, 0, 0],
							"lerp_mode": "catmullrom"
						},
						"1.0": {
							"post": [245.48, 0, 0],
							"lerp_mode": "catmullrom"
						},
						"1.125": {
							"post": [349.11, 0, 0],
							"lerp_mode": "catmullrom"
						},
						"1.2083": {
							"post": [369.65, 0, 0],
							"lerp_mode": "catmullrom"
						},
						"1.2917": {
							"post": [367.595, 0, 0],
							"lerp_mode": "catmullrom"
						},
						"1.375": {
							"post": [353.72, 0, 0],
							"lerp_mode": "catmullrom"
						},
						"1.4583": {
							"post": [348.125, 0, 0],
							"lerp_mode": "catmullrom"
						},
						"1.5833": {
							"post": [344.35, 0, 0],
							"lerp_mode": "catmullrom"
						},
						"1.7083": {
							"post": [342.5, 0, 0],
							"lerp_mode": "catmullrom"
						},
						"2.125": [352.25, 0, 0],
						"2.2917": [360, 0, 0],
						"2.3333": {"pre": [360, 0, 0], "post": [0, 0, 0]}
					},
					"position": {
						"0.0": [0, 0, 0],
						"0.0417": [0, -1.45, -1.33],
						"0.125": [0, 4.65, 9.27],
						"0.2083": {
							"pre": [0, 6, 17.18],
							"post": [0, 6, 17.18],
							"lerp_mode": "catmullrom"
						},
						"0.3333": {
							"post": [0, 4.15, 21.82],
							"lerp_mode": "catmullrom"
						},
						"0.4167": {
							"post": [0, 0, 24.25],
							"lerp_mode": "catmullrom"
						},
						"0.5": {
							"post": [0, -1.3, 25.65],
							"lerp_mode": "catmullrom"
						},
						"0.5833": {
							"post": [0, -2, 25.25],
							"lerp_mode": "catmullrom"
						},
						"0.6667": {
							"post": [0, -1.25, 22.03],
							"lerp_mode": "catmullrom"
						},
						"0.75": {
							"post": [0, 4.75, 14.08],
							"lerp_mode": "catmullrom"
						},
						"0.875": {
							"post": [0, 3.76, 2.46],
							"lerp_mode": "catmullrom"
						},
						"0.9167": {
							"post": [0, 0.25, -2.59],
							"lerp_mode": "catmullrom"
						},
						"1.0": {
							"post": [0, -7.75, -8.85],
							"lerp_mode": "catmullrom"
						},
						"1.0833": {
							"post": [0, -3, -13],
							"lerp_mode": "catmullrom"
						},
						"1.1667": {
							"post": [0, -3.25, -15.75],
							"lerp_mode": "catmullrom"
						},
						"1.25": {
							"post": [0, 5.07, -19.03],
							"lerp_mode": "catmullrom"
						},
						"1.2917": {
							"post": [0, 11.25, -19.25],
							"lerp_mode": "catmullrom"
						},
						"1.3333": {
							"post": [0, 16, -17.65],
							"lerp_mode": "catmullrom"
						},
						"1.4583": {
							"post": [0, 20, -15.25],
							"lerp_mode": "catmullrom"
						},
						"1.625": {
							"post": [0, 21, -13.5],
							"lerp_mode": "catmullrom"
						},
						"1.875": {
							"post": [0, 19.75, -12.25],
							"lerp_mode": "catmullrom"
						},
						"2.0": {
							"post": [0, 14.75, -12.25],
							"lerp_mode": "catmullrom"
						},
						"2.125": {
							"post": [0, -1.5, -12],
							"lerp_mode": "catmullrom"
						},
						"2.25": {
							"post": [0, 5.95, -5.4],
							"lerp_mode": "catmullrom"
						},
						"2.375": {
							"post": [0, 7.83, -2.25],
							"lerp_mode": "catmullrom"
						},
						"2.5": {
							"post": [0, 6.32, -0.73],
							"lerp_mode": "catmullrom"
						},
						"2.5833": [0, 0.05, 0.05],
						"2.6667": [0, -0.72, 0.03],
						"2.8333": [0, 0, 0]
					}
				},
				"eyelid_right": {
					"position": {
						"0.0": [0, 0, 0],
						"0.0417": {"pre": [0, 0, 0], "post": [0, 0, -0.1]},
						"0.1667": {"pre": [0, 0, -0.1], "post": [0, 0, 0]},
						"0.75": {"pre": [0, 0, 0], "post": [0, 0, -0.1]},
						"1.9583": {"pre": [0, 0, -0.1], "post": [0, 0, 0]},
						"2.1667": {"pre": [0, 0, 0], "post": [0, 0, -0.1]},
						"2.3333": {"pre": [0, 0, -0.1], "post": [0, 0, 0]}
					}
				},
				"eyelid_left": {
					"position": {
						"0.0": [0, 0, 0],
						"0.0417": {"pre": [0, 0, 0], "post": [0, 0, -0.1]},
						"0.1667": {"pre": [0, 0, -0.1], "post": [0, 0, 0]},
						"0.75": {"pre": [0, 0, 0], "post": [0, 0, -0.1]},
						"1.9583": {"pre": [0, 0, -0.1], "post": [0, 0, 0]},
						"2.1667": {"pre": [0, 0, 0], "post": [0, 0, -0.1]},
						"2.3333": {"pre": [0, 0, -0.1], "post": [0, 0, 0]}
					}
				},
				"mouth_closed": {
					"position": {
						"0.0": [0, 0, 0],
						"1.2083": {"pre": [0, 0, 0], "post": [0, 0, 0.1]},
						"1.9583": {"pre": [0, 0, 0.1], "post": [0, 0, 0]}
					}
				},
				"mouth_open": {
					"position": {
						"0.0": [0, 0, 0],
						"1.2083": {"pre": [0, 0, 0], "post": [0, 0, -0.1]},
						"1.9583": {"pre": [0, 0, -0.1], "post": [0, 0, 0]}
					}
				}
			}
		}
	}
}