{
	"format_version": "1.8.0",
	"animations": {
		"animation.dreepy.ground_idle": {
			"loop": true,
			"bones": {
				"torso": {
					"rotation": ["37-4*math.cos(q.anim_time*90*1-45)", 0, "-2*math.sin(q.anim_time*90*2+45)"],
					"position": [0, "3+0.5*math.cos(q.anim_time*90*1-90)", 0]
				},
				"neck": {
					"rotation": ["-22.5+4*math.cos(q.anim_time*90*1)", 0, "2*math.sin(q.anim_time*90*2-9+45)"]
				},
				"head": {
					"rotation": ["2*math.cos(q.anim_time*90*1)", 0, 0]
				},
				"tail": {
					"rotation": ["49.5+4*math.cos(q.anim_time*90*1)", 0, "4*math.sin(q.anim_time*90*1)"]
				},
				"tail2": {
					"rotation": ["35.9729+8*math.cos(q.anim_time*90*1-45)", 0, "6*math.sin(q.anim_time*90*1-45)"]
				},
				"tail3": {
					"rotation": ["-35+8*math.cos(q.anim_time*90*1-90)", 0, "8*math.sin(q.anim_time*90*1-90)"]
				},
				"arm_right2": {
					"rotation": ["67.5+8*math.cos(q.anim_time*90*1)", 0, 0]
				},
				"arm_left2": {
					"rotation": ["67.5+8*math.cos(q.anim_time*90*1-90)", 0, 0]
				},
				"arm_right": {
					"rotation": ["-10-8*math.cos(q.anim_time*90*1-45)", 0, 0]
				},
				"arm_left": {
					"rotation": ["-10-8*math.cos(q.anim_time*90*1)", 0, 0]
				}
			}
		},
		"animation.dreepy.ground_walk": {
			"loop": true,
			"bones": {
				"torso": {
					"rotation": ["37-4*math.cos(q.anim_time*90*3)", 0, "2*math.sin(q.anim_time*90*3-45)"],
					"position": [0, "3+0.4*math.cos(q.anim_time*90*3-45)", "0.3*math.sin(q.anim_time*90*3)"]
				},
				"neck": {
					"rotation": ["-2-4*math.cos(q.anim_time*90*3-90)", 0, 0]
				},
				"head": {
					"rotation": ["-17.5+8*math.cos(q.anim_time*90*3-45)", 0, 0]
				},
				"tail": {
					"rotation": ["47+8*math.sin(q.anim_time*90*3)", "12*math.cos(q.anim_time*90*3)", 0]
				},
				"tail2": {
					"rotation": ["44+12*math.sin(q.anim_time*90*3-45)", 0, "-12*math.cos(q.anim_time*90*3-45)"]
				},
				"tail3": {
					"rotation": ["-40.5-10*math.sin(q.anim_time*90*3+90)", 0, "0-16*math.cos(q.anim_time*90*3-90)"]
				},
				"arm_right": {
					"rotation": ["10-8*math.cos(q.anim_time*90*3-90)", 0, 0]
				},
				"arm_right2": {
					"rotation": ["60-12*math.sin(q.anim_time*90*3-90)", 0, 0]
				},
				"arm_left": {
					"rotation": ["10-8*math.cos(q.anim_time*90*3-90)", 0, 0]
				},
				"arm_left2": {
					"rotation": ["60-12*math.sin(q.anim_time*90*3-90)", 0, 0]
				},
				"jaw": {
					"rotation": [0, 0, 0]
				}
			}
		},
		"animation.dreepy.ground_run": {
			"loop": true,
			"animation_length": 1,
			"bones": {
				"body": {
					"rotation": [37.5, 0, 0],
					"position": [0, "3+0.3*math.sin(q.anim_time*90*8)", "-0.5*math.cos(q.anim_time*90*8)"]
				},
				"torso": {
					"rotation": ["20+4*math.cos(q.anim_time*90*8)", 0, "-4*math.sin(q.anim_time*90*8)"],
					"position": [0, 0, 0]
				},
				"neck": {
					"rotation": ["-4*math.cos(q.anim_time*90*8+45)", 0, "4*math.sin(q.anim_time*90*8)"]
				},
				"head": {
					"rotation": [-42.5, 0, 0]
				},
				"tail": {
					"rotation": ["32+4*math.cos(q.anim_time*90*8-90)", 0, "0+8*math.cos(q.anim_time*90*8)"]
				},
				"tail2": {
					"rotation": ["27.5+12*math.sin(q.anim_time*90*8-45)", 0, "6*math.cos(q.anim_time*90*8)"]
				},
				"tail3": {
					"rotation": ["-22.5+16*math.sin(q.anim_time*90*8-90)", 0, "16*math.cos(q.anim_time*90*8-90)"]
				},
				"arm_right": {
					"rotation": ["20-16*math.sin(q.anim_time*90*8-90)", 0, 0]
				},
				"arm_right2": {
					"rotation": ["60-12*math.cos(q.anim_time*90*8+45)", 0, 0]
				},
				"arm_left": {
					"rotation": ["20-16*math.sin(q.anim_time*90*8-90)", 0, 0]
				},
				"arm_left2": {
					"rotation": ["60-12*math.cos(q.anim_time*90*8+45)", 0, 0]
				}
			}
		},
		"animation.dreepy.battle_idle": {
			"loop": true,
			"bones": {
				"torso": {
					"rotation": ["27.5-4*math.sin(q.anim_time*90*6+45)", 0, "4*math.sin(q.anim_time*90*3)"],
					"position": ["-0.6*math.sin(q.anim_time*90*3)", "3+0.3*math.sin(q.anim_time*90*6)", 0]
				},
				"neck": {
					"rotation": ["-12.5+4*math.sin(q.anim_time*90*6-45)", 0, "-4*math.sin(q.anim_time*90*3)"]
				},
				"head": {
					"rotation": ["7.5+2*math.cos(q.anim_time*90*6)", "0-4*math.sin(q.anim_time*90*3)", 0]
				},
				"tail": {
					"rotation": ["52-4*math.sin(q.anim_time*90*6)", "16*math.sin(q.anim_time*90*3)", 0]
				},
				"tail2": {
					"rotation": ["57.5-4*math.sin(q.anim_time*90*6-45)", "8*math.sin(q.anim_time*90*3-45)", 0]
				},
				"tail3": {
					"rotation": ["-42.5-4*math.sin(q.anim_time*90*6-90)", "16*math.sin(q.anim_time*90*3+90)", 0]
				},
				"arm_right": {
					"rotation": ["-15-8*math.sin(q.anim_time*90*6-45)", 0, 0]
				},
				"arm_right2": {
					"rotation": ["80-4*math.sin(q.anim_time*90*6+90)", 0, 0]
				},
				"arm_left": {
					"rotation": ["-15-8*math.sin(q.anim_time*90*6-45)", 0, 0]
				},
				"arm_left2": {
					"rotation": ["80-4*math.sin(q.anim_time*90*6+90)", 0, 0]
				},
				"eye_left": {
					"rotation": [0, 0, 0]
				}
			}
		},
		"animation.dreepy.faint": {
			"loop": true,
			"animation_length": 3.25,
			"bones": {
				"torso": {
					"rotation": {
						"0.0": [27.5, 0, 0],
						"0.6667": {
							"pre": [-2.5, 0, 0],
							"post": [-2.5, 0, 0],
							"lerp_mode": "catmullrom"
						},
						"0.875": {
							"post": [53.75, 0, 0],
							"lerp_mode": "catmullrom"
						},
						"1.0417": {
							"post": [-27.5, 0, 0],
							"lerp_mode": "catmullrom"
						},
						"1.1667": {
							"post": [-57.5, 0, 0],
							"lerp_mode": "catmullrom"
						},
						"1.3333": {
							"post": [-2.5, 0, 0],
							"lerp_mode": "catmullrom"
						},
						"1.5": {
							"post": [56.25, 0, 0],
							"lerp_mode": "catmullrom"
						},
						"1.6667": {
							"post": [90, 0, 0],
							"lerp_mode": "catmullrom"
						},
						"1.8333": {
							"post": [115.92, 0, 0],
							"lerp_mode": "catmullrom"
						},
						"2.0": {
							"post": [147, 0, 0],
							"lerp_mode": "catmullrom"
						},
						"2.1667": {
							"post": [178, 0, 0],
							"lerp_mode": "catmullrom"
						},
						"2.25": [180, 0, 0],
						"2.2917": [185.5, 0, 0],
						"2.3333": [177.5, 0, 0],
						"2.375": [186.5, 0, 0],
						"2.4167": [180, 0, 0],
						"2.5": {
							"pre": [180, 0, 0],
							"post": [180, 0, 0],
							"lerp_mode": "catmullrom"
						},
						"2.5833": {
							"post": [180, 0, 0],
							"lerp_mode": "catmullrom"
						},
						"2.875": [170, 0, 0],
						"3.25": [171, 0, 0]
					},
					"position": {
						"0.0": [0, 3, 0],
						"0.6667": {
							"pre": [0, 2, 5],
							"post": [0, 2, 5],
							"lerp_mode": "catmullrom"
						},
						"0.875": {
							"post": [0, 6, -5.5],
							"lerp_mode": "catmullrom"
						},
						"1.0417": {
							"post": [0, 13.4, -9],
							"lerp_mode": "catmullrom"
						},
						"1.1667": {
							"post": [0, 20.1, -1],
							"lerp_mode": "catmullrom"
						},
						"1.2917": {
							"post": [0, 25.7, 3],
							"lerp_mode": "catmullrom"
						},
						"1.4583": {
							"post": [0, 31, -1],
							"lerp_mode": "catmullrom"
						},
						"1.6667": {
							"post": [0, 32.8, -7.6],
							"lerp_mode": "catmullrom"
						},
						"1.9583": {
							"post": [0, 27, -14],
							"lerp_mode": "catmullrom"
						},
						"2.1667": {
							"post": [0, 16, -15],
							"lerp_mode": "catmullrom"
						},
						"2.25": [0, 5.3, -15],
						"2.2917": [0, 5.3, -15.9],
						"2.3333": [0, 5.3, -14.5],
						"2.375": [0, 5.4, -15.8],
						"2.4167": [0, 5.3, -15],
						"2.5": {
							"pre": [0, 5.3, -15],
							"post": [0, 5.3, -15],
							"lerp_mode": "catmullrom"
						},
						"2.5833": {
							"post": [0, 5.3, -15],
							"lerp_mode": "catmullrom"
						},
						"2.875": [0, 5, -14.1],
						"3.25": [0, 5, -14.2]
					}
				},
				"neck": {
					"rotation": {
						"0.0": [-12.5, 0, 0],
						"0.6667": {
							"pre": [-27.5, 0, 0],
							"post": [-27.5, 0, 0],
							"lerp_mode": "catmullrom"
						},
						"0.75": {
							"post": [16.56, 0, 0],
							"lerp_mode": "catmullrom"
						},
						"0.8333": {
							"post": [-2.5, 0, 0],
							"lerp_mode": "catmullrom"
						},
						"1.0": {
							"post": [-15, 0, 0],
							"lerp_mode": "catmullrom"
						},
						"1.3333": {
							"post": [7.5, 0, 0],
							"lerp_mode": "catmullrom"
						},
						"1.5": {
							"post": [16.09, 0, 0],
							"lerp_mode": "catmullrom"
						},
						"1.6667": {
							"post": [20, 0, 0],
							"lerp_mode": "catmullrom"
						},
						"2.0": {
							"post": [12.5, 0, 0],
							"lerp_mode": "catmullrom"
						},
						"2.1667": {
							"post": [-10.75, 0, 0],
							"lerp_mode": "catmullrom"
						},
						"2.2917": [-7.5, 0, 0]
					}
				},
				"head": {
					"rotation": {
						"0.0": [7.5, 0, 0],
						"0.125": [34.9538, 23.10621, 15.3398],
						"0.2083": [41.0196, -13.38127, -11.38253],
						"0.2917": [46.15726, 12.32004, 12.52597],
						"0.375": [48.05, 0, 0],
						"0.6667": [45, 0, 0],
						"0.8333": {
							"pre": [-103.75, 0, 0],
							"post": [-103.75, 0, 0],
							"lerp_mode": "catmullrom"
						},
						"1.0": {
							"post": [-115, 0, 0],
							"lerp_mode": "catmullrom"
						},
						"1.1667": {
							"post": [-56.25, 0, 0],
							"lerp_mode": "catmullrom"
						},
						"1.25": {
							"post": [-43.7446, 0.68915, 6.89673],
							"lerp_mode": "catmullrom"
						},
						"1.3333": {
							"post": [-42.06341, -2.73717, -7.40702],
							"lerp_mode": "catmullrom"
						},
						"1.4167": {
							"post": [-52.42734, 3.15476, 5.03261],
							"lerp_mode": "catmullrom"
						},
						"1.5": {
							"post": [-64.66239, -5.05478, -4.26175],
							"lerp_mode": "catmullrom"
						},
						"1.5833": {
							"post": [-71.15105, 6.65054, 3.00866],
							"lerp_mode": "catmullrom"
						},
						"1.6667": {
							"post": [-74.87647, -5.24305, -1.95155],
							"lerp_mode": "catmullrom"
						},
						"1.75": {
							"post": [-74.76574, 3.45673, 0.35222],
							"lerp_mode": "catmullrom"
						},
						"1.8333": {
							"post": [-74.25188, -4.22151, -2.03018],
							"lerp_mode": "catmullrom"
						},
						"1.9167": {
							"post": [-76.06062, 2.91838, 1.23588],
							"lerp_mode": "catmullrom"
						},
						"2.0": {
							"post": [-77.5, 0, 0],
							"lerp_mode": "catmullrom"
						},
						"2.1667": {
							"post": [-74.84, 0, 0],
							"lerp_mode": "catmullrom"
						},
						"2.2917": [-82.5, 0, 0],
						"2.5833": [-82.5, 0, 0],
						"2.875": [-75, 0, 0]
					},
					"position": {
						"0.0": [0, 0, 0],
						"0.6667": [0, 0, 0],
						"0.8333": [0, 0, 1],
						"1.1667": [0, 0, 1],
						"1.3333": [0, 0, 0],
						"2.1667": [0, 0, 0],
						"2.2917": [0, 0, 0.3],
						"2.5833": [0, 0, 0.3]
					}
				},
				"tail": {
					"rotation": {
						"0.0": [52, 0, 0],
						"0.6667": {
							"pre": [77, 0, 0],
							"post": [77, 0, 0],
							"lerp_mode": "catmullrom"
						},
						"0.875": {
							"post": [14.41, 0, 0],
							"lerp_mode": "catmullrom"
						},
						"1.0": {
							"post": [39.5, 0, 0],
							"lerp_mode": "catmullrom"
						},
						"1.1667": {
							"post": [2, 0, 0],
							"lerp_mode": "catmullrom"
						},
						"1.3333": {
							"post": [-23.5, 0, 0],
							"lerp_mode": "catmullrom"
						},
						"1.5": {
							"post": [-23.16, 0, 0],
							"lerp_mode": "catmullrom"
						},
						"1.6667": {
							"post": [-20, 0, 0],
							"lerp_mode": "catmullrom"
						},
						"1.8333": {
							"post": [-20.43, 0, 0],
							"lerp_mode": "catmullrom"
						},
						"2.0": {
							"post": [-22, 0, 0],
							"lerp_mode": "catmullrom"
						},
						"2.125": {
							"post": [-5.71, 0, 0],
							"lerp_mode": "catmullrom"
						},
						"2.2917": [-0.5, 0, 0],
						"2.5": [-0.5, 0, 0],
						"2.625": {
							"pre": [-1, 0, 0],
							"post": [-1, 0, 0],
							"lerp_mode": "catmullrom"
						},
						"2.9583": {
							"post": [-13, 0, 0],
							"lerp_mode": "catmullrom"
						},
						"3.125": [-10.5, 0, 0],
						"3.25": [-14.8, 0, 0]
					}
				},
				"tail2": {
					"rotation": {
						"0.0": [57.5, 0, 0],
						"0.6667": {
							"pre": [85, 0, 0],
							"post": [85, 0, 0],
							"lerp_mode": "catmullrom"
						},
						"0.8333": {
							"post": [17.97, 0, 0],
							"lerp_mode": "catmullrom"
						},
						"1.0417": {
							"post": [32.5, 0, 0],
							"lerp_mode": "catmullrom"
						},
						"1.1667": {
							"post": [19.03, 0, 0],
							"lerp_mode": "catmullrom"
						},
						"1.3333": {
							"post": [-17.5, 0, 0],
							"lerp_mode": "catmullrom"
						},
						"1.5": {
							"post": [-25.97, 0, 0],
							"lerp_mode": "catmullrom"
						},
						"1.6667": {
							"post": [-18.5, 0, 0],
							"lerp_mode": "catmullrom"
						},
						"1.8333": {
							"post": [-20.78, 0, 0],
							"lerp_mode": "catmullrom"
						},
						"2.0417": {
							"post": [-21.5, 0, 0],
							"lerp_mode": "catmullrom"
						},
						"2.1667": {
							"post": [-4.45, 0, 0],
							"lerp_mode": "catmullrom"
						},
						"2.2917": [2.5, 0, 0],
						"2.5": [2.5, 0, 0],
						"2.625": {
							"pre": [-2, 0, 0],
							"post": [-2, 0, 0],
							"lerp_mode": "catmullrom"
						},
						"3.0": {
							"post": [-22.5, 0, 0],
							"lerp_mode": "catmullrom"
						},
						"3.1667": [-20, 0, 0],
						"3.25": [-23.6, 0, 0]
					},
					"position": {
						"2.625": [0, 0, 0],
						"3.0": [0, 0.8, 0.1]
					}
				},
				"tail3": {
					"rotation": {
						"0.0": [-42.5, 0, 0],
						"0.6667": {
							"pre": [-77.5, 0, 0],
							"post": [-77.5, 0, 0],
							"lerp_mode": "catmullrom"
						},
						"0.8333": {
							"post": [-3.44, 0, 0],
							"lerp_mode": "catmullrom"
						},
						"0.9583": {
							"post": [-0.94, 0, 0],
							"lerp_mode": "catmullrom"
						},
						"1.0417": {
							"post": [52.5, 0, 0],
							"lerp_mode": "catmullrom"
						},
						"1.1667": {
							"post": [28.81, 0, 0],
							"lerp_mode": "catmullrom"
						},
						"1.3333": {
							"post": [-5, 0, 0],
							"lerp_mode": "catmullrom"
						},
						"1.5": {
							"post": [-31.33, 0, 0],
							"lerp_mode": "catmullrom"
						},
						"1.6667": {
							"post": [-20, 0, 0],
							"lerp_mode": "catmullrom"
						},
						"1.8333": {
							"post": [-20.54, 0, 0],
							"lerp_mode": "catmullrom"
						},
						"2.125": {
							"post": [-25.9, 0, 0],
							"lerp_mode": "catmullrom"
						},
						"2.2917": [0, 0, 0],
						"2.5": [-5, 0, 0],
						"2.625": {
							"pre": [-7, 0, 0],
							"post": [-7, 0, 0],
							"lerp_mode": "catmullrom"
						},
						"3.0417": {
							"post": [-30, 0, 0],
							"lerp_mode": "catmullrom"
						},
						"3.25": [-32.3, 0, 0]
					},
					"position": {
						"0.0": [0, 0, 0],
						"0.8333": [0, 0, 0],
						"1.1667": [0, 1.6, -0.4],
						"1.5": [0, 0, 0],
						"2.625": [0, 0, 0]
					}
				},
				"arm_right": {
					"rotation": {
						"0.0": [-15, 0, 0],
						"0.25": {
							"pre": [7.5, 0, 0],
							"post": [7.5, 0, 0],
							"lerp_mode": "catmullrom"
						},
						"0.4583": {
							"post": [-13.84867, -15.6934, -30.75245],
							"lerp_mode": "catmullrom"
						},
						"0.6667": {
							"post": [-17.2136, -5.94333, -31.80148],
							"lerp_mode": "catmullrom"
						},
						"1.0": {
							"post": [24, 0, 0],
							"lerp_mode": "catmullrom"
						},
						"1.2917": {
							"post": [-31, 0, 0],
							"lerp_mode": "catmullrom"
						},
						"1.5833": {
							"post": [-42, 0, 0],
							"lerp_mode": "catmullrom"
						},
						"1.9167": {
							"post": [-29, 0, 0],
							"lerp_mode": "catmullrom"
						},
						"2.2917": [17.5, 0, 0],
						"2.5": [12.5, 0, 0],
						"2.625": {
							"pre": [6.5, 0, 0],
							"post": [6.5, 0, 0],
							"lerp_mode": "catmullrom"
						},
						"2.9167": {
							"post": [-22.5, 0, 0],
							"lerp_mode": "catmullrom"
						},
						"3.0417": [-12.5, 0, 0]
					}
				},
				"arm_right2": {
					"rotation": {
						"0.0": [80, 0, 0],
						"0.25": {
							"pre": [95, 0, 0],
							"post": [95, 0, 0],
							"lerp_mode": "catmullrom"
						},
						"0.4583": {
							"post": [125, 0, 0],
							"lerp_mode": "catmullrom"
						},
						"0.6667": {
							"post": [117.5, 0, 0],
							"lerp_mode": "catmullrom"
						},
						"1.0": {
							"post": [80, 0, 0],
							"lerp_mode": "catmullrom"
						},
						"1.3333": {
							"post": [76, 0, 0],
							"lerp_mode": "catmullrom"
						},
						"1.625": {
							"post": [100, 0, 0],
							"lerp_mode": "catmullrom"
						},
						"1.9583": {
							"post": [96, 0, 0],
							"lerp_mode": "catmullrom"
						},
						"2.2917": [80, 0, 0],
						"2.5": [75, 0, 0],
						"2.625": {
							"pre": [69, 0, 0],
							"post": [69, 0, 0],
							"lerp_mode": "catmullrom"
						},
						"2.9583": {
							"post": [40, 0, 0],
							"lerp_mode": "catmullrom"
						},
						"3.0833": {
							"post": [51.3, 0, 0],
							"lerp_mode": "catmullrom"
						},
						"3.25": [49.2, 0, 0]
					}
				},
				"arm_left": {
					"rotation": {
						"0.0": [-15, 0, 0],
						"0.25": {
							"pre": [-39.24524, -2.04934, 34.5768],
							"post": [-39.24524, -2.04934, 34.5768],
							"lerp_mode": "catmullrom"
						},
						"0.4583": {
							"post": [-58.29711, 10.96201, 51.16265],
							"lerp_mode": "catmullrom"
						},
						"0.6667": {
							"post": [-58.61421, 7.03558, 43.01433],
							"lerp_mode": "catmullrom"
						},
						"1.0": {
							"post": [32.5, 0, 0],
							"lerp_mode": "catmullrom"
						},
						"1.2917": {
							"post": [-25, 0, 0],
							"lerp_mode": "catmullrom"
						},
						"1.5833": {
							"post": [-45, 0, 0],
							"lerp_mode": "catmullrom"
						},
						"1.9167": {
							"post": [-32, 0, 0],
							"lerp_mode": "catmullrom"
						},
						"2.2917": [17.5, 0, 0],
						"2.5": [12.5, 0, 0],
						"2.625": {
							"pre": [5.5, 0, 0],
							"post": [5.5, 0, 0],
							"lerp_mode": "catmullrom"
						},
						"2.9167": {
							"post": [-27, 0, 0],
							"lerp_mode": "catmullrom"
						},
						"3.0417": [-14.5, 0, 0]
					}
				},
				"arm_left2": {
					"rotation": {
						"0.0": [80, 0, 0],
						"0.25": {
							"pre": [90, 0, 0],
							"post": [90, 0, 0],
							"lerp_mode": "catmullrom"
						},
						"0.4583": {
							"post": [112.03, 0, 0],
							"lerp_mode": "catmullrom"
						},
						"0.6667": {
							"post": [112.5, 0, 0],
							"lerp_mode": "catmullrom"
						},
						"1.0": {
							"post": [80, 0, 0],
							"lerp_mode": "catmullrom"
						},
						"1.3333": {
							"post": [90, 0, 0],
							"lerp_mode": "catmullrom"
						},
						"1.6667": {
							"post": [96, 0, 0],
							"lerp_mode": "catmullrom"
						},
						"2.0": {
							"post": [93, 0, 0],
							"lerp_mode": "catmullrom"
						},
						"2.2917": [80, 0, 0],
						"2.5": [75, 0, 0],
						"2.625": {
							"pre": [67, 0, 0],
							"post": [67, 0, 0],
							"lerp_mode": "catmullrom"
						},
						"2.9583": {
							"post": [27.5, 0, 0],
							"lerp_mode": "catmullrom"
						},
						"3.0833": {
							"post": [51.3, 0, 0],
							"lerp_mode": "catmullrom"
						},
						"3.25": [38.6, 0, 0]
					}
				},
				"eyelid_left": {
					"position": {
						"0.0": [0, 0, 0],
						"0.125": [0, 0, -0.1],
						"0.4583": [0, 0, -0.1],
						"0.5833": [0, 0, 0],
						"1.2917": [0, 0, 0],
						"1.3333": [0, 0, -0.1],
						"1.4583": [0, 0, -0.1],
						"1.5": [0, 0, 0],
						"1.5833": [0, 0, 0],
						"1.7083": [0, 0, -0.1]
					}
				},
				"eyelid_right": {
					"position": {
						"0.0": [0, 0, 0],
						"0.125": [0, 0, -0.1],
						"0.4583": [0, 0, -0.1],
						"0.5833": [0, 0, 0],
						"1.2917": [0, 0, 0],
						"1.3333": [0, 0, -0.1],
						"1.4583": [0, 0, -0.1],
						"1.5": [0, 0, 0],
						"1.5833": [0, 0, 0],
						"1.7083": [0, 0, -0.1]
					}
				},
				"jaw": {
					"rotation": {
						"0.0": [0, 0, 0],
						"0.3333": {
							"pre": [22.5, 0, 0],
							"post": [22.5, 0, 0],
							"lerp_mode": "catmullrom"
						},
						"0.5833": {
							"post": [15, 0, 0],
							"lerp_mode": "catmullrom"
						},
						"0.8333": [0, 0, 0],
						"1.125": [0, 0, 0],
						"1.4167": [22.5, 0, 0],
						"1.625": [22.5, 0, 0],
						"1.8333": [0, 0, 0]
					}
				}
			}
		},
		"animation.dreepy.sleep": {
			"loop": true,
			"bones": {
				"body": {
					"rotation": [0, -25, 0]
				},
				"torso": {
					"rotation": [90, 0, -57.5],
					"position": [-3, "-1.6+0.2*math.cos(q.anim_time*90*1)", 0]
				},
				"neck": {
					"rotation": [19.94902, 2.99243, 6.40462]
				},
				"head": {
					"rotation": ["-84+2*math.cos(q.anim_time*90*1)", "43-1*math.cos(q.anim_time*90*1)", 7],
					"position": [0.8, 0, 0.8]
				},
				"eyelid_left": {
					"position": [0, 0, -0.1]
				},
				"eyelid_right": {
					"position": [0, 0, -0.1]
				},
				"jaw": {
					"rotation": ["6+3*math.cos(q.anim_time*90*1)", 0, 0],
					"position": [0, 0, 0.1]
				},
				"tail": {
					"rotation": ["-25-2*math.cos(q.anim_time*90*1)", -4, "-9+3*math.cos(q.anim_time*90*1)"]
				},
				"tail2": {
					"rotation": ["-48+2*math.cos(q.anim_time*90*1)", "-13+1*math.cos(q.anim_time*90*1)", "-14-4*math.cos(q.anim_time*90*1)"]
				},
				"tail3": {
					"rotation": ["-28-2*math.cos(q.anim_time*90*1)", -6, "-5+2*math.cos(q.anim_time*90*1)"]
				},
				"arm_right": {
					"rotation": ["-54+2*math.cos(q.anim_time*90*1)", -28, "46-4*math.cos(q.anim_time*90*1)"]
				},
				"arm_right2": {
					"rotation": [33.06681, -11.06861, -5.84485]
				},
				"arm_left": {
					"rotation": ["-12+4*math.cos(q.anim_time*90*1)", "-7+2*math.cos(q.anim_time*90*1)", "58-4*math.cos(q.anim_time*90*1)"]
				},
				"arm_left2": {
					"rotation": [22.57734, -4.61854, -1.91757]
				}
			}
		},
		"animation.dreepy.cry": {
			"animation_length": 1.5,
			"bones": {
				"neck": {
					"rotation": {
						"0.0": ["20*math.cos(q.anim_time*90*1-90)", 0, 0],
						"1.3333": [0, 0, 0]
					}
				},
				"head": {
					"rotation": {
						"0.0": ["-50*math.cos(q.anim_time*90*1-90)", 0, 0],
						"0.1667": {
							"pre": [-11.32, 0, 0],
							"post": [-11.32, 0, 0],
							"lerp_mode": "catmullrom"
						},
						"0.5": {
							"post": [-17.09, 0, 0],
							"lerp_mode": "catmullrom"
						},
						"1.3333": [0, 0, 0]
					}
				},
				"jaw": {
					"rotation": {
						"0.0": ["50*math.cos(q.anim_time*90*1-90)", 0, 0],
						"0.1667": {
							"pre": [6.94, 0, 0],
							"post": [6.94, 0, 0],
							"lerp_mode": "catmullrom"
						},
						"0.3333": {
							"post": [23.95, 0, 0],
							"lerp_mode": "catmullrom"
						},
						"0.6667": {
							"post": [9.97, 0, 0],
							"lerp_mode": "catmullrom"
						},
						"1.0": [0, 0, 0]
					},
					"position": {
						"0.0833": [0, 0, 0],
						"0.1667": {
							"pre": [0, -0.14, 0],
							"post": [0, -0.14, 0],
							"lerp_mode": "catmullrom"
						},
						"0.4167": {
							"post": [0, 0.16, 0],
							"lerp_mode": "catmullrom"
						},
						"0.75": {
							"post": [0, -0.14, 0],
							"lerp_mode": "catmullrom"
						},
						"0.8333": [0, 0, 0]
					}
				},
				"feathers_left": {
					"rotation": {
						"0.0": [0, 0, 0],
						"0.3333": [0, "20*math.sin(q.anim_time*90*30)", 0],
						"1.1667": [0, 0, 0]
					}
				},
				"feathers_right": {
					"rotation": {
						"0.0": [0, 0, 0],
						"0.4167": [0, "1-20*math.sin(q.anim_time*90*30)", 0],
						"1.1667": [0, 0, 0]
					}
				},
				"arm_right": {
					"rotation": {
						"0.0": {
							"post": [0, 0, 0],
							"lerp_mode": "catmullrom"
						},
						"0.6667": {
							"post": [25, 15, 0],
							"lerp_mode": "catmullrom"
						},
						"1.5": [0, 0, 0]
					}
				},
				"arm_left": {
					"rotation": {
						"0.0": {
							"post": [0, 0, 0],
							"lerp_mode": "catmullrom"
						},
						"0.6667": {
							"post": [25, -15, 0],
							"lerp_mode": "catmullrom"
						},
						"1.5": [0, 0, 0]
					}
				}
			},
			"sound_effects": {
				"0.0": {
					"effect": "pokemon.dreepy.cry"
				}
			}
		},
		"animation.dreepy.shoulder_right": {
			"loop": true,
			"bones": {
				"torso": {
					"rotation": ["35+4*math.sin(q.anim_time*90*1)", 13, -18],
					"scale": 0.8
				},
				"neck": {
					"rotation": ["-4*math.sin(q.anim_time*90*1-45)", 0, 11]
				},
				"head": {
					"rotation": ["-22-5*math.cos(q.anim_time*90*1)", -3, 4]
				},
				"tail": {
					"rotation": ["32-4*math.cos(q.anim_time*90*1)", 0, "19-8*math.sin(q.anim_time*90*1)"]
				},
				"tail2": {
					"rotation": ["60-4*math.sin(q.anim_time*90*1)", "4*math.sin(q.anim_time*90*1)", "-12*math.sin(q.anim_time*90*1)"]
				},
				"tail3": {
					"rotation": ["-47.5-8*math.cos(q.anim_time*90*1)", 0, "8*math.cos(q.anim_time*90*1)"]
				},
				"arm_right": {
					"rotation": ["-18-3*math.sin(q.anim_time*90*1)", "-38-3*math.sin(q.anim_time*90*1)", -44]
				},
				"arm_right2": {
					"rotation": [20, 0, 0]
				},
				"arm_left": {
					"rotation": ["-41-5*math.sin(q.anim_time*90*1)", "-16+3*math.sin(q.anim_time*90*1)", "39+4*math.sin(q.anim_time*90*1)"]
				},
				"arm_left2": {
					"rotation": [18, 0, 0]
				}
			}
		},
		"animation.dreepy.shoulder_left": {
			"loop": true,
			"bones": {
				"torso": {
					"rotation": ["35+4*math.sin(q.anim_time*90*1)", -13, 18],
					"scale": 0.8
				},
				"neck": {
					"rotation": ["-4*math.sin(q.anim_time*90*1-45)", 0, -11]
				},
				"head": {
					"rotation": ["-22-5*math.cos(q.anim_time*90*1)", 3, -4]
				},
				"tail": {
					"rotation": ["32-4*math.cos(q.anim_time*90*1)", 0, "-19-8*math.sin(q.anim_time*90*1)"]
				},
				"tail2": {
					"rotation": ["60-4*math.sin(q.anim_time*90*1)", "-(4*math.sin(q.anim_time*90*1))", "NaN-12*math.sin(q.anim_time*90*1)"]
				},
				"tail3": {
					"rotation": ["-47.5-8*math.cos(q.anim_time*90*1)", 0, "-(8*math.cos(q.anim_time*90*1))"]
				},
				"arm_right": {
					"rotation": ["-41-5*math.sin(q.anim_time*90*1)", "16-3*math.sin(q.anim_time*90*1)", "-39-4*math.sin(q.anim_time*90*1)"]
				},
				"arm_right2": {
					"rotation": [18, 0, 0]
				},
				"arm_left": {
					"rotation": ["-18-3*math.sin(q.anim_time*90*1)", "38+3*math.sin(q.anim_time*90*1)", 44]
				},
				"arm_left2": {
					"rotation": [20, 0, 0]
				}
			}
		},
		"animation.dreepy.blink": {
			"animation_length": 0.1667,
			"bones": {
				"eyelid_right": {
					"position": {
						"0.0": [0, 0, -0.1],
						"0.125": [0, 0, -0.1],
						"0.1667": [0, 0, 0]
					}
				},
				"eyelid_left": {
					"position": {
						"0.0": [0, 0, -0.1],
						"0.125": [0, 0, -0.1],
						"0.1667": [0, 0, 0]
					}
				}
			}
		}
	}
}