{
	"format_version": "1.8.0",
	"animations": {
		"animation.gabite.ground_idle": {
			"loop": true,
			"animation_length": 2,
			"bones": {
				"neck2": {
					"rotation": [
						"10+math.sin(q.anim_time*90*2-90)*1",
						0,
						0
					]
				},
				"arm_left": {
					"rotation": [
						3.22155,
						0.22297,
						29.58354
					]
				},
				"arm_left2": {
					"rotation": [
						2.15126,
						"2.497+math.sin(q.anim_time*90*2+90)*2",
						2.30738
					]
				},
				"arm_left3": {
					"rotation": [
						12.5,
						"76.0455-math.sin(q.anim_time*90*2-180)*6",
						"15-math.sin(q.anim_time*90*2-180)*2"
					],
					"position": [
						-0.07474,
						-0.0696,
						-1.03995
					]
				},
				"arm_right": {
					"rotation": [
						3.22155,
						-0.22297,
						-29.58354
					]
				},
				"arm_right2": {
					"rotation": [
						2.15126,
						"-2.497-math.sin(q.anim_time*90*2+90)*2",
						-2.30738
					]
				},
				"arm_right3": {
					"rotation": [
						12.5,
						"-76.0455+math.sin(q.anim_time*90*2-180)*6",
						"-15+math.sin(q.anim_time*90*2-180)*2"
					],
					"position": [
						0.07474,
						-0.0696,
						-1.03995
					]
				},
				"head": {
					"rotation": [
						"-5+math.sin(q.anim_time*90*2-180)*-2",
						0,
						0
					]
				},
				"leg_left": {
					"rotation": [
						"1.7377+math.sin(q.anim_time*90*2)*4",
						-14.64963,
						-7.39263
					],
					"position": [
						"math.sin(q.anim_time*90*2)*0.1",
						"+math.sin(q.anim_time*90*2)*0.2",
						"+math.sin(q.anim_time*90*2)*-0.2"
					]
				},
				"leg_right": {
					"rotation": [
						"1.7377+math.sin(q.anim_time*90*2)*4",
						14.64963,
						7.39263
					],
					"position": [
						"-(math.sin(q.anim_time*90*2)*0.1)",
						"+math.sin(q.anim_time*90*2)*0.2",
						"+math.sin(q.anim_time*90*2)*-0.2"
					]
				},
				"torso": {
					"rotation": [
						"5+math.sin(q.anim_time*90*2)*1",
						0,
						0
					],
					"position": [
						0,
						"math.sin(q.anim_time*90*2+25)*0.3",
						0
					]
				},
				"tail2": {
					"rotation": [
						5,
						0,
						"math.sin(q.anim_time*90*2+0)*6"
					]
				},
				"tail3": {
					"rotation": [
						0,
						0,
						"0+math.sin(q.anim_time*90*2-90)*6"
					]
				},
				"tail4": {
					"rotation": [
						2.5,
						0,
						"0+math.sin(q.anim_time*90*2-90)*6"
					]
				},
				"tail": {
					"rotation": [
						"-10+math.sin(q.anim_time*90*4)*1",
						"-math.sin(q.anim_time*90*2+90)*2",
						"math.sin(q.anim_time*90*2+90)*3"
					]
				},
				"body": {
					"position": [
						0,
						-0.3,
						0
					]
				},
				"chest": {
					"rotation": [
						"math.sin(q.anim_time*90*2-45)*-2",
						0,
						0
					]
				},
				"hand_left": {
					"rotation": [
						15,
						0,
						0
					]
				},
				"hand_right": {
					"rotation": [
						15,
						0,
						0
					]
				},
				"leg_left2": {
					"rotation": [
						"math.sin(q.anim_time*90*2)*-6",
						0,
						0
					]
				},
				"foot_left": {
					"rotation": [
						"math.sin(q.anim_time*90*2)*2",
						0,
						7.5
					]
				},
				"leg_right2": {
					"rotation": [
						"math.sin(q.anim_time*90*2)*-6",
						0,
						0
					]
				},
				"foot_right": {
					"rotation": [
						"math.sin(q.anim_time*90*2)*2",
						0,
						-7.5
					]
				}
			}
		},
		"animation.gabite.ground_walk": {
			"loop": true,
			"animation_length": 2,
			"bones": {
				"neck2": {
					"rotation": [
						"15-(math.sin(q.anim_time*90*8-90)*2)-(10-math.abs(0+math.cos(q.anim_time*90*4-55)*5))",
						"math.sin(q.anim_time*90*4-95)*3",
						0
					]
				},
				"arm_left": {
					"rotation": [
						-12.5,
						10,
						27.5
					]
				},
				"arm_left2": {
					"rotation": [
						-20,
						"40-(math.sin(q.anim_time*90*8-95)*2)",
						0
					]
				},
				"arm_left3": {
					"rotation": [
						"30.6423+(math.sin(q.anim_time*90*8-135)*1)",
						54.46865,
						"16.0524-(math.sin(q.anim_time*90*8-135)*3)"
					]
				},
				"arm_right": {
					"rotation": [
						-12.5,
						-10,
						-27.5
					]
				},
				"arm_right2": {
					"rotation": [
						-20,
						"-40+(math.sin(q.anim_time*90*8-95)*2)",
						0
					]
				},
				"arm_right3": {
					"rotation": [
						"30.6423-(math.sin(q.anim_time*90*8-135)*1)",
						-54.46865,
						"-16.0524+(math.sin(q.anim_time*90*8-135)*3)"
					]
				},
				"head": {
					"rotation": [
						"-45-(math.sin(q.anim_time*90*8-180)*2)",
						"math.cos(q.anim_time*90*4-65)*3",
						0
					]
				},
				"leg_left": {
					"rotation": [
						"math.sin(q.anim_time*90*4-155)*30",
						-12.5,
						0
					],
					"position": [
						0,
						"math.clamp(-math.sin(q.anim_time*90*4-45)*2,0,180)",
						"-math.cos(q.anim_time*90*4-65)*2"
					]
				},
				"leg_right": {
					"rotation": [
						"-math.sin(q.anim_time*90*4-155)*30",
						12.5,
						0
					],
					"position": [
						0,
						"math.clamp(math.sin(q.anim_time*90*4-45)*2,0,180)",
						"math.cos(q.anim_time*90*4-65)*2"
					]
				},
				"torso": {
					"rotation": [
						"42.5-(math.sin(q.anim_time*90*8-45)*1)",
						"0-math.cos(q.anim_time*90*4-25)*-10",
						"0-math.sin(q.anim_time*90*4-25)*5"
					],
					"position": [
						0,
						1,
						0
					]
				},
				"tail2": {
					"rotation": [
						0,
						0,
						"math.sin(q.anim_time*90*4+0)*-12"
					]
				},
				"tail3": {
					"rotation": [
						5,
						0,
						"math.sin(q.anim_time*90*4-90)*-12"
					]
				},
				"tail4": {
					"rotation": [
						5,
						0,
						"math.sin(q.anim_time*90*4-90)*-15"
					]
				},
				"body": {
					"position": [
						0,
						"-0.4+math.abs(math.sin(q.anim_time*90*4-90)*0.5)",
						0
					]
				},
				"jaw": {
					"rotation": [
						"20+(math.sin(q.anim_time*90*8-45)*2)",
						0,
						0
					]
				},
				"tail": {
					"rotation": [
						"-20+math.sin(q.anim_time*90*8)*2",
						"0-math.sin(q.anim_time*90*4+90)*2",
						"0+math.sin(q.anim_time*90*4+90)*-3"
					]
				},
				"leg_left2": {
					"rotation": [
						"math.clamp(-math.sin(q.anim_time*90*4-45)*30,0,90)",
						0,
						0
					]
				},
				"foot_left": {
					"rotation": [
						"math.clamp(math.sin(q.anim_time*90*4+25)*20,-180,5)",
						0,
						0
					]
				},
				"leg_right2": {
					"rotation": [
						"math.clamp(math.sin(q.anim_time*90*4-45)*30,0,90)",
						0,
						0
					]
				},
				"foot_right": {
					"rotation": [
						"math.clamp(-math.sin(q.anim_time*90*4+25)*20,-180,5)",
						0,
						0
					]
				},
				"chest": {
					"rotation": [
						"10-math.abs(0+math.cos(q.anim_time*90*4-55)*5)",
						0,
						"-math.cos(q.anim_time*90*4-55)*-10"
					]
				},
				"fin": {
					"rotation": [
						-20,
						0,
						0
					],
					"position": [
						0,
						0.42262,
						0.90631
					]
				}
			}
		},
		"animation.gabite.battle_idle": {
			"loop": true,
			"animation_length": 2,
			"bones": {
				"neck2": {
					"rotation": [
						"2.046+math.sin(q.anim_time*90*2-90)*1",
						10.1175,
						-5.01411
					]
				},
				"arm_left": {
					"rotation": [
						1.13048,
						-12.49728,
						12.82768
					]
				},
				"arm_left2": {
					"rotation": [
						10.675,
						"56.5709+math.sin(q.anim_time*90*2+90)*2",
						-16.24784
					]
				},
				"arm_left3": {
					"rotation": [
						41.06933,
						"84.3085-math.sin(q.anim_time*90*2-180)*2",
						"37.0989-math.sin(q.anim_time*90*2-180)*2"
					]
				},
				"arm_right": {
					"rotation": [
						-2.59686,
						-7.27477,
						-17.50517
					]
				},
				"arm_right2": {
					"rotation": [
						1.71714,
						"-32.4625-math.sin(q.anim_time*90*2+90)*2",
						1.97954
					]
				},
				"arm_right3": {
					"rotation": [
						15.46489,
						"-56.7478+math.sin(q.anim_time*90*2-180)*2",
						"-11.0616+math.sin(q.anim_time*90*2-180)*2"
					]
				},
				"head": {
					"rotation": [
						"1.0031+math.sin(q.anim_time*90*2-180)*2",
						15.22969,
						-7.07539
					]
				},
				"leg_left": {
					"rotation": [
						3.77485,
						-22.69913,
						-10.34156
					]
				},
				"leg_right": {
					"rotation": [
						0,
						32.5,
						0
					]
				},
				"torso": {
					"rotation": [
						"20+math.sin(q.anim_time*90*2)*1",
						0,
						0
					]
				},
				"tail2": {
					"rotation": [
						17.5,
						0,
						"0+math.sin(q.anim_time*90*2+0)*6"
					]
				},
				"tail3": {
					"rotation": [
						12.5,
						0,
						"math.sin(q.anim_time*90*2-90)*6"
					]
				},
				"tail4": {
					"rotation": [
						12.5,
						0,
						"0+math.sin(q.anim_time*90*2-90)*6"
					]
				},
				"tail": {
					"rotation": [
						"-15+math.sin(q.anim_time*90*4)*1",
						"-math.sin(q.anim_time*90*2+90)*2",
						"math.sin(q.anim_time*90*2+90)*3"
					]
				},
				"body": {
					"rotation": [
						0,
						-35,
						0
					],
					"position": [
						0.5,
						0,
						1
					]
				},
				"leg_left2": {
					"rotation": [
						0,
						0,
						2.5
					]
				},
				"foot_left": {
					"rotation": [
						0.1,
						4.76804,
						5.99299
					],
					"position": [
						0,
						-0.08,
						0
					]
				},
				"leg_right2": {
					"rotation": [
						-25,
						0,
						0
					],
					"position": [
						0,
						0,
						-1
					]
				},
				"foot_right": {
					"rotation": [
						25,
						0,
						0
					],
					"position": [
						0,
						0.3,
						0
					]
				},
				"chest": {
					"rotation": [
						-5,
						5,
						0
					]
				}
			}
		},
		"animation.gabite.blink": {
			"animation_length": 0.1667,
			"bones": {
				"eyelid_left": {
					"position": {
						"0.0": [
							1,
							0,
							0
						],
						"0.125": [
							1,
							0,
							0
						],
						"0.1667": [
							0,
							0,
							0
						]
					}
				},
				"eyelid_right": {
					"position": {
						"0.0": [
							-1,
							0,
							0
						],
						"0.125": [
							-1,
							0,
							0
						],
						"0.1667": [
							0,
							0,
							0
						]
					}
				}
			}
		},
		"animation.gabite.pose": {
			"loop": true,
			"bones": {
				"neck": {
					"rotation": [
						0,
						17.5,
						0
					]
				},
				"neck2": {
					"rotation": [
						27.5,
						0,
						0
					]
				},
				"arm_left": {
					"rotation": [
						0,
						0,
						32.5
					]
				},
				"arm_left3": {
					"rotation": [
						0,
						80,
						0
					]
				},
				"hand_left": {
					"rotation": [
						0,
						0,
						0
					]
				},
				"arm_right": {
					"rotation": [
						21.64934,
						3.18913,
						-21.41635
					]
				},
				"arm_right3": {
					"rotation": [
						0,
						-57.5,
						0
					]
				},
				"hand_right": {
					"rotation": [
						0,
						0,
						0
					]
				},
				"head": {
					"rotation": [
						-12,
						17.5,
						0
					]
				},
				"jaw": {
					"rotation": [
						30,
						0,
						0
					]
				},
				"leg_left": {
					"rotation": [
						-17.5,
						-25,
						0
					]
				},
				"foot_left": {
					"rotation": [
						20,
						0,
						0
					]
				},
				"leg_right": {
					"rotation": [
						-17.5,
						25,
						0
					]
				},
				"foot_right": {
					"rotation": [
						20,
						0,
						0
					]
				}
			}
		},
		"animation.gabite.cry": {
			"animation_length": 1.5,
			"bones": {
				"torso": {
					"rotation": {
						"0.0": {
							"post": [
								0,
								0,
								0
							],
							"lerp_mode": "catmullrom"
						},
						"0.1667": {
							"post": [
								-17.5,
								0,
								0
							],
							"lerp_mode": "catmullrom"
						},
						"0.3333": {
							"post": [
								32.52686,
								1.60667,
								1.91561
							],
							"lerp_mode": "catmullrom"
						},
						"0.9167": {
							"post": [
								35.02635,
								-1.5216,
								-1.98385
							],
							"lerp_mode": "catmullrom"
						},
						"1.25": {
							"post": [
								-2.5,
								0,
								0
							],
							"lerp_mode": "catmullrom"
						},
						"1.5": {
							"post": [
								0,
								0,
								0
							],
							"lerp_mode": "catmullrom"
						}
					}
				},
				"chest": {
					"rotation": {
						"0.0": {
							"post": [
								0,
								0,
								0
							],
							"lerp_mode": "catmullrom"
						},
						"0.1667": {
							"post": [
								17.5,
								0,
								0
							],
							"lerp_mode": "catmullrom"
						},
						"0.3333": {
							"post": [
								0,
								0,
								0
							],
							"lerp_mode": "catmullrom"
						},
						"0.9167": {
							"post": [
								-10.09,
								0,
								0
							],
							"lerp_mode": "catmullrom"
						},
						"1.25": {
							"post": [
								0,
								0,
								0
							],
							"lerp_mode": "catmullrom"
						}
					}
				},
				"neck": {
					"rotation": {
						"0.0": {
							"post": [
								0,
								0,
								0
							],
							"lerp_mode": "catmullrom"
						},
						"0.1667": {
							"post": [
								10,
								0,
								0
							],
							"lerp_mode": "catmullrom"
						},
						"0.3333": {
							"post": [
								-15,
								0,
								0
							],
							"lerp_mode": "catmullrom"
						},
						"1.0833": {
							"post": [
								10,
								0,
								0
							],
							"lerp_mode": "catmullrom"
						},
						"1.3333": {
							"post": [
								0,
								0,
								0
							],
							"lerp_mode": "catmullrom"
						}
					}
				},
				"head": {
					"rotation": {
						"0.0": {
							"post": [
								0,
								0,
								0
							],
							"lerp_mode": "catmullrom"
						},
						"0.1667": {
							"post": [
								17.5,
								0,
								0
							],
							"lerp_mode": "catmullrom"
						},
						"0.3333": {
							"post": [
								-37.5,
								0,
								0
							],
							"lerp_mode": "catmullrom"
						},
						"0.9167": {
							"post": [
								-45.09,
								0,
								0
							],
							"lerp_mode": "catmullrom"
						},
						"1.25": {
							"post": [
								0,
								0,
								0
							],
							"lerp_mode": "catmullrom"
						}
					}
				},
				"jaw": {
					"rotation": {
						"0.0": {
							"post": [
								0,
								0,
								0
							],
							"lerp_mode": "catmullrom"
						},
						"0.1667": {
							"post": [
								0,
								0,
								0
							],
							"lerp_mode": "catmullrom"
						},
						"0.4167": {
							"post": [
								52.24,
								0,
								0
							],
							"lerp_mode": "catmullrom"
						},
						"1.0": {
							"post": [
								50,
								0,
								0
							],
							"lerp_mode": "catmullrom"
						},
						"1.25": {
							"post": [
								0,
								0,
								0
							],
							"lerp_mode": "catmullrom"
						}
					}
				},
				"eyelid_left": {
					"position": {
						"0.0": [
							0,
							0,
							0
						],
						"0.0833": [
							1,
							0,
							0
						],
						"0.1667": [
							1,
							0,
							0
						],
						"0.25": [
							0,
							0,
							0
						]
					}
				},
				"eyelid_right": {
					"position": {
						"0.0": [
							0,
							0,
							0
						],
						"0.0833": [
							-1,
							0,
							0
						],
						"0.1667": [
							-1,
							0,
							0
						],
						"0.25": [
							0,
							0,
							0
						]
					}
				},
				"arm_left": {
					"rotation": {
						"0.0": {
							"post": [
								0,
								0,
								0
							],
							"lerp_mode": "catmullrom"
						},
						"0.1667": {
							"post": [
								0,
								32.5,
								0
							],
							"lerp_mode": "catmullrom"
						},
						"0.3333": {
							"post": [
								0,
								-20,
								0
							],
							"lerp_mode": "catmullrom"
						},
						"0.9167": {
							"post": [
								0,
								-21,
								0
							],
							"lerp_mode": "catmullrom"
						},
						"1.25": {
							"post": [
								0,
								0,
								0
							],
							"lerp_mode": "catmullrom"
						}
					}
				},
				"arm_left2": {
					"rotation": {
						"0.0": {
							"post": [
								0,
								0,
								0
							],
							"lerp_mode": "catmullrom"
						},
						"0.1667": {
							"post": [
								25,
								15,
								-15
							],
							"lerp_mode": "catmullrom"
						},
						"0.3333": {
							"post": [
								0,
								-20,
								0
							],
							"lerp_mode": "catmullrom"
						},
						"0.9167": {
							"post": [
								0,
								-21,
								0
							],
							"lerp_mode": "catmullrom"
						},
						"1.25": {
							"post": [
								0,
								0,
								0
							],
							"lerp_mode": "catmullrom"
						}
					}
				},
				"arm_left3": {
					"rotation": {
						"0.0": [
							0,
							0,
							0
						],
						"0.1667": [
							20,
							0,
							0
						],
						"0.3333": [
							0,
							0,
							0
						]
					}
				},
				"arm_right": {
					"rotation": {
						"0.0": {
							"post": [
								0,
								0,
								0
							],
							"lerp_mode": "catmullrom"
						},
						"0.1667": {
							"post": [
								0,
								-32.5,
								0
							],
							"lerp_mode": "catmullrom"
						},
						"0.3333": {
							"post": [
								0,
								20,
								0
							],
							"lerp_mode": "catmullrom"
						},
						"0.9167": {
							"post": [
								0,
								21,
								0
							],
							"lerp_mode": "catmullrom"
						},
						"1.25": {
							"post": [
								0,
								0,
								0
							],
							"lerp_mode": "catmullrom"
						}
					}
				},
				"arm_right2": {
					"rotation": {
						"0.0": {
							"post": [
								0,
								0,
								0
							],
							"lerp_mode": "catmullrom"
						},
						"0.1667": {
							"post": [
								25,
								-15,
								15
							],
							"lerp_mode": "catmullrom"
						},
						"0.3333": {
							"post": [
								0,
								20,
								0
							],
							"lerp_mode": "catmullrom"
						},
						"0.9167": {
							"post": [
								0,
								21,
								0
							],
							"lerp_mode": "catmullrom"
						},
						"1.25": {
							"post": [
								0,
								0,
								0
							],
							"lerp_mode": "catmullrom"
						}
					}
				},
				"tail": {
					"rotation": {
						"0.0": {
							"post": [
								0,
								0,
								0
							],
							"lerp_mode": "catmullrom"
						},
						"0.1667": {
							"post": [
								5,
								0,
								0
							],
							"lerp_mode": "catmullrom"
						},
						"0.5833": {
							"post": [
								-2.5,
								0,
								0
							],
							"lerp_mode": "catmullrom"
						},
						"0.9167": {
							"post": [
								-2.5,
								0,
								0
							],
							"lerp_mode": "catmullrom"
						},
						"1.0833": {
							"post": [
								-8.24,
								0,
								0
							],
							"lerp_mode": "catmullrom"
						},
						"1.5": {
							"post": [
								0,
								0,
								0
							],
							"lerp_mode": "catmullrom"
						}
					}
				},
				"tail2": {
					"rotation": {
						"0.0": {
							"post": [
								0,
								0,
								0
							],
							"lerp_mode": "catmullrom"
						},
						"0.5833": {
							"post": [
								5,
								0,
								0
							],
							"lerp_mode": "catmullrom"
						},
						"1.0": {
							"post": [
								-2.5,
								0,
								0
							],
							"lerp_mode": "catmullrom"
						},
						"1.1667": {
							"post": [
								-8.24,
								0,
								0
							],
							"lerp_mode": "catmullrom"
						},
						"1.5": {
							"post": [
								0,
								0,
								0
							],
							"lerp_mode": "catmullrom"
						}
					}
				},
				"tail3": {
					"rotation": {
						"0.0": {
							"post": [
								0,
								0,
								0
							],
							"lerp_mode": "catmullrom"
						},
						"0.6667": {
							"post": [
								5,
								0,
								0
							],
							"lerp_mode": "catmullrom"
						},
						"1.0833": {
							"post": [
								-2.5,
								0,
								0
							],
							"lerp_mode": "catmullrom"
						},
						"1.25": {
							"post": [
								6.76,
								0,
								0
							],
							"lerp_mode": "catmullrom"
						},
						"1.5": {
							"post": [
								0,
								0,
								0
							],
							"lerp_mode": "catmullrom"
						}
					}
				},
				"tail4": {
					"rotation": {
						"0.0": {
							"post": [
								0,
								0,
								0
							],
							"lerp_mode": "catmullrom"
						},
						"0.75": {
							"post": [
								7.5,
								0,
								0
							],
							"lerp_mode": "catmullrom"
						},
						"1.1667": {
							"post": [
								-2.5,
								0,
								0
							],
							"lerp_mode": "catmullrom"
						},
						"1.3333": {
							"post": [
								-18.24,
								0,
								0
							],
							"lerp_mode": "catmullrom"
						},
						"1.5": {
							"post": [
								0,
								0,
								0
							],
							"lerp_mode": "catmullrom"
						}
					}
				}
			},
			"sound_effects": {
				"0.33": {
					"effect": "pokemon.gabite.cry"
				}
			}
		}
	}
}