{
	"format_version": "1.8.0",
	"animations": {
		"animation.gimmighoul_roaming.ground_idle": {
			"loop": true,
			"bones": {
				"torso": {
					"rotation": ["3.996+0.5*math.cos(q.anim_time*90*4-60)*1", 0, "2*math.cos(q.anim_time*90*2)*1"],
					"position": [0, "-0.03*math.cos(q.anim_time*90*4-30)*1", 0]
				},
				"arm_left": {
					"rotation": [14.25, "-1*math.cos(q.anim_time*90*4-60)*1", "52.5+3*math.cos(q.anim_time*90*2-60)*1"]
				},
				"arm_left2": {
					"rotation": [0, "20-1*math.cos(q.anim_time*90*2-90)*1", "-4+3*math.cos(q.anim_time*90*2-90)*1"]
				},
				"arm_right": {
					"rotation": [14.25, "-1*math.cos(q.anim_time*90*4-60)*1", "-52.5+3*math.cos(q.anim_time*90*2-60)*1"]
				},
				"arm_right2": {
					"rotation": [0, "-20+1*math.cos(q.anim_time*90*2-90)*1", "3+4*math.cos(q.anim_time*90*2-90)*1"]
				},
				"antenna_left": {
					"rotation": ["1*math.cos(q.anim_time*90*4-150)*1", "-45-2*math.cos(q.anim_time*90*2-60)*1", 0]
				},
				"antenna_left2": {
					"rotation": ["10+1*math.cos(q.anim_time*90*4-180)*1", "-1*math.cos(q.anim_time*90*2-90)*1", 0]
				},
				"antenna_right": {
					"rotation": ["1*math.cos(q.anim_time*90*4-150)*1", "45-2*math.cos(q.anim_time*90*2-60)*1", 0]
				},
				"antenna_right2": {
					"rotation": ["10+1*math.cos(q.anim_time*90*4-180)*1", "-1*math.cos(q.anim_time*90*2-90)*1", 0]
				},
				"tail2": {
					"rotation": [-5, 0, "2*math.cos(q.anim_time*90*2-90)*1"]
				},
				"coin": {
					"rotation": [-10, 0, "2*math.cos(q.anim_time*90*2-90)*1"],
					"position": [0, 0, 0.25]
				},
				"tail": {
					"rotation": [0, 0, 0]
				},
				"head": {
					"rotation": ["1*math.cos(q.anim_time*90*4-120)*1", 0, "2*math.cos(q.anim_time*90*2-60)*1"]
				},
				"antenna_left3": {
					"rotation": ["2*math.cos(q.anim_time*90*4-210)*1", "NaN-5*math.cos(q.anim_time*90*2-90)*1", 0]
				},
				"antenna_right3": {
					"rotation": ["2*math.cos(q.anim_time*90*4-210)*1", "-5*math.cos(q.anim_time*90*2-90)*1", 0]
				}
			}
		},
		"animation.gimmighoul_roaming.battle_idle": {
			"loop": true,
			"bones": {
				"torso": {
					"rotation": ["7.8157-1*math.cos(q.anim_time*90*3+30)*1", 14.01857, "0.3274-1*math.cos(q.anim_time*90*3)*1"],
					"position": [0, "0.03*math.cos(q.anim_time*90*6+30)*1", 0]
				},
				"arm_left": {
					"rotation": [-2.72454, "16.3633+2*math.cos(q.anim_time*90*3-30)*1", "33.4674-3*math.cos(q.anim_time*90*3-30)*1"]
				},
				"arm_left2": {
					"rotation": [0, "77+2*math.cos(q.anim_time*90*3-90)*1", 0]
				},
				"arm_right": {
					"rotation": [-4.50813, "16.1624-1*math.cos(q.anim_time*90*3-40)*1", "-42.2237+2*math.cos(q.anim_time*90*3-40)*1"]
				},
				"arm_right2": {
					"rotation": [0, "-35-2*math.cos(q.anim_time*90*3-100)*1", "5+2*math.cos(q.anim_time*90*3-100)*1"]
				},
				"head": {
					"rotation": ["0.9598-1*math.cos(q.anim_time*90*3-60)*1", -14.0186, "2.0768-1*math.cos(q.anim_time*90*3-90)*1"]
				},
				"antenna_left": {
					"rotation": ["1*math.cos(q.anim_time*90*3-150)*1", "-45-2*math.cos(q.anim_time*90*1.5-60)*1", 0]
				},
				"antenna_left2": {
					"rotation": ["10+2*math.cos(q.anim_time*90*3-180)*1", "-1*math.cos(q.anim_time*90*1.5-90)*1", 0]
				},
				"antenna_left3": {
					"rotation": ["2*math.cos(q.anim_time*90*3-210)*1", "NaN-5*math.cos(q.anim_time*90*1.5-90)*1", 0]
				},
				"antenna_right": {
					"rotation": ["1*math.cos(q.anim_time*90*3-150)*1", "45-2*math.cos(q.anim_time*90*1.5-60)*1", 0]
				},
				"antenna_right2": {
					"rotation": ["10+2*math.cos(q.anim_time*90*3-180)*1", "-1*math.cos(q.anim_time*90*1.5-90)*1", 0]
				},
				"antenna_right3": {
					"rotation": ["2*math.cos(q.anim_time*90*3-210)*1", "-5*math.cos(q.anim_time*90*1.5-90)*1", 0]
				},
				"tail": {
					"rotation": [0, 0, 7.5]
				},
				"tail2": {
					"rotation": [-5, 0, "-1*math.cos(q.anim_time*90*3-90)*1.25"]
				},
				"coin": {
					"rotation": [-10, 0, "-1*math.cos(q.anim_time*90*3-90)*1.25"],
					"position": [0, 0, 0.25]
				},
				"leg_left": {
					"position": [0, 0, -0.8]
				},
				"leg_right": {
					"rotation": [0, 19, 0],
					"position": [-0.4, 0, 0.5]
				}
			}
		},
		"animation.gimmighoul_roaming.ground_walk": {
			"loop": true,
			"animation_length": 1,
			"bones": {
				"arm_left": {
					"rotation": ["13.5+5.726*math.cos(q.anim_time*90*4-30)*1", "16.2794*math.cos(q.anim_time*90*4-30)*1", 62.13997]
				},
				"arm_right": {
					"rotation": ["13.5-5.726*math.cos(q.anim_time*90*4-30)*1", "16.2794*math.cos(q.anim_time*90*4-30)*1", -62.13997]
				},
				"tail": {
					"rotation": [0, 0, 0]
				},
				"tail2": {
					"rotation": [-5, 0, "-5*math.cos(q.anim_time*90*4-120)*1"]
				},
				"coin": {
					"rotation": [-10, 0, "-5*math.cos(q.anim_time*90*4-120)*1"],
					"position": [0, 0, 0.25]
				},
				"torso": {
					"rotation": ["5.25+1*math.cos(q.anim_time*90*8-60)*1", "-5*math.cos(q.anim_time*90*4)*1", "-3*math.cos(q.anim_time*90*4-60)*1"],
					"position": [0, "0.1*math.cos(q.anim_time*90*8-180)*1", 0]
				},
				"arm_left2": {
					"rotation": [0, "23.5+10*math.cos(q.anim_time*90*4-90)*1", 0]
				},
				"arm_right2": {
					"rotation": [0, "-23.5+10*math.cos(q.anim_time*90*4-90)*1", 0]
				},
				"head": {
					"rotation": ["4.25+1*math.cos(q.anim_time*90*8-120)*1", "4*math.cos(q.anim_time*90*4-30)*1", "-3*math.cos(q.anim_time*90*4-90)*1"]
				},
				"antenna_left": {
					"rotation": ["-1*math.cos(q.anim_time*90*8-150)*1", "-45-2*math.cos(q.anim_time*90*4-60)*1", 0]
				},
				"antenna_left2": {
					"rotation": ["10-1*math.cos(q.anim_time*90*8-240)*1", "-1*math.cos(q.anim_time*90*4-90)*1", 0]
				},
				"antenna_left3": {
					"rotation": ["-2*math.cos(q.anim_time*90*8-210)*1", "-5*math.cos(q.anim_time*90*4-90)*1", 0]
				},
				"antenna_right": {
					"rotation": ["-1*math.cos(q.anim_time*90*8-180)*1", "45-2*math.cos(q.anim_time*90*4-60)*1", 0]
				},
				"antenna_right2": {
					"rotation": ["10-1*math.cos(q.anim_time*90*8-240)*1", "-1*math.cos(q.anim_time*90*4-90)*1", 0]
				},
				"antenna_right3": {
					"rotation": ["-2*math.cos(q.anim_time*90*8-210)*1", "-5*math.cos(q.anim_time*90*4-90)*1", 0]
				},
				"leg_left": {
					"rotation": {
						"0.0": [0, 0, 0],
						"0.125": {
							"pre": [6.75, 0, 0],
							"post": [6.75, 0, 0],
							"lerp_mode": "catmullrom"
						},
						"0.2917": {
							"post": [-2.75, 0, 0],
							"lerp_mode": "catmullrom"
						},
						"0.4167": {
							"post": [-12.5, 0, 0],
							"lerp_mode": "catmullrom"
						},
						"0.5": [0, 0, 0],
						"1.0": [0, 0, 0]
					},
					"position": {
						"0.0": [0, 0, 0.66],
						"0.25": {
							"pre": [0, 0.4, 0.02],
							"post": [0, 0.4, 0.02],
							"lerp_mode": "catmullrom"
						},
						"0.4167": {
							"post": [0, 0.255, -0.44],
							"lerp_mode": "catmullrom"
						},
						"0.5": [0, 0, -0.69],
						"1.0": [0, 0, 0.66]
					}
				},
				"leg_left2": {
					"rotation": {
						"0.0": [0, 0, 0],
						"0.0833": {
							"pre": [3.75, 0, 0],
							"post": [3.75, 0, 0],
							"lerp_mode": "catmullrom"
						},
						"0.25": {
							"post": [8.15, 0, 0],
							"lerp_mode": "catmullrom"
						},
						"0.375": {
							"post": [0, 0, 0],
							"lerp_mode": "catmullrom"
						},
						"0.5": [0, 0, 0],
						"1.0": [0, 0, 0]
					}
				},
				"leg_right": {
					"rotation": {
						"0.0": [0, 0, 0],
						"0.5": [0, 0, 0],
						"0.625": {
							"pre": [6.75, 0, 0],
							"post": [6.75, 0, 0],
							"lerp_mode": "catmullrom"
						},
						"0.7917": {
							"post": [-2.75, 0, 0],
							"lerp_mode": "catmullrom"
						},
						"0.9167": {
							"post": [-12.5, 0, 0],
							"lerp_mode": "catmullrom"
						},
						"1.0": [0, 0, 0]
					},
					"position": {
						"0.0": [0, 0, -0.69],
						"0.5": [0, 0, 0.66],
						"0.75": {
							"pre": [0, 0.4, 0.02],
							"post": [0, 0.4, 0.02],
							"lerp_mode": "catmullrom"
						},
						"0.9167": {
							"post": [0, 0.255, -0.44],
							"lerp_mode": "catmullrom"
						},
						"1.0": [0, 0, -0.675]
					}
				},
				"leg_right2": {
					"rotation": {
						"0.0": [0, 0, 0],
						"0.5": [0, 0, 0],
						"0.5833": {
							"pre": [3.75, 0, 0],
							"post": [3.75, 0, 0],
							"lerp_mode": "catmullrom"
						},
						"0.75": {
							"post": [8.15, 0, 0],
							"lerp_mode": "catmullrom"
						},
						"0.875": {
							"post": [0, 0, 0],
							"lerp_mode": "catmullrom"
						},
						"1.0": [0, 0, 0]
					}
				}
			}
		},
		"animation.gimmighoul_roaming.ground_run": {
			"loop": true,
			"animation_length": 0.6667,
			"bones": {
				"arm_left": {
					"rotation": [131.75318, "3.9557+2*math.cos(q.anim_time*90*12-90)*1", 44.91641],
					"position": [-0.48, -0.32, 0]
				},
				"arm_right": {
					"rotation": [131.75318, "-3.9557-2*math.cos(q.anim_time*90*12-90)*1", -44.91641],
					"position": [0.475, -0.325, 0]
				},
				"tail": {
					"rotation": [0, 0, 0]
				},
				"tail2": {
					"rotation": [-5, 0, "0+5*math.cos(q.anim_time*90*6-120)*1"]
				},
				"coin": {
					"rotation": [-10, 0, "5*math.cos(q.anim_time*90*6-120)*1"],
					"position": [0, "0.275-0.3*math.cos(q.anim_time*90*12-90)*1", 0.25]
				},
				"antenna_left": {
					"rotation": ["2*math.cos(q.anim_time*90*12-240)*1", "-45+2*math.cos(q.anim_time*90*6-60)*1", 0]
				},
				"antenna_left2": {
					"rotation": ["10+2*math.cos(q.anim_time*90*12-270)*1", "5*math.cos(q.anim_time*90*6-270)*1", 0]
				},
				"antenna_right": {
					"rotation": ["2*math.cos(q.anim_time*90*12-240)*1", "45+2*math.cos(q.anim_time*90*6-60)*1", 0]
				},
				"antenna_right2": {
					"rotation": ["10+2*math.cos(q.anim_time*90*12-270)*1", "5*math.cos(q.anim_time*90*6-270)*1", 0]
				},
				"antenna_right3": {
					"rotation": ["2*math.cos(q.anim_time*90*12-300)*1", "5*math.cos(q.anim_time*90*6-90)*1", 0]
				},
				"body": {
					"position": [0, 0.5, 0]
				},
				"torso": {
					"rotation": ["31.7328-3*math.cos(q.anim_time*90*12)*1", "0-5*math.cos(q.anim_time*90*6-180)*1", "0+5*math.cos(q.anim_time*90*6-90)*1"],
					"position": [0, "-0.225+0.3*math.cos(q.anim_time*90*12+120)*1", 0]
				},
				"arm_left2": {
					"rotation": [0, "77.75+5*math.cos(q.anim_time*90*12-190)*0.5", 0]
				},
				"arm_right2": {
					"rotation": [0, "-77.75-5*math.cos(q.anim_time*90*12-190)*0.5", 0]
				},
				"head": {
					"rotation": ["-12.75-3*math.cos(q.anim_time*90*12-60)*1", "4*math.cos(q.anim_time*90*6-180)*1", "-2*math.cos(q.anim_time*90*6-150)*1"]
				},
				"mouth_closed": {
					"position": [0, 0, 0]
				},
				"leg_left": {
					"rotation": {
						"0.0": {
							"post": [37, 0, 0],
							"lerp_mode": "catmullrom"
						},
						"0.1667": {
							"post": [8.38, 0, 0],
							"lerp_mode": "catmullrom"
						},
						"0.25": {
							"post": [-20.06, 0, 0],
							"lerp_mode": "catmullrom"
						},
						"0.3333": [0, 0, 0],
						"0.5": [0, 0, 0],
						"0.6667": [37, 0, 0]
					},
					"position": {
						"0.0": {
							"post": [0, -0.325, 1.175],
							"lerp_mode": "catmullrom"
						},
						"0.1667": {
							"post": [0, -0.14, -0.075],
							"lerp_mode": "catmullrom"
						},
						"0.25": {
							"post": [0, 0.59, -0.71],
							"lerp_mode": "catmullrom"
						},
						"0.3333": [0, -0.475, -1.35],
						"0.5": [0, -0.475, 0.15],
						"0.6667": [0, -0.325, 1.175]
					}
				},
				"leg_left2": {
					"rotation": {
						"0.0": [11.75, 0, 0],
						"0.125": {
							"pre": [17.34, 0, 0],
							"post": [17.34, 0, 0],
							"lerp_mode": "catmullrom"
						},
						"0.25": {
							"post": [0, 0, 0],
							"lerp_mode": "catmullrom"
						},
						"0.3333": [0, 0, 0],
						"0.5": [0, 0, 0],
						"0.6667": [11.75, 0, 0]
					}
				},
				"leg_right": {
					"rotation": {
						"0.0": [0, 0, 0],
						"0.1667": [0, 0, 0],
						"0.3333": {
							"pre": [37, 0, 0],
							"post": [37, 0, 0],
							"lerp_mode": "catmullrom"
						},
						"0.5": {
							"post": [8.38, 0, 0],
							"lerp_mode": "catmullrom"
						},
						"0.5833": {
							"post": [-20.06, 0, 0],
							"lerp_mode": "catmullrom"
						},
						"0.6667": {
							"post": [0, 0, 0],
							"lerp_mode": "catmullrom"
						}
					},
					"position": {
						"0.0": [0, -0.475, -1.35],
						"0.1667": [0, -0.475, 0.15],
						"0.3333": {
							"pre": [0, -0.325, 1.175],
							"post": [0, -0.325, 1.175],
							"lerp_mode": "catmullrom"
						},
						"0.5": {
							"post": [0, -0.14, -0.075],
							"lerp_mode": "catmullrom"
						},
						"0.5833": {
							"post": [0, 0.59, -0.71],
							"lerp_mode": "catmullrom"
						},
						"0.6667": {
							"post": [0, -0.475, -1.35],
							"lerp_mode": "catmullrom"
						}
					}
				},
				"leg_right2": {
					"rotation": {
						"0.0": [0, 0, 0],
						"0.1667": [0, 0, 0],
						"0.3333": [11.75, 0, 0],
						"0.4583": {
							"pre": [17.34, 0, 0],
							"post": [17.34, 0, 0],
							"lerp_mode": "catmullrom"
						},
						"0.5833": {
							"post": [0, 0, 0],
							"lerp_mode": "catmullrom"
						},
						"0.6667": [0, 0, 0]
					}
				},
				"antenna_left3": {
					"rotation": ["2*math.cos(q.anim_time*90*12-300)*1", "-5*math.cos(q.anim_time*90*6-90)*1", 0]
				}
			}
		},
		"animation.gimmighoul_roaming.sleep": {
			"loop": true,
			"bones": {
				"arm_left": {
					"rotation": [-20.52515, "-14.7233+1*math.cos(q.anim_time*90*1)*1", 72.7728]
				},
				"arm_right": {
					"rotation": ["41.1232-1*math.cos(q.anim_time*90*1-120)*1", "-29.1735+2*math.cos(q.anim_time*90*1-120)*1", -59.1259]
				},
				"tail": {
					"rotation": [7.75, 0, 7.5]
				},
				"tail2": {
					"rotation": ["-15.25+2*math.cos(q.anim_time*90*1-150)*1", 0, 0]
				},
				"coin": {
					"rotation": ["-11.25+2*math.cos(q.anim_time*90*1-150)*1", 0, 0],
					"position": [0, 0, 0.25]
				},
				"antenna_left": {
					"rotation": ["25+1*math.cos(q.anim_time*90*1-120)*1", -45, 0]
				},
				"antenna_left2": {
					"rotation": ["1.5+1*math.cos(q.anim_time*90*1-150)*1", 1, 0]
				},
				"antenna_right": {
					"rotation": ["25+1*math.cos(q.anim_time*90*1-120)*1", 45, 0]
				},
				"antenna_right2": {
					"rotation": ["1.5+1*math.cos(q.anim_time*90*1-150)*1", -1, 0]
				},
				"antenna_right3": {
					"rotation": ["14.5+3*math.cos(q.anim_time*90*1-180)*1", -5, 0]
				},
				"body": {
					"rotation": [7.25, 0, 0],
					"position": [0, -1.825, 0]
				},
				"torso": {
					"rotation": ["-18.0939+1*math.cos(q.anim_time*90*1-60)*1", -3.09224, "3.2145-0.25*math.cos(q.anim_time*90*1-30)*1"]
				},
				"arm_left2": {
					"rotation": [0, 64.5, 0]
				},
				"arm_right2": {
					"rotation": [0, "-67.25-2*math.cos(q.anim_time*90*1-120)*1", 0]
				},
				"head": {
					"rotation": ["-14.9701+3*math.cos(q.anim_time*90*1-150)*1", -0.70151, "5-1*math.cos(q.anim_time*90*1-90)*1"]
				},
				"eyelid_left": {
					"position": [0, 0, -0.125]
				},
				"eyelid_right": {
					"position": [0, 0, -0.125]
				},
				"antenna_left3": {
					"rotation": ["14.5+3*math.cos(q.anim_time*90*1-180)*1", 5, 0]
				},
				"leg_left": {
					"rotation": [-91.09461, -23.99611, 0.4452],
					"position": [0.575, 2.375, -0.425]
				},
				"leg_right": {
					"rotation": [-91.09461, 23.99611, -0.4452],
					"position": [-0.575, 2.375, -0.425]
				}
			}
		},
		"animation.gimmighoul_roaming.faint": {
			"animation_length": 3,
			"bones": {
				"arm_left": {
					"rotation": {
						"0.0": {
							"post": [0, 0, 52.5],
							"lerp_mode": "catmullrom"
						},
						"0.2917": {
							"post": [0, -11.42573, 52.5],
							"lerp_mode": "catmullrom"
						},
						"0.4583": {
							"post": [0, 21.82427, 52.5],
							"lerp_mode": "catmullrom"
						},
						"0.5833": {
							"post": [0, 30.32427, 52.5],
							"lerp_mode": "catmullrom"
						},
						"0.875": {
							"post": [0, 12.88627, 52.5],
							"lerp_mode": "catmullrom"
						},
						"1.0417": {
							"post": [0, -16.11373, 52.5],
							"lerp_mode": "catmullrom"
						},
						"1.2917": {
							"post": [0, 13.00998, 52.5],
							"lerp_mode": "catmullrom"
						},
						"1.4583": {
							"post": [0, 13.75998, 52.5],
							"lerp_mode": "catmullrom"
						},
						"1.625": {
							"post": [6.14416, -10.60661, 22.17912],
							"lerp_mode": "catmullrom"
						},
						"1.8333": {
							"post": [11.20056, 4.37288, -12.14171],
							"lerp_mode": "catmullrom"
						},
						"2.0": {
							"post": [10.5561, -20.62282, -37.87002],
							"lerp_mode": "catmullrom"
						},
						"2.125": {
							"post": [-10.06362, 9.05894, -31.48375],
							"lerp_mode": "catmullrom"
						},
						"2.3333": {
							"post": [-11.3503, 9.84303, -31.03129],
							"lerp_mode": "catmullrom"
						},
						"2.5": {
							"post": [-10.21113, 13.24265, -32.24601],
							"lerp_mode": "catmullrom"
						},
						"3.0": [-10.21113, 13.24265, -32.24601]
					},
					"position": {
						"1.8333": [0, 0, 0],
						"2.0": [-0.6, -0.4, 0]
					}
				},
				"arm_right": {
					"rotation": {
						"0.0": {
							"post": [0, 0, -52.5],
							"lerp_mode": "catmullrom"
						},
						"0.2917": {
							"post": [0, 11.42573, -52.5],
							"lerp_mode": "catmullrom"
						},
						"0.4583": {
							"post": [0, 12.42573, -52.5],
							"lerp_mode": "catmullrom"
						},
						"0.5833": {
							"post": [0, 35.92573, -52.5],
							"lerp_mode": "catmullrom"
						},
						"0.875": {
							"post": [0, -12.88627, -52.5],
							"lerp_mode": "catmullrom"
						},
						"1.0417": {
							"post": [0, -27.63627, -52.5],
							"lerp_mode": "catmullrom"
						},
						"1.2917": {
							"post": [0, -33.75998, -52.5],
							"lerp_mode": "catmullrom"
						},
						"1.4583": {
							"post": [0, 12.24002, -52.5],
							"lerp_mode": "catmullrom"
						},
						"1.625": {
							"post": [6.14416, 10.60661, -22.17912],
							"lerp_mode": "catmullrom"
						},
						"1.8333": {
							"post": [11.20056, -4.37288, 12.14171],
							"lerp_mode": "catmullrom"
						},
						"2.0": {
							"post": [8.81886, 15.47447, 38.21547],
							"lerp_mode": "catmullrom"
						},
						"2.125": {
							"post": [-10.06362, -9.05894, 31.48375],
							"lerp_mode": "catmullrom"
						},
						"2.3333": {
							"post": [-11.3503, -9.84303, 31.03129],
							"lerp_mode": "catmullrom"
						},
						"2.5": {
							"post": [-10.21113, -13.24265, 32.24601],
							"lerp_mode": "catmullrom"
						},
						"3.0": [-10.21113, -13.24265, 32.24601]
					},
					"position": {
						"1.8333": [0, 0, 0],
						"2.0": [0.6, -0.4, 0]
					}
				},
				"tail": {
					"rotation": {
						"0.0": [0, 0, 7.5],
						"1.7083": [0, 0, 7.5],
						"1.9583": {
							"pre": [-45.91658, 0, 7.5],
							"post": [-45.91658, 0, 7.5],
							"lerp_mode": "catmullrom"
						},
						"2.2083": {
							"post": [-17.06608, 0, 7.5],
							"lerp_mode": "catmullrom"
						},
						"2.625": {
							"post": [-19.15, 0, 7.5],
							"lerp_mode": "catmullrom"
						},
						"3.0": [-19.15, 0, 7.5]
					}
				},
				"tail2": {
					"rotation": {
						"0.0": [5.1, 0, 0],
						"0.3333": [6.1, 0, 0],
						"0.7083": {
							"pre": [-2.59243, 3.00524, 17.31461],
							"post": [-2.59243, 3.00524, 17.31461],
							"lerp_mode": "catmullrom"
						},
						"1.0417": {
							"post": [-3.98885, -2.19903, -12.894],
							"lerp_mode": "catmullrom"
						},
						"1.2917": {
							"post": [-2.89965, 0.00094, 9.30534],
							"lerp_mode": "catmullrom"
						},
						"1.625": {
							"post": [7.1, 0, 0],
							"lerp_mode": "catmullrom"
						},
						"1.7917": {
							"post": [-12.88206, 0.54589, 3.0988],
							"lerp_mode": "catmullrom"
						},
						"1.9167": {
							"post": [-10.57861, 0.65165, 0.69853],
							"lerp_mode": "catmullrom"
						},
						"2.0833": {
							"post": [-23.17826, 0.65165, 0.69853],
							"lerp_mode": "catmullrom"
						},
						"2.2917": {
							"post": [-9.77697, 0.65165, 0.69853],
							"lerp_mode": "catmullrom"
						},
						"2.7083": {
							"post": [-12.07946, 0.65165, 0.69853],
							"lerp_mode": "catmullrom"
						},
						"3.0": [-9.77697, 0.65165, 0.69853]
					}
				},
				"coin": {
					"rotation": {
						"0.3333": [0, 0, 0],
						"0.7083": {
							"pre": [-9.57131, 2.91015, 16.75631],
							"post": [-9.57131, 2.91015, 16.75631],
							"lerp_mode": "catmullrom"
						},
						"1.0417": {
							"post": [-9.4647, -15.23974, -8.64324],
							"lerp_mode": "catmullrom"
						},
						"1.2917": {
							"post": [-9.99965, 0.00094, 9.30534],
							"lerp_mode": "catmullrom"
						},
						"1.625": {
							"post": [0, 0, 0],
							"lerp_mode": "catmullrom"
						},
						"1.7917": {
							"post": [3.4554, 0.45396, 2.51934],
							"lerp_mode": "catmullrom"
						},
						"2.0417": {
							"post": [-44.98206, 0.54589, 3.0988],
							"lerp_mode": "catmullrom"
						},
						"2.1667": {
							"post": [-29.73206, 0.54589, 3.0988],
							"lerp_mode": "catmullrom"
						},
						"2.25": {
							"post": [0.41794, 0.54589, 3.0988],
							"lerp_mode": "catmullrom"
						},
						"2.4583": {
							"post": [4.91597, 0.54589, 3.0988],
							"lerp_mode": "catmullrom"
						},
						"2.625": {
							"post": [1.81794, 0.54589, 3.0988],
							"lerp_mode": "catmullrom"
						},
						"2.75": [1.81794, 0.54589, 3.0988]
					},
					"position": {
						"0.0": [0, 0, 0.25],
						"1.7917": [0, 0, 0],
						"1.875": {
							"pre": [0, -0.2, -0.2],
							"post": [0, -0.2, -0.2],
							"lerp_mode": "catmullrom"
						},
						"2.0": {
							"post": [0, 0.01, 0.82],
							"lerp_mode": "catmullrom"
						},
						"2.0833": {
							"post": [0, -0.06, 1.61],
							"lerp_mode": "catmullrom"
						},
						"2.25": {
							"post": [0, 3.37, 0.4],
							"lerp_mode": "catmullrom"
						},
						"2.4583": {
							"post": [0, 3.87, 0.57],
							"lerp_mode": "catmullrom"
						},
						"2.625": {
							"post": [0, 3.775, 0.35],
							"lerp_mode": "catmullrom"
						},
						"2.75": [0, 3.775, 0.35]
					}
				},
				"antenna_left": {
					"rotation": {
						"0.0": {
							"post": [1, -30, 0],
							"lerp_mode": "catmullrom"
						},
						"0.1667": {
							"post": [3.12467, -30, 0],
							"lerp_mode": "catmullrom"
						},
						"0.4583": {
							"post": [2.62607, -45.78554, -0.89823],
							"lerp_mode": "catmullrom"
						},
						"0.6667": {
							"post": [4.14624, -18.57904, 1.27553],
							"lerp_mode": "catmullrom"
						},
						"0.8333": {
							"post": [3.40922, -28.77614, 0.30308],
							"lerp_mode": "catmullrom"
						},
						"1.0": {
							"post": [5.47729, -10.96986, 2.77737],
							"lerp_mode": "catmullrom"
						},
						"1.2083": {
							"post": [3.38053, -31.34229, 0.28717],
							"lerp_mode": "catmullrom"
						},
						"1.5": {
							"post": [3.60304, -64.79592, -1.22726],
							"lerp_mode": "catmullrom"
						},
						"1.75": {
							"post": [3.7783, -54.81654, -0.56109],
							"lerp_mode": "catmullrom"
						},
						"1.9167": {
							"post": [-38.98642, -20.18346, 46.56109],
							"lerp_mode": "catmullrom"
						},
						"2.0417": {
							"post": [-87.45995, -56.20873, 90.06517],
							"lerp_mode": "catmullrom"
						},
						"2.2083": {
							"post": [-123.51862, -74.94941, 120.33092],
							"lerp_mode": "catmullrom"
						},
						"2.3333": {
							"post": [-31.35798, -65.34532, 24.50753],
							"lerp_mode": "catmullrom"
						},
						"2.5833": {
							"post": [-37.69411, -72.45393, 31.47399],
							"lerp_mode": "catmullrom"
						},
						"3.0": [-35.16171, -67.85545, 28.65084]
					}
				},
				"antenna_left2": {
					"rotation": {
						"0.0": {
							"post": [5, -1, 0],
							"lerp_mode": "catmullrom"
						},
						"0.1667": {
							"post": [-6.75, -1, 0],
							"lerp_mode": "catmullrom"
						},
						"0.3333": {
							"post": [9, -1, 0],
							"lerp_mode": "catmullrom"
						},
						"0.5833": {
							"post": [-8.49097, -1, 0],
							"lerp_mode": "catmullrom"
						},
						"0.7917": {
							"post": [-8.94078, -16.8381, 2.4677],
							"lerp_mode": "catmullrom"
						},
						"0.9583": {
							"post": [-8.65804, -8.39957, 1.13494],
							"lerp_mode": "catmullrom"
						},
						"1.2083": {
							"post": [-8.58502, -3.95037, 0.45659],
							"lerp_mode": "catmullrom"
						},
						"1.375": {
							"post": [-8.71812, -10.19604, 1.41732],
							"lerp_mode": "catmullrom"
						},
						"1.625": {
							"post": [-8.59148, -3.02837, 0.31974],
							"lerp_mode": "catmullrom"
						},
						"1.8333": [1.69294, -3.02837, 0.31974],
						"2.125": {
							"pre": [1.69711, -5.0275, 0.26044],
							"post": [1.69711, -5.0275, 0.26044],
							"lerp_mode": "catmullrom"
						},
						"2.3333": {
							"post": [1.68146, -5.68808, -0.89739],
							"lerp_mode": "catmullrom"
						},
						"2.5": [1.65595, 1.02829, -1.56161]
					}
				},
				"antenna_right": {
					"rotation": {
						"0.0": {
							"post": [1, 45, 0],
							"lerp_mode": "catmullrom"
						},
						"0.1667": {
							"post": [3.12467, 45, 0],
							"lerp_mode": "catmullrom"
						},
						"0.4583": {
							"post": [2.62607, 29.21446, -0.89823],
							"lerp_mode": "catmullrom"
						},
						"0.6667": {
							"post": [4.14624, 56.42096, 1.27553],
							"lerp_mode": "catmullrom"
						},
						"0.8333": {
							"post": [3.40922, 46.22386, 0.30308],
							"lerp_mode": "catmullrom"
						},
						"1.0": {
							"post": [5.47729, 64.03014, 2.77737],
							"lerp_mode": "catmullrom"
						},
						"1.2083": {
							"post": [3.38053, 43.65771, 0.28717],
							"lerp_mode": "catmullrom"
						},
						"1.5": {
							"post": [3.60304, 10.20408, -1.22726],
							"lerp_mode": "catmullrom"
						},
						"1.75": {
							"post": [3.7783, 54.81654, 0.56109],
							"lerp_mode": "catmullrom"
						},
						"1.9167": {
							"post": [-38.98642, 20.18346, -46.56109],
							"lerp_mode": "catmullrom"
						},
						"2.0417": {
							"post": [-87.45995, 56.20873, -90.06517],
							"lerp_mode": "catmullrom"
						},
						"2.2083": {
							"post": [-123.51862, 74.94941, -120.33092],
							"lerp_mode": "catmullrom"
						},
						"2.3333": {
							"post": [-39.93865, 70.23618, -33.76453],
							"lerp_mode": "catmullrom"
						},
						"2.5833": {
							"post": [-51.60669, 76.39716, -45.90293],
							"lerp_mode": "catmullrom"
						},
						"3.0": [-44.88254, 72.08386, -38.98723]
					}
				},
				"antenna_right2": {
					"rotation": {
						"0.0": {
							"post": [5, -1, 0],
							"lerp_mode": "catmullrom"
						},
						"0.1667": {
							"post": [-6.75, -1, 0],
							"lerp_mode": "catmullrom"
						},
						"0.3333": {
							"post": [9, -1, 0],
							"lerp_mode": "catmullrom"
						},
						"0.5833": {
							"post": [-8.49097, -1, 0],
							"lerp_mode": "catmullrom"
						},
						"0.7917": {
							"post": [-8.94078, -16.8381, 2.4677],
							"lerp_mode": "catmullrom"
						},
						"0.9583": {
							"post": [-8.65804, -8.39957, 1.13494],
							"lerp_mode": "catmullrom"
						},
						"1.2083": {
							"post": [-8.58502, -3.95037, 0.45659],
							"lerp_mode": "catmullrom"
						},
						"1.375": {
							"post": [-8.71812, -10.19604, 1.41732],
							"lerp_mode": "catmullrom"
						},
						"1.625": {
							"post": [-8.59148, -3.02837, 0.31974],
							"lerp_mode": "catmullrom"
						},
						"1.8333": {
							"post": [1.69294, -3.02837, 0.31974],
							"lerp_mode": "catmullrom"
						},
						"2.125": {
							"post": [1.69085, -1.02925, 0.37883],
							"lerp_mode": "catmullrom"
						},
						"2.5": [1.65595, -1.02829, 1.56161]
					}
				},
				"antenna_right3": {
					"rotation": {
						"2.0": [2, -5, 0],
						"2.1667": {
							"pre": [6.33446, 22.75655, 11.61478],
							"post": [6.33446, 22.75655, 11.61478],
							"lerp_mode": "catmullrom"
						},
						"2.3333": {
							"post": [6.34259, 16.53958, 11.47819],
							"lerp_mode": "catmullrom"
						},
						"2.5417": {
							"post": [6.28073, 11.81841, 10.87286],
							"lerp_mode": "catmullrom"
						},
						"2.7917": {
							"post": [6.46427, 24.71523, 11.8761],
							"lerp_mode": "catmullrom"
						},
						"3.0": [5.97202, 12.06807, 10.40892]
					}
				},
				"body": {
					"rotation": [0, 0, 0],
					"position": {
						"1.25": [0, 0, 0],
						"1.4167": [-0.85, 0, 0],
						"1.75": [-0.85, 0, 0],
						"1.875": [-3.15, 0.25, -0.65],
						"2.0833": [-5.45, -0.5, -1.3]
					}
				},
				"torso": {
					"rotation": {
						"0.0": [2.75, 3.5, 0],
						"0.125": {
							"pre": [7.17444, 3.5, 0],
							"post": [7.17444, 3.5, 0],
							"lerp_mode": "catmullrom"
						},
						"0.25": {
							"post": [18.05382, 3.5, 0],
							"lerp_mode": "catmullrom"
						},
						"0.4167": {
							"post": [19.34155, -0.44684, 11.29083],
							"lerp_mode": "catmullrom"
						},
						"0.7083": {
							"post": [21.97666, 38.48809, 0.83086],
							"lerp_mode": "catmullrom"
						},
						"0.9167": {
							"post": [-9.03556, 75.12012, -31.65423],
							"lerp_mode": "catmullrom"
						},
						"1.125": {
							"post": [-32.97895, 75.36493, -53.61833],
							"lerp_mode": "catmullrom"
						},
						"1.25": {
							"post": [6.97433, 75.56829, -12.59575],
							"lerp_mode": "catmullrom"
						},
						"1.5833": {
							"post": [40.19687, 72.00272, -0.01451],
							"lerp_mode": "catmullrom"
						},
						"1.75": {
							"post": [0.74574, 68.7512, -49.38396],
							"lerp_mode": "catmullrom"
						},
						"1.9583": {
							"post": [51.69628, 77.20199, -2.20961],
							"lerp_mode": "catmullrom"
						},
						"2.0833": {
							"post": [87.57636, 77.20199, -2.20961],
							"lerp_mode": "catmullrom"
						},
						"2.3333": {
							"post": [83.571, 77.20199, -2.20961],
							"lerp_mode": "catmullrom"
						},
						"2.7083": {
							"post": [83.571, 77.20199, -2.20961],
							"lerp_mode": "catmullrom"
						},
						"3.0": [83.5645, 77.20199, -2.20961]
					},
					"position": {
						"0.0": [0, 0, 0],
						"0.75": [0, 0, 0],
						"1.0417": [0, 0.3, 0],
						"1.25": [-0.5, 0, 0],
						"2.1667": [0, 0, 0]
					}
				},
				"arm_left2": {
					"rotation": {
						"0.0": {
							"post": [0, 11.75, 0],
							"lerp_mode": "catmullrom"
						},
						"0.2917": {
							"post": [0, 33.5, 0],
							"lerp_mode": "catmullrom"
						},
						"0.4583": {
							"post": [0, 39.25, 0],
							"lerp_mode": "catmullrom"
						},
						"1.0": {
							"post": [0, 43.25, 0],
							"lerp_mode": "catmullrom"
						},
						"1.1667": {
							"post": [0, 21, 0],
							"lerp_mode": "catmullrom"
						},
						"1.375": {
							"post": [0, 58.75, 0],
							"lerp_mode": "catmullrom"
						},
						"1.5833": {
							"post": [-4.86023, 29.06736, -9.92533],
							"lerp_mode": "catmullrom"
						},
						"1.7917": {
							"post": [-5.77913, 41.89293, -11.44274],
							"lerp_mode": "catmullrom"
						},
						"2.0": {
							"post": [0, 0, -11.25],
							"lerp_mode": "catmullrom"
						},
						"2.2083": {
							"post": [0, 0, -11.25],
							"lerp_mode": "catmullrom"
						},
						"2.5": [0, 2, -11.25]
					}
				},
				"arm_right2": {
					"rotation": {
						"0.0": {
							"post": [0, -11.75, 0],
							"lerp_mode": "catmullrom"
						},
						"0.2917": {
							"post": [0, -28.75, 0],
							"lerp_mode": "catmullrom"
						},
						"0.4583": {
							"post": [0, -28, 0],
							"lerp_mode": "catmullrom"
						},
						"0.5833": {
							"post": [0, -48.63, 0],
							"lerp_mode": "catmullrom"
						},
						"0.7917": {
							"post": [0, -32.58, 0],
							"lerp_mode": "catmullrom"
						},
						"1.0": {
							"post": [0, -57.5, 0],
							"lerp_mode": "catmullrom"
						},
						"1.1667": {
							"post": [0, -21, 0],
							"lerp_mode": "catmullrom"
						},
						"1.375": {
							"post": [0, -29.75, 0],
							"lerp_mode": "catmullrom"
						},
						"1.5833": {
							"post": [-4.86023, -29.06736, 9.92533],
							"lerp_mode": "catmullrom"
						},
						"1.7917": {
							"post": [-5.77913, -41.89293, 11.44274],
							"lerp_mode": "catmullrom"
						},
						"2.0": {
							"post": [0, 0, 11.25],
							"lerp_mode": "catmullrom"
						},
						"2.2083": {
							"post": [0, 0, 11.25],
							"lerp_mode": "catmullrom"
						},
						"2.5": [0, -2, 11.25]
					}
				},
				"head": {
					"rotation": {
						"0.0": [0, 0, 0],
						"0.125": {
							"pre": [8.75, 0, 0],
							"post": [8.75, 0, 0],
							"lerp_mode": "catmullrom"
						},
						"0.2917": {
							"post": [16.41848, -1.10145, 7.18486],
							"lerp_mode": "catmullrom"
						},
						"0.5417": {
							"post": [-6.18572, -1.73846, 11.38816],
							"lerp_mode": "catmullrom"
						},
						"0.7083": {
							"post": [8.72086, -0.16278, 1.06268],
							"lerp_mode": "catmullrom"
						},
						"0.9583": {
							"post": [20.90086, -0.16278, 1.06268],
							"lerp_mode": "catmullrom"
						},
						"1.1667": {
							"post": [4.52049, -0.16278, 1.06268],
							"lerp_mode": "catmullrom"
						},
						"1.3333": {
							"post": [13.7117, -0.74383, 8.45049],
							"lerp_mode": "catmullrom"
						},
						"1.5": {
							"post": [-3.98022, -0.74383, 8.45049],
							"lerp_mode": "catmullrom"
						},
						"1.6667": {
							"post": [33.09498, -0.30649, 5.53846],
							"lerp_mode": "catmullrom"
						},
						"1.7917": {
							"post": [33.80974, -0.09501, 4.1303],
							"lerp_mode": "catmullrom"
						},
						"1.875": {
							"post": [-3.94805, -0.00122, 3.5058],
							"lerp_mode": "catmullrom"
						},
						"2.0833": {
							"post": [-28.94805, -0.00122, 3.5058],
							"lerp_mode": "catmullrom"
						},
						"2.1667": {
							"post": [-1.66395, -0.00122, 3.5058],
							"lerp_mode": "catmullrom"
						},
						"2.2917": {
							"post": [-2.07778, -0.00122, 3.5058],
							"lerp_mode": "catmullrom"
						},
						"2.4583": {
							"post": [0.97691, -0.00122, 3.5058],
							"lerp_mode": "catmullrom"
						},
						"2.75": {
							"post": [0.75494, -0.00122, 3.5058],
							"lerp_mode": "catmullrom"
						},
						"3.0": [-0.14506, -0.00122, 3.5058]
					}
				},
				"pupil_left": {
					"position": {
						"0.0": [0, 0, 0],
						"0.1667": {"pre": [0, 0, 0], "post": [0.33, 0, 0]},
						"0.5": [0.33, 0, 0],
						"0.5417": {"pre": [0.33, 0, 0], "post": [-0.37, 0, 0]},
						"0.7917": [-0.37, 0, 0],
						"0.875": {"pre": [-0.37, 0, 0], "post": [0, 0.3, 0]},
						"1.2917": [0, 0.3, 0],
						"1.3333": {"pre": [0, 0.3, 0], "post": [0, -0.3, 0]},
						"1.5": [0, -0.3, 0],
						"1.5833": {"pre": [0, -0.3, 0], "post": [0, 0, 0]}
					}
				},
				"eyelid_left": {
					"position": {
						"0.0": [0, 0, 0],
						"0.0417": [0, 0, -0.1],
						"0.25": [0, 0, -0.1],
						"0.2917": [0, 0, 0],
						"0.625": [0, 0, 0],
						"0.6667": [0, 0, -0.1],
						"0.875": [0, 0, -0.1],
						"0.9167": [0, 0, 0],
						"1.2083": [0, 0, 0],
						"1.25": [0, 0, -0.1],
						"1.3333": [0, 0, -0.1],
						"1.375": [0, 0, 0],
						"1.4167": [0, 0, 0],
						"1.7083": [0, 0, 0],
						"1.75": [0, 0, -0.1]
					}
				},
				"pupil_right": {
					"position": {
						"0.0": [0, 0, 0],
						"0.1667": {"pre": [0, 0, 0], "post": [0.33, 0, 0]},
						"0.5": [0.33, 0, 0],
						"0.5417": {"pre": [0.33, 0, 0], "post": [-0.37, 0, 0]},
						"0.7917": [-0.37, 0, 0],
						"0.875": {"pre": [-0.37, 0, 0], "post": [0, 0.3, 0]},
						"1.2917": [0, 0.3, 0],
						"1.3333": {"pre": [0, 0.3, 0], "post": [0, -0.3, 0]},
						"1.5": [0, -0.3, 0],
						"1.5833": {"pre": [0, -0.3, 0], "post": [0, 0, 0]}
					}
				},
				"eyelid_right": {
					"position": {
						"0.0": [0, 0, 0],
						"0.0417": [0, 0, -0.1],
						"0.25": [0, 0, -0.1],
						"0.2917": [0, 0, 0],
						"0.625": [0, 0, 0],
						"0.6667": [0, 0, -0.1],
						"0.875": [0, 0, -0.1],
						"0.9167": [0, 0, 0],
						"1.2083": [0, 0, 0],
						"1.25": [0, 0, -0.1],
						"1.3333": [0, 0, -0.1],
						"1.375": [0, 0, 0],
						"1.4167": [0, 0, 0],
						"1.7083": [0, 0, 0],
						"1.75": [0, 0, -0.1]
					}
				},
				"mouth_open": {
					"position": {
						"1.75": [0, 0, -0.075],
						"1.7917": [0, 0, -0.125],
						"2.0833": [0, 0, -0.125],
						"2.125": [0, 0, -0.075]
					}
				},
				"antenna_left3": {
					"rotation": {
						"2.0": [2, 5, 0],
						"2.1667": {
							"pre": [6.33446, -22.75655, -11.61478],
							"post": [6.33446, -22.75655, -11.61478],
							"lerp_mode": "catmullrom"
						},
						"2.3333": {
							"post": [6.44153, -19.27249, -11.7999],
							"lerp_mode": "catmullrom"
						},
						"2.5417": {
							"post": [6.28073, -11.81841, -10.87286],
							"lerp_mode": "catmullrom"
						},
						"2.7917": {
							"post": [6.46427, -24.71523, -11.8761],
							"lerp_mode": "catmullrom"
						},
						"3.0": [5.97202, -12.06807, -10.40892]
					}
				},
				"leg_left": {
					"rotation": {
						"0.7917": [0, 0, 0],
						"0.9167": {
							"pre": [23.1, 29.2, 0],
							"post": [23.1, 29.2, 0],
							"lerp_mode": "catmullrom"
						},
						"1.0833": {
							"post": [-14.75, 73, 0],
							"lerp_mode": "catmullrom"
						},
						"1.25": [0, 72, 0],
						"1.5": [0, 72, 0],
						"1.6667": {
							"pre": [48, 72, 0],
							"post": [48, 72, 0],
							"lerp_mode": "catmullrom"
						},
						"1.875": {
							"post": [84.84527, 72, 0],
							"lerp_mode": "catmullrom"
						},
						"2.0": {
							"post": [123.36603, 74.81, 0.61972],
							"lerp_mode": "catmullrom"
						},
						"2.2083": {
							"post": [98.17833, 83.24, 2.47888],
							"lerp_mode": "catmullrom"
						},
						"2.3333": {
							"post": [93.07833, 83.24, 2.47888],
							"lerp_mode": "catmullrom"
						},
						"3.0": [93.07833, 83.24, 2.47888]
					},
					"position": {
						"0.7917": [0, 0, 0],
						"0.9167": {
							"pre": [-0.925, 0.025, -0.32],
							"post": [-0.925, 0.025, -0.32],
							"lerp_mode": "catmullrom"
						},
						"1.0833": {
							"post": [-1.48, 0.78, 0.165],
							"lerp_mode": "catmullrom"
						},
						"1.25": [-1.925, 0, 0.25],
						"1.4167": [-1.075, 0, 0.25],
						"1.5": [-1.075, 0, 0.25],
						"1.6667": {
							"pre": [-1.1, -0.275, 0.25],
							"post": [-1.1, -0.275, 0.25],
							"lerp_mode": "catmullrom"
						},
						"1.875": {
							"post": [-0.175, -0.595, 0.25],
							"lerp_mode": "catmullrom"
						},
						"2.0": {
							"post": [0.525, -0.895, 0.25],
							"lerp_mode": "catmullrom"
						},
						"2.125": {
							"post": [-0.675, -1.195, 0.25],
							"lerp_mode": "catmullrom"
						},
						"2.3333": {
							"post": [-0.675, -1.195, 0.25],
							"lerp_mode": "catmullrom"
						},
						"3.0": [-0.675, -1.195, 0.25]
					}
				},
				"leg_left2": {
					"rotation": {
						"0.7917": [0, 0, 0],
						"0.9167": {
							"pre": [12.75, 0, 0],
							"post": [12.75, 0, 0],
							"lerp_mode": "catmullrom"
						},
						"1.0833": {
							"post": [13.5, 0, 0],
							"lerp_mode": "catmullrom"
						},
						"1.25": [0, 0, 0],
						"1.5833": [0, 0, 0],
						"1.7917": {
							"pre": [17.5, 0, 0],
							"post": [17.5, 0, 0],
							"lerp_mode": "catmullrom"
						},
						"1.9167": {
							"post": [13.75, 0, 0],
							"lerp_mode": "catmullrom"
						},
						"2.0833": [0, 0, 0]
					}
				},
				"leg_right": {
					"rotation": {
						"0.3333": [0, 0, 0],
						"0.5": {
							"pre": [1.70145, 33.85077, -0.75709],
							"post": [1.70145, 33.85077, -0.75709],
							"lerp_mode": "catmullrom"
						},
						"0.6667": {
							"post": [-11.42441, 59.1703, 0],
							"lerp_mode": "catmullrom"
						},
						"0.7917": [0, 63.25, 0],
						"1.25": [0, 63.25, 0],
						"1.3333": {
							"pre": [17.75, 63.25, 0],
							"post": [17.75, 63.25, 0],
							"lerp_mode": "catmullrom"
						},
						"1.5": {
							"post": [-16.5, 63.25, 0],
							"lerp_mode": "catmullrom"
						},
						"1.5833": [0, 63.25, 0],
						"1.75": [0, 63.25, 0],
						"1.875": {
							"pre": [88.30994, 65.05205, -11.25651],
							"post": [88.30994, 65.05205, -11.25651],
							"lerp_mode": "catmullrom"
						},
						"2.0": {
							"post": [114.40125, 63.25, 0],
							"lerp_mode": "catmullrom"
						},
						"2.2083": {
							"post": [95.21112, 66.15538, 1.1251],
							"lerp_mode": "catmullrom"
						},
						"2.3333": {
							"post": [90.05125, 63.25, 0],
							"lerp_mode": "catmullrom"
						},
						"3.0": [90.05125, 63.25, 0]
					},
					"position": {
						"0.3333": [0, 0, 0],
						"0.5": {
							"pre": [-1.295, 0.58, -0.295],
							"post": [-1.295, 0.58, -0.295],
							"lerp_mode": "catmullrom"
						},
						"0.6667": {
							"post": [-1.63, 0.72, 0.46],
							"lerp_mode": "catmullrom"
						},
						"0.7917": [-1.88, 0, 0.825],
						"1.25": [-1.88, 0, 0.825],
						"1.4167": {
							"pre": [-0.98, 0.325, 0.83],
							"post": [-0.98, 0.325, 0.83],
							"lerp_mode": "catmullrom"
						},
						"1.5": {
							"post": [-1.48, 0.61, 0.83],
							"lerp_mode": "catmullrom"
						},
						"1.5833": [-2.455, 0, 0.525],
						"1.75": [-2.455, 0, 0.525],
						"1.875": {
							"pre": [0.11, -0.81, 1.69],
							"post": [0.11, -0.81, 1.69],
							"lerp_mode": "catmullrom"
						},
						"2.0": {
							"post": [0.19, -0.84, 1.69],
							"lerp_mode": "catmullrom"
						},
						"2.125": {
							"post": [-1, -1.11, 1.48],
							"lerp_mode": "catmullrom"
						},
						"2.3333": {
							"post": [-1, -1.11, 1.48],
							"lerp_mode": "catmullrom"
						},
						"3.0": [-1, -1.11, 1.48]
					}
				},
				"leg_right2": {
					"rotation": {
						"0.3333": [0, 0, 0],
						"0.5": [11.18, 0, 0],
						"0.6667": [0, 0, 0],
						"1.25": [0, 0, 0],
						"1.3333": {
							"pre": [12.25, 0, 0],
							"post": [12.25, 0, 0],
							"lerp_mode": "catmullrom"
						},
						"1.5": {
							"post": [5.5, 0, 0],
							"lerp_mode": "catmullrom"
						},
						"1.5833": {
							"post": [0, 0, 0],
							"lerp_mode": "catmullrom"
						},
						"1.75": {
							"post": [0, 0, 0],
							"lerp_mode": "catmullrom"
						},
						"1.8333": {
							"post": [9.25, 0, 0],
							"lerp_mode": "catmullrom"
						},
						"2.0": {
							"post": [9.25, 0, 0],
							"lerp_mode": "catmullrom"
						},
						"2.1667": [0, 0, 0]
					}
				}
			}
		},
		"animation.gimmighoul_roaming.blink": {
			"animation_length": 0.1667,
			"bones": {
				"eyelid_left": {
					"position": {
						"0.0": [0, 0, -0.1],
						"0.125": [0, 0, -0.1],
						"0.1667": [0, 0, 0]
					}
				},
				"eyelid_right": {
					"position": {
						"0.0": [0, 0, -0.1],
						"0.125": [0, 0, -0.1],
						"0.1667": [0, 0, 0]
					}
				}
			}
		},
		"animation.gimmighoul_roaming.cry": {
			"animation_length": 3,
			"bones": {
				"torso": {
					"rotation": {
						"0.0": {
							"post": [0, 0, 0],
							"lerp_mode": "catmullrom"
						},
						"0.125": {
							"post": [4.25, 0, 0],
							"lerp_mode": "catmullrom"
						},
						"0.3333": {
							"post": [0.99966, 0.02618, -1.49977],
							"lerp_mode": "catmullrom"
						},
						"0.5": {
							"post": [0.99905, -0.04362, 2.49962],
							"lerp_mode": "catmullrom"
						},
						"0.7083": {
							"post": [4.99923, 0.03926, -2.24966],
							"lerp_mode": "catmullrom"
						},
						"1.0": {
							"post": [5.49923, 0.03926, -2.24966],
							"lerp_mode": "catmullrom"
						},
						"1.2083": {
							"post": [1.99923, 0.03926, -2.24966],
							"lerp_mode": "catmullrom"
						},
						"1.5833": {
							"post": [0.76039, -0.05771, 2.63338],
							"lerp_mode": "catmullrom"
						},
						"2.0417": {
							"post": [0, 0, 0.125],
							"lerp_mode": "catmullrom"
						},
						"2.5": {
							"post": [0, 0, 0],
							"lerp_mode": "catmullrom"
						}
					}
				},
				"arm_left": {
					"rotation": {
						"0.75": {
							"pre": [0, 0, 0],
							"post": [0, 0, 0],
							"lerp_mode": "catmullrom"
						},
						"1.125": {
							"post": [0, -8.5, 0],
							"lerp_mode": "catmullrom"
						},
						"1.5": {
							"post": [0, 10.75, 0],
							"lerp_mode": "catmullrom"
						},
						"2.2083": {
							"post": [0, 0.75, 0],
							"lerp_mode": "catmullrom"
						},
						"2.5": {
							"post": [0, 0, 0],
							"lerp_mode": "catmullrom"
						}
					}
				},
				"arm_left2": {
					"rotation": {
						"0.8333": {
							"pre": [0, 0, 0],
							"post": [0, 0, 0],
							"lerp_mode": "catmullrom"
						},
						"1.2083": {
							"post": [0, 0, 0],
							"lerp_mode": "catmullrom"
						},
						"1.9167": {
							"post": [0, 10.75, 0],
							"lerp_mode": "catmullrom"
						},
						"2.2917": {
							"post": [0, 0.75, 0],
							"lerp_mode": "catmullrom"
						},
						"2.5": {
							"post": [0, 0, 0],
							"lerp_mode": "catmullrom"
						}
					}
				},
				"arm_right": {
					"rotation": {
						"0.75": {
							"pre": [0, 0, 0],
							"post": [0, 0, 0],
							"lerp_mode": "catmullrom"
						},
						"1.125": {
							"post": [0, 8.5, 0],
							"lerp_mode": "catmullrom"
						},
						"1.5": {
							"post": [0, -10.75, 0],
							"lerp_mode": "catmullrom"
						},
						"2.2083": {
							"post": [0, -0.75, 0],
							"lerp_mode": "catmullrom"
						},
						"2.5": {
							"post": [0, 0, 0],
							"lerp_mode": "catmullrom"
						}
					}
				},
				"arm_right2": {
					"rotation": {
						"0.8333": {
							"pre": [0, 0, 0],
							"post": [0, 0, 0],
							"lerp_mode": "catmullrom"
						},
						"1.2083": {
							"post": [0, 0, 0],
							"lerp_mode": "catmullrom"
						},
						"1.9167": {
							"post": [0, -10.75, 0],
							"lerp_mode": "catmullrom"
						},
						"2.2917": {
							"post": [0, -0.75, 0],
							"lerp_mode": "catmullrom"
						},
						"2.5": {
							"post": [0, 0, 0],
							"lerp_mode": "catmullrom"
						}
					}
				},
				"head": {
					"rotation": {
						"0.0": {
							"post": [0, 0, 0],
							"lerp_mode": "catmullrom"
						},
						"0.1667": {
							"post": [6, 0, 0],
							"lerp_mode": "catmullrom"
						},
						"0.375": {
							"post": [1.98362, 0.44384, -4.2268],
							"lerp_mode": "catmullrom"
						},
						"0.5833": {
							"post": [2.02715, 0.09865, 5.5924],
							"lerp_mode": "catmullrom"
						},
						"0.7917": {
							"post": [5.5736, 0.29814, 0.51465],
							"lerp_mode": "catmullrom"
						},
						"1.0417": {
							"post": [1.0736, 0.29814, 0.51465],
							"lerp_mode": "catmullrom"
						},
						"1.2083": {
							"post": [4.8236, 0.29814, 0.51465],
							"lerp_mode": "catmullrom"
						},
						"1.75": {
							"post": [1.99363, 0.21656, 3.24648],
							"lerp_mode": "catmullrom"
						},
						"2.125": {
							"post": [0, 0, 0],
							"lerp_mode": "catmullrom"
						},
						"2.5": {
							"post": [0, 0, 0],
							"lerp_mode": "catmullrom"
						}
					}
				},
				"eyelid_left": {
					"position": {
						"0.0833": [0, 0, 0],
						"0.125": [0, 0, -0.125],
						"0.2083": [0, 0, -0.125],
						"0.25": [0, 0, 0],
						"0.875": [0, 0, 0],
						"0.9167": [0, 0, -0.125],
						"1.125": [0, 0, -0.125],
						"1.1667": [0, 0, 0]
					}
				},
				"eyelid_right": {
					"position": {
						"0.0833": [0, 0, 0],
						"0.125": [0, 0, -0.125],
						"0.2083": [0, 0, -0.125],
						"0.25": [0, 0, 0],
						"0.875": [0, 0, 0],
						"0.9167": [0, 0, -0.125],
						"1.125": [0, 0, -0.125],
						"1.1667": [0, 0, 0]
					}
				},
				"mouth_closed": {
					"position": {
						"0.1667": [0, 0, 0],
						"0.2083": {"pre": [0, 0, 0], "post": [0, 0, 0.05]},
						"0.2917": {"pre": [0, 0, 0.05], "post": [0, 0, 0]},
						"0.3333": {"pre": [0, 0, 0], "post": [0, 0, 0.05]},
						"0.4167": {"pre": [0, 0, 0.05], "post": [0, 0, 0]},
						"0.4583": {"pre": [0, 0, 0], "post": [0, 0, 0.05]},
						"0.5417": {"pre": [0, 0, 0.05], "post": [0, 0, 0]},
						"0.5833": {"pre": [0, 0, 0], "post": [0, 0, 0.05]},
						"0.6667": {"pre": [0, 0, 0.05], "post": [0, 0, 0]},
						"0.9167": {"pre": [0, 0, 0], "post": [0, 0, 0.05]},
						"1.0417": {"pre": [0, 0, 0.05], "post": [0, 0, 0]},
						"1.1667": {"pre": [0, 0, 0], "post": [0, 0, 0.05]},
						"1.3333": {"pre": [0, 0, 0.05], "post": [0, 0, 0]}
					}
				},
				"mouth_open": {
					"rotation": {
						"0.1667": [0, 0, 0],
						"0.2083": {"pre": [0, 0, 0], "post": [2, 0, 0]},
						"0.2917": {"pre": [2, 0, 0], "post": [0, 0, 0]},
						"0.6667": [0, 0, 0]
					},
					"position": {
						"0.1667": [0, 0, 0],
						"0.2083": {"pre": [0, 0, 0], "post": [0, 0, -0.1]},
						"0.2917": {"pre": [0, 0, -0.1], "post": [0, 0, 0]},
						"0.3333": {"pre": [0, 0, 0], "post": [0, -0.15, -0.1]},
						"0.4167": {"pre": [0, -0.15, -0.1], "post": [0, 0, 0]},
						"0.4583": {"pre": [0, 0, 0], "post": [0, 0, -0.1]},
						"0.5417": {"pre": [0, 0, -0.1], "post": [0, 0, 0]},
						"0.5833": {"pre": [0, 0, 0], "post": [-0.075, -0.25, -0.1]},
						"0.6667": {"pre": [-0.075, -0.25, -0.1], "post": [0, 0, 0]},
						"0.9167": {"pre": [0, 0, 0], "post": [-0.075, -0.25, -0.1]},
						"1.0417": {"pre": [-0.075, -0.25, -0.1], "post": [0, 0, 0]},
						"1.1667": {"pre": [0, 0, 0], "post": [0, 0, -0.1]},
						"1.3333": {"pre": [0, 0, -0.1], "post": [0, 0, 0]}
					}
				},
				"antenna_left": {
					"rotation": {
						"0.0": {
							"post": [0, 0, 0],
							"lerp_mode": "catmullrom"
						},
						"0.1667": {
							"post": [0, -1.95468, 5.13141],
							"lerp_mode": "catmullrom"
						},
						"0.4167": {
							"post": [-0.15636, 6.32543, -6.22704],
							"lerp_mode": "catmullrom"
						},
						"0.5833": {
							"post": [0, -1.95468, 5.13141],
							"lerp_mode": "catmullrom"
						},
						"0.8333": [-0.00303, 2.33063, -2.46302],
						"1.1667": [-0.00303, 2.33063, -2.46302],
						"1.4583": {
							"pre": [0, 0, 0],
							"post": [0, 0, 0],
							"lerp_mode": "catmullrom"
						},
						"1.7083": {
							"post": [0, -1.95468, 5.13141],
							"lerp_mode": "catmullrom"
						},
						"2.0": {
							"post": [0, 0, 0],
							"lerp_mode": "catmullrom"
						}
					}
				},
				"antenna_left2": {
					"rotation": {
						"0.0833": {
							"pre": [0, 0, 0],
							"post": [0, 0, 0],
							"lerp_mode": "catmullrom"
						},
						"0.25": {
							"post": [2, -1.95468, 5.13141],
							"lerp_mode": "catmullrom"
						},
						"0.5": {
							"post": [-2.15636, 6.32543, -6.22704],
							"lerp_mode": "catmullrom"
						},
						"0.6667": {
							"post": [2, -1.95468, 5.13141],
							"lerp_mode": "catmullrom"
						},
						"0.9167": {
							"post": [1.99697, 2.33063, -2.46302],
							"lerp_mode": "catmullrom"
						},
						"1.25": {
							"post": [1.99697, 2.33063, -2.46302],
							"lerp_mode": "catmullrom"
						},
						"1.5417": {
							"post": [0, 0, 0],
							"lerp_mode": "catmullrom"
						},
						"1.7917": {
							"post": [0, -1.95468, 5.13141],
							"lerp_mode": "catmullrom"
						},
						"2.0833": {
							"post": [0, 0, 0],
							"lerp_mode": "catmullrom"
						}
					}
				},
				"antenna_right": {
					"rotation": {
						"0.0": {
							"post": [0, 0, 0],
							"lerp_mode": "catmullrom"
						},
						"0.1667": {
							"post": [0, -1.95468, 5.13141],
							"lerp_mode": "catmullrom"
						},
						"0.4167": {
							"post": [-0.15636, 6.32543, -6.22704],
							"lerp_mode": "catmullrom"
						},
						"0.5833": {
							"post": [0, -1.95468, 5.13141],
							"lerp_mode": "catmullrom"
						},
						"0.8333": [-0.00303, 2.33063, -2.46302],
						"1.1667": [-0.00303, 2.33063, -2.46302],
						"1.4583": {
							"pre": [0, 0, 0],
							"post": [0, 0, 0],
							"lerp_mode": "catmullrom"
						},
						"1.7083": {
							"post": [0, -1.95468, 5.13141],
							"lerp_mode": "catmullrom"
						},
						"2.0": {
							"post": [0, 0, 0],
							"lerp_mode": "catmullrom"
						}
					}
				},
				"antenna_right2": {
					"rotation": {
						"0.0833": {
							"pre": [0, 0, 0],
							"post": [0, 0, 0],
							"lerp_mode": "catmullrom"
						},
						"0.25": {
							"post": [2, -1.95468, 5.13141],
							"lerp_mode": "catmullrom"
						},
						"0.5": {
							"post": [-2.15636, 6.32543, -6.22704],
							"lerp_mode": "catmullrom"
						},
						"0.6667": {
							"post": [2, -1.95468, 5.13141],
							"lerp_mode": "catmullrom"
						},
						"0.9167": {
							"post": [1.99697, 2.33063, -2.46302],
							"lerp_mode": "catmullrom"
						},
						"1.25": {
							"post": [1.99697, 2.33063, -2.46302],
							"lerp_mode": "catmullrom"
						},
						"1.5417": {
							"post": [0, 0, 0],
							"lerp_mode": "catmullrom"
						},
						"1.7917": {
							"post": [0, -1.95468, 5.13141],
							"lerp_mode": "catmullrom"
						},
						"2.0833": {
							"post": [0, 0, 0],
							"lerp_mode": "catmullrom"
						}
					}
				},
				"tail2": {
					"rotation": {
						"0.6667": {
							"pre": [0, 0, 0],
							"post": [0, 0, 0],
							"lerp_mode": "catmullrom"
						},
						"0.75": {
							"post": [0, 0, 2.75],
							"lerp_mode": "catmullrom"
						},
						"0.8333": {
							"post": [0, 0, -2.875],
							"lerp_mode": "catmullrom"
						},
						"0.9167": {
							"post": [0, 0, 2.5],
							"lerp_mode": "catmullrom"
						},
						"1.0": {
							"post": [0, 0, -1.4],
							"lerp_mode": "catmullrom"
						},
						"1.0833": {
							"post": [0, 0, 1.625],
							"lerp_mode": "catmullrom"
						},
						"1.1667": {
							"post": [0, 0, -1.9],
							"lerp_mode": "catmullrom"
						},
						"1.25": {
							"post": [0, 0, 1.85],
							"lerp_mode": "catmullrom"
						},
						"1.3333": {
							"post": [0, 0, -1.575],
							"lerp_mode": "catmullrom"
						},
						"1.4167": {
							"post": [0, 0, 1.45],
							"lerp_mode": "catmullrom"
						},
						"1.5": {
							"post": [0, 0, -1.175],
							"lerp_mode": "catmullrom"
						},
						"1.5833": {
							"post": [0, 0, 0.95],
							"lerp_mode": "catmullrom"
						},
						"1.75": {
							"post": [0, 0, -1.4],
							"lerp_mode": "catmullrom"
						},
						"1.9167": {
							"post": [0, 0, 0.85],
							"lerp_mode": "catmullrom"
						},
						"2.1667": {
							"post": [0, 0, 0],
							"lerp_mode": "catmullrom"
						}
					}
				},
				"coin": {
					"rotation": {
						"0.6667": {
							"pre": [0, 0, 0],
							"post": [0, 0, 0],
							"lerp_mode": "catmullrom"
						},
						"0.75": {
							"post": [0, 0, 2.75],
							"lerp_mode": "catmullrom"
						},
						"0.8333": {
							"post": [0, 0, -2.875],
							"lerp_mode": "catmullrom"
						},
						"0.9167": {
							"post": [0, 0, 2.5],
							"lerp_mode": "catmullrom"
						},
						"1.0": {
							"post": [0, 0, -1.4],
							"lerp_mode": "catmullrom"
						},
						"1.0833": {
							"post": [0, 0, 1.625],
							"lerp_mode": "catmullrom"
						},
						"1.1667": {
							"post": [0, 0, -1.9],
							"lerp_mode": "catmullrom"
						},
						"1.25": {
							"post": [0, 0, 1.85],
							"lerp_mode": "catmullrom"
						},
						"1.3333": {
							"post": [0, 0, -1.575],
							"lerp_mode": "catmullrom"
						},
						"1.4167": {
							"post": [0, 0, 1.45],
							"lerp_mode": "catmullrom"
						},
						"1.5": {
							"post": [0, 0, -1.175],
							"lerp_mode": "catmullrom"
						},
						"1.5833": {
							"post": [0, 0, 0.95],
							"lerp_mode": "catmullrom"
						},
						"1.75": {
							"post": [0, 0, -1.4],
							"lerp_mode": "catmullrom"
						},
						"1.9167": {
							"post": [0, 0, 0.85],
							"lerp_mode": "catmullrom"
						},
						"2.1667": {
							"post": [0, 0, 0],
							"lerp_mode": "catmullrom"
						}
					}
				}
			},
			"sound_effects": {
				"0.1667": {
					"effect": "pokemon.gimmighoul.cry"
				}
			}
		},
		"animation.gimmighoul_roaming.shoulder_left": {
			"loop": true,
			"bones": {
				"body": {
					"position": [0, -1.5, 0]
				},
				"torso": {
					"rotation": ["-2.75+0.5*math.cos(q.anim_time*90*3-60)*1", 0, "1.5*math.cos(q.anim_time*90*1.5)*1"],
					"position": [0, "-0.03*math.cos(q.anim_time*90*3-30)*1", 0]
				},
				"arm_left": {
					"rotation": [2.15171, 34.37392, "14.4308-3*math.cos(q.anim_time*90*1.5-60)*1"],
					"position": [-0.1, 0, 0]
				},
				"arm_left2": {
					"rotation": [0, 47, 0]
				},
				"arm_right": {
					"rotation": [2.15171, -34.37392, "-14.4308-3*math.cos(q.anim_time*90*1.5-60)*1"],
					"position": [0.1, 0, 0]
				},
				"arm_right2": {
					"rotation": [0, -47, 0]
				},
				"head": {
					"rotation": ["1*math.cos(q.anim_time*90*3-120)*1", 0.3237, "0.5*math.cos(q.anim_time*90*1.5-120)*1"]
				},
				"antenna_left": {
					"rotation": ["0.0955+0.5*math.cos(q.anim_time*90*3-150)*1", "-26.0001-1*math.cos(q.anim_time*90*1.5-60)*1", -0.15823]
				},
				"antenna_left2": {
					"rotation": ["10+0.75*math.cos(q.anim_time*90*3-180)*1", "-1*math.cos(q.anim_time*90*1.5-90)*1", 0]
				},
				"antenna_left3": {
					"rotation": ["1*math.cos(q.anim_time*90*3-210)*1", "-5*math.cos(q.anim_time*90*1.5-90)*1", 0]
				},
				"antenna_right": {
					"rotation": ["0.0955+0.5*math.cos(q.anim_time*90*3-150)*1", "26.0001-1*math.cos(q.anim_time*90*1.5-60)*1", 0.15823]
				},
				"antenna_right2": {
					"rotation": ["10+0.75*math.cos(q.anim_time*90*3-180)*1", "-1*math.cos(q.anim_time*90*1.5-90)*1", 0]
				},
				"antenna_right3": {
					"rotation": ["1*math.cos(q.anim_time*90*3-210)*1", "-5*math.cos(q.anim_time*90*1.5-90)*1", 0]
				},
				"tail": {
					"rotation": ["-5-0.5*math.cos(q.anim_time*90*3-90)*1", 0, "1*math.cos(q.anim_time*90*1.5-50)*1"]
				},
				"tail2": {
					"rotation": ["-0.5*math.cos(q.anim_time*90*3-140)*1", 0, "1*math.cos(q.anim_time*90*1.5-90)*1"]
				},
				"tail3": {
					"rotation": ["-0.5*math.cos(q.anim_time*90*3-170)*1", 0, "1*math.cos(q.anim_time*90*1.5-150)*1"]
				},
				"coin": {
					"rotation": [-180, -360, "360-2.5*math.cos(q.anim_time*90*1.5-60)*1"],
					"position": [0, 3.1, -6.6]
				},
				"leg_left": {
					"rotation": [-91.02629, -12.99798, 0.23086],
					"position": [0.175, 1.625, -0.075]
				},
				"leg_right": {
					"rotation": [-91.02629, 12.99798, -0.23086],
					"position": [-0.175, 1.625, -0.075]
				}
			}
		},
		"animation.gimmighoul_roaming.shoulder_right": {
			"loop": true,
			"bones": {
				"body": {
					"position": [0, -1.5, 0]
				},
				"torso": {
					"rotation": ["-2.75+0.5*math.cos(q.anim_time*90*3-60)*1", 0, "-1.5*math.cos(q.anim_time*90*1.5)*1"],
					"position": [0, "-0.03*math.cos(q.anim_time*90*3-30)*1", 0]
				},
				"arm_left": {
					"rotation": [2.15171, 34.37392, "14.4308+3*math.cos(q.anim_time*90*1.5-60)*1"],
					"position": [-0.1, 0, 0]
				},
				"arm_left2": {
					"rotation": [0, 47, 0]
				},
				"arm_right": {
					"rotation": [2.15171, -34.37392, "-14.4308+3*math.cos(q.anim_time*90*1.5-60)*1"],
					"position": [0.1, 0, 0]
				},
				"arm_right2": {
					"rotation": [0, -47, 0]
				},
				"head": {
					"rotation": ["1*math.cos(q.anim_time*90*3-120)*1", 0.3237, "-0.5*math.cos(q.anim_time*90*1.5-120)*1"]
				},
				"antenna_left": {
					"rotation": ["0.0955+0.5*math.cos(q.anim_time*90*3-150)*1", "-26.0001+1*math.cos(q.anim_time*90*1.5-60)*1", -0.15823]
				},
				"antenna_left2": {
					"rotation": ["10+0.75*math.cos(q.anim_time*90*3-180)*1", "-1*math.cos(q.anim_time*90*1.5-90)*1", 0]
				},
				"antenna_left3": {
					"rotation": ["1*math.cos(q.anim_time*90*3-210)*1", "5*math.cos(q.anim_time*90*1.5-90)*1", 0]
				},
				"antenna_right": {
					"rotation": ["0.0955+0.5*math.cos(q.anim_time*90*3-150)*1", "26.0001+1*math.cos(q.anim_time*90*1.5-60)*1", 0.15823]
				},
				"antenna_right2": {
					"rotation": ["10+0.75*math.cos(q.anim_time*90*3-180)*1", "1*math.cos(q.anim_time*90*1.5-90)*1", 0]
				},
				"antenna_right3": {
					"rotation": ["1*math.cos(q.anim_time*90*3-210)*1", "5*math.cos(q.anim_time*90*1.5-90)*1", 0]
				},
				"tail": {
					"rotation": ["-5-0.5*math.cos(q.anim_time*90*3-90)*1", 0, "-1*math.cos(q.anim_time*90*1.5-50)*1"]
				},
				"tail2": {
					"rotation": ["-0.5*math.cos(q.anim_time*90*3-140)*1", 0, "-1*math.cos(q.anim_time*90*1.5-90)*1"]
				},
				"tail3": {
					"rotation": ["-0.5*math.cos(q.anim_time*90*3-170)*1", 0, "-1*math.cos(q.anim_time*90*1.5-150)*1"]
				},
				"coin": {
					"rotation": [-180, -360, "360+2.5*math.cos(q.anim_time*90*1.5-60)*1"],
					"position": [0, 3.1, -6.6]
				},
				"leg_left": {
					"rotation": [-91.02629, -12.99798, 0.23086],
					"position": [0.175, 1.625, -0.075]
				},
				"leg_right": {
					"rotation": [-91.02629, 12.99798, -0.23086],
					"position": [-0.175, 1.625, -0.075]
				}
			}
		},
		"animation.gimmighoul_roaming.idle_quirk": {
			"animation_length": 5,
			"bones": {
				"torso": {
					"rotation": {
						"0.0": {
							"post": [0, 0, 0],
							"lerp_mode": "catmullrom"
						},
						"0.2083": {
							"post": [4.96383, 3.72586, 0.42511],
							"lerp_mode": "catmullrom"
						},
						"0.5417": {
							"post": [4.78735, 14.51591, 2.32832],
							"lerp_mode": "catmullrom"
						},
						"1.5": {
							"post": [1.88452, 15.06988, 2.2484],
							"lerp_mode": "catmullrom"
						},
						"1.9167": {
							"post": [0.51807, -10.56922, 1.6026],
							"lerp_mode": "catmullrom"
						},
						"2.2917": {
							"post": [-3.37997, -16.14298, 0.13388],
							"lerp_mode": "catmullrom"
						},
						"2.8333": {
							"post": [-3.12997, -14.54298, 1.13388],
							"lerp_mode": "catmullrom"
						},
						"3.375": {
							"post": [0, -0.6, 0],
							"lerp_mode": "catmullrom"
						},
						"4.0": {
							"post": [0, 0, 0],
							"lerp_mode": "catmullrom"
						}
					}
				},
				"head": {
					"rotation": {
						"0.0": {
							"post": [0, 0, 0],
							"lerp_mode": "catmullrom"
						},
						"0.625": {
							"post": [-1.82487, 15.2, 0],
							"lerp_mode": "catmullrom"
						},
						"1.375": {
							"post": [-1.80286, 18.95899, 0.06783],
							"lerp_mode": "catmullrom"
						},
						"1.625": {
							"post": [-1.81985, 11.39486, 0.27812],
							"lerp_mode": "catmullrom"
						},
						"2.0417": {
							"post": [-1.9831, -16.32834, 1.27226],
							"lerp_mode": "catmullrom"
						},
						"2.3333": {
							"post": [-14.40303, -11.02237, -0.09691],
							"lerp_mode": "catmullrom"
						},
						"2.75": {
							"post": [-18.0331, -8.52834, 1.97226],
							"lerp_mode": "catmullrom"
						},
						"3.25": {
							"post": [1.2594, 0.66272, -0.32843],
							"lerp_mode": "catmullrom"
						},
						"4.0": {
							"post": [0, 0, 0],
							"lerp_mode": "catmullrom"
						}
					}
				},
				"pupil_left": {
					"position": {
						"0.0": [0, 0, 0],
						"0.25": [0, 0, 0],
						"0.3333": {"pre": [0, 0, 0], "post": [-0.345, 0, 0]},
						"1.0833": [-0.345, 0, 0],
						"1.125": {"pre": [-0.345, 0, 0], "post": [-0.175, 0, 0]},
						"1.625": [-0.175, 0, 0],
						"1.75": {"pre": [-0.175, 0, 0], "post": [0.21, 0.02, 0]},
						"2.0833": [0.21, 0.02, 0],
						"2.125": {"pre": [0.21, 0.02, 0], "post": [0.21, 0.22, 0]},
						"2.7083": [0.21, 0.22, 0],
						"2.8333": {"pre": [0.21, 0.22, 0], "post": [0, 0, 0]}
					}
				},
				"eyelid_left": {
					"position": {
						"0.0": [0, 0, 0],
						"0.5417": [0, 0, 0],
						"0.5833": [0, 0, -0.1],
						"0.7083": [0, 0, -0.1],
						"0.75": [0, 0, 0],
						"1.4583": [0, 0, 0],
						"1.5": [0, 0, -0.1],
						"1.7917": [0, 0, -0.1],
						"1.8333": [0, 0, 0],
						"2.0417": [0, 0, 0],
						"2.0833": [0, 0, -0.1],
						"2.2083": [0, 0, -0.1],
						"2.25": [0, 0, 0]
					}
				},
				"pupil_right": {
					"position": {
						"0.0": [0, 0, 0],
						"0.25": [0, 0, 0],
						"0.3333": {"pre": [0, 0, 0], "post": [-0.345, 0, 0]},
						"1.0833": [-0.345, 0, 0],
						"1.125": {"pre": [-0.345, 0, 0], "post": [-0.175, 0, 0]},
						"1.625": [-0.175, 0, 0],
						"1.75": {"pre": [-0.175, 0, 0], "post": [0.21, 0.02, 0]},
						"2.0833": [0.21, 0.02, 0],
						"2.125": {"pre": [0.21, 0.02, 0], "post": [0.21, 0.22, 0]},
						"2.7083": [0.21, 0.22, 0],
						"2.8333": {"pre": [0.21, 0.22, 0], "post": [0, 0, 0]}
					}
				},
				"eyelid_right": {
					"position": {
						"0.0": [0, 0, 0],
						"0.5417": [0, 0, 0],
						"0.5833": [0, 0, -0.1],
						"0.7083": [0, 0, -0.1],
						"0.75": [0, 0, 0],
						"1.4583": [0, 0, 0],
						"1.5": [0, 0, -0.1],
						"1.7917": [0, 0, -0.1],
						"1.8333": [0, 0, 0],
						"2.0417": [0, 0, 0],
						"2.0833": [0, 0, -0.1],
						"2.2083": [0, 0, -0.1],
						"2.25": [0, 0, 0]
					}
				},
				"antenna_left": {
					"rotation": {
						"0.0": {
							"post": [0, 0, 0],
							"lerp_mode": "catmullrom"
						},
						"0.3333": {
							"post": [0, -9.25, 0],
							"lerp_mode": "catmullrom"
						},
						"0.5417": {
							"post": [0, -0.25, 0],
							"lerp_mode": "catmullrom"
						},
						"0.75": {
							"post": [0, -0.75, 0],
							"lerp_mode": "catmullrom"
						},
						"1.1667": {
							"post": [0, 0.5, 0],
							"lerp_mode": "catmullrom"
						},
						"1.7917": {
							"post": [0, 8.75, 0],
							"lerp_mode": "catmullrom"
						},
						"2.0833": {
							"post": [0, -0.25, 0],
							"lerp_mode": "catmullrom"
						},
						"2.5417": {
							"post": [5.47102, 3.51079, 0],
							"lerp_mode": "catmullrom"
						},
						"2.75": {
							"post": [3.26851, 3.51079, 0],
							"lerp_mode": "catmullrom"
						},
						"2.9583": {
							"post": [3.26395, 5.37662, -0.23587],
							"lerp_mode": "catmullrom"
						},
						"3.25": {
							"post": [1.43474, 5.81234, 0.10307],
							"lerp_mode": "catmullrom"
						},
						"3.5833": {
							"post": [-0.16526, -0.08766, 0.10307],
							"lerp_mode": "catmullrom"
						},
						"4.0": {
							"post": [0, 0, 0],
							"lerp_mode": "catmullrom"
						}
					}
				},
				"antenna_left2": {
					"rotation": {
						"0.0": {
							"post": [0, 0, 0],
							"lerp_mode": "catmullrom"
						},
						"0.4167": {
							"post": [0, -9.25, 0],
							"lerp_mode": "catmullrom"
						},
						"0.625": {
							"post": [0, -0.25, 0],
							"lerp_mode": "catmullrom"
						},
						"0.8333": {
							"post": [0, -0.75, 0],
							"lerp_mode": "catmullrom"
						},
						"1.25": {
							"post": [0, 0.5, 0],
							"lerp_mode": "catmullrom"
						},
						"1.875": {
							"post": [0, 8.75, 0],
							"lerp_mode": "catmullrom"
						},
						"2.1667": {
							"post": [0, -0.25, 0],
							"lerp_mode": "catmullrom"
						},
						"2.625": {
							"post": [5.47102, 3.51079, 0],
							"lerp_mode": "catmullrom"
						},
						"2.8333": {
							"post": [3.26851, 3.51079, 0],
							"lerp_mode": "catmullrom"
						},
						"3.0417": {
							"post": [3.26395, 5.37662, -0.23587],
							"lerp_mode": "catmullrom"
						},
						"3.3333": {
							"post": [1.43474, 5.81234, 0.10307],
							"lerp_mode": "catmullrom"
						},
						"3.6667": {
							"post": [-0.16526, -0.08766, 0.10307],
							"lerp_mode": "catmullrom"
						},
						"4.0": {
							"post": [0, 0, 0],
							"lerp_mode": "catmullrom"
						}
					}
				},
				"antenna_right": {
					"rotation": {
						"0.0": {
							"post": [0, 0, 0],
							"lerp_mode": "catmullrom"
						},
						"0.3333": {
							"post": [0, -9.25, 0],
							"lerp_mode": "catmullrom"
						},
						"0.5417": {
							"post": [0, -0.25, 0],
							"lerp_mode": "catmullrom"
						},
						"0.75": {
							"post": [0, -0.75, 0],
							"lerp_mode": "catmullrom"
						},
						"1.1667": {
							"post": [0, 0.5, 0],
							"lerp_mode": "catmullrom"
						},
						"1.7917": {
							"post": [0, 8.75, 0],
							"lerp_mode": "catmullrom"
						},
						"2.0833": {
							"post": [0, -0.25, 0],
							"lerp_mode": "catmullrom"
						},
						"2.5417": {
							"post": [5.47102, 3.51079, 0],
							"lerp_mode": "catmullrom"
						},
						"2.75": {
							"post": [3.26851, 3.51079, 0],
							"lerp_mode": "catmullrom"
						},
						"2.9583": {
							"post": [3.26395, 5.37662, -0.23587],
							"lerp_mode": "catmullrom"
						},
						"3.25": {
							"post": [1.43474, 5.81234, 0.10307],
							"lerp_mode": "catmullrom"
						},
						"3.5833": {
							"post": [-0.16526, -0.08766, 0.10307],
							"lerp_mode": "catmullrom"
						},
						"4.0": {
							"post": [0, 0, 0],
							"lerp_mode": "catmullrom"
						}
					}
				},
				"antenna_right2": {
					"rotation": {
						"0.0": {
							"post": [0, 0, 0],
							"lerp_mode": "catmullrom"
						},
						"0.4167": {
							"post": [0, -9.25, 0],
							"lerp_mode": "catmullrom"
						},
						"0.625": {
							"post": [0, -0.25, 0],
							"lerp_mode": "catmullrom"
						},
						"0.8333": {
							"post": [0, -0.75, 0],
							"lerp_mode": "catmullrom"
						},
						"1.25": {
							"post": [0, 0.5, 0],
							"lerp_mode": "catmullrom"
						},
						"1.875": {
							"post": [0, 8.75, 0],
							"lerp_mode": "catmullrom"
						},
						"2.1667": {
							"post": [0, -0.25, 0],
							"lerp_mode": "catmullrom"
						},
						"2.625": {
							"post": [5.47102, 3.51079, 0],
							"lerp_mode": "catmullrom"
						},
						"2.8333": {
							"post": [3.26851, 3.51079, 0],
							"lerp_mode": "catmullrom"
						},
						"3.0417": {
							"post": [3.26395, 5.37662, -0.23587],
							"lerp_mode": "catmullrom"
						},
						"3.3333": {
							"post": [1.43474, 5.81234, 0.10307],
							"lerp_mode": "catmullrom"
						},
						"3.6667": {
							"post": [-0.16526, -0.08766, 0.10307],
							"lerp_mode": "catmullrom"
						},
						"4.0": {
							"post": [0, 0, 0],
							"lerp_mode": "catmullrom"
						}
					}
				},
				"tail2": {
					"rotation": {
						"1.625": [0, 0, 0],
						"2.0417": {
							"pre": [-4.75, 0, 0],
							"post": [-4.75, 0, 0],
							"lerp_mode": "catmullrom"
						},
						"2.3333": {
							"post": [-6.25, 0, 0],
							"lerp_mode": "catmullrom"
						},
						"2.75": {
							"post": [-10.25, 0, 0],
							"lerp_mode": "catmullrom"
						},
						"3.25": [0, 0, 0]
					}
				},
				"coin": {
					"rotation": {
						"1.625": [0, 0, 0],
						"2.0417": {
							"pre": [-4.75, 0, 0],
							"post": [-4.75, 0, 0],
							"lerp_mode": "catmullrom"
						},
						"2.3333": {
							"post": [-6.25, 0, 0],
							"lerp_mode": "catmullrom"
						},
						"2.75": {
							"post": [-10.25, 0, 0],
							"lerp_mode": "catmullrom"
						},
						"3.25": [0, 0, 0]
					}
				}
			}
		},
		"animation.gimmighoul_roaming.sleep_quirk": {
			"animation_length": 3,
			"bones": {
				"torso": {
					"rotation": {
						"0.0": {
							"post": [0, 0, 0],
							"lerp_mode": "catmullrom"
						},
						"0.5833": {
							"post": [-0.50187, 2.29947, 0.33884],
							"lerp_mode": "catmullrom"
						},
						"1.25": {
							"post": [-1.25187, 2.29947, 1.33884],
							"lerp_mode": "catmullrom"
						},
						"1.5833": {
							"post": [-1.25235, 2.54935, 1.33118],
							"lerp_mode": "catmullrom"
						},
						"2.125": {
							"post": [0.25001, 0.11631, -0.0219],
							"lerp_mode": "catmullrom"
						},
						"2.625": {
							"post": [0, 0, 0],
							"lerp_mode": "catmullrom"
						}
					}
				},
				"head": {
					"rotation": {
						"0.0": {
							"post": [0, 0, 0],
							"lerp_mode": "catmullrom"
						},
						"0.2917": {
							"post": [3.9, 4.7, 0],
							"lerp_mode": "catmullrom"
						},
						"0.5833": {
							"post": [4.7, 9, 0],
							"lerp_mode": "catmullrom"
						},
						"1.0833": {
							"post": [4.5, 12.8, 0],
							"lerp_mode": "catmullrom"
						},
						"1.375": {
							"post": [0.13065, 10.67598, 0.32699],
							"lerp_mode": "catmullrom"
						},
						"2.0417": {
							"post": [-3.86935, 12.67598, 0.32699],
							"lerp_mode": "catmullrom"
						},
						"2.5417": {
							"post": [0.06657, 0.51909, 0.2445],
							"lerp_mode": "catmullrom"
						},
						"3.0": {
							"post": [0, 0, 0],
							"lerp_mode": "catmullrom"
						}
					}
				},
				"pupil_right": {
					"position": {
						"0.0833": [0, 0, 0],
						"0.125": {"pre": [0, 0, 0], "post": [-0.275, 0, 0]},
						"1.25": [-0.275, 0, 0],
						"1.2917": {"pre": [-0.275, 0, 0], "post": [-0.28, 0.275, 0]},
						"2.0417": [-0.28, 0.275, 0],
						"2.0833": {"pre": [-0.28, 0.275, 0], "post": [0, 0, 0]}
					}
				},
				"eyelid_right": {
					"position": {
						"0.0417": [0, 0, 0],
						"0.125": {"pre": [0, 0, 0], "post": [0, 0, 0.08]},
						"1.9167": {"pre": [0, 0, 0.08], "post": [0, 0, 0]}
					}
				}
			}
		},
		"animation.gimmighoul_roaming.recoil": {
			"animation_length": 1.5,
			"bones": {
				"torso": {
					"rotation": {
						"0.0": [0, 0, 0],
						"0.0417": [-16.1, 2.2, 0],
						"0.4583": {
							"pre": [2, 3.2, 0],
							"post": [2, 3.2, 0],
							"lerp_mode": "catmullrom"
						},
						"0.875": {
							"post": [-1, 1.7, 0],
							"lerp_mode": "catmullrom"
						},
						"1.2083": {
							"post": [-0.7, 0.2, 0],
							"lerp_mode": "catmullrom"
						},
						"1.5": {
							"post": [0, 0, 0],
							"lerp_mode": "catmullrom"
						}
					},
					"position": [0, 0, 0]
				},
				"arm_left": {
					"rotation": {
						"0.0": [0, 0, 0],
						"0.0833": [0, -19.2, 0],
						"0.6667": {
							"pre": [0, 7, 0],
							"post": [0, 7, 0],
							"lerp_mode": "catmullrom"
						},
						"1.0833": {
							"post": [0, 0, 0],
							"lerp_mode": "catmullrom"
						},
						"1.5": {
							"post": [0, 0, 0],
							"lerp_mode": "catmullrom"
						}
					}
				},
				"arm_left2": {
					"rotation": {
						"0.0": [0, 0, 0],
						"0.1667": [0, -8.1, 0],
						"0.7917": {
							"pre": [0, 7, 0],
							"post": [0, 7, 0],
							"lerp_mode": "catmullrom"
						},
						"1.2083": {
							"post": [0, 0, 0],
							"lerp_mode": "catmullrom"
						},
						"1.5": {
							"post": [0, 0, 0],
							"lerp_mode": "catmullrom"
						}
					}
				},
				"arm_right": {
					"rotation": {
						"0.0": [0, 0, 0],
						"0.0833": [0, 19.2, 0],
						"0.6667": {
							"pre": [0, -7, 0],
							"post": [0, -7, 0],
							"lerp_mode": "catmullrom"
						},
						"1.0833": {
							"post": [0, 0, 0],
							"lerp_mode": "catmullrom"
						},
						"1.5": {
							"post": [0, 0, 0],
							"lerp_mode": "catmullrom"
						}
					}
				},
				"arm_right2": {
					"rotation": {
						"0.0": [0, 0, 0],
						"0.1667": [0, 8.1, 0],
						"0.7917": {
							"pre": [0, -7, 0],
							"post": [0, -7, 0],
							"lerp_mode": "catmullrom"
						},
						"1.2083": {
							"post": [0, 0, 0],
							"lerp_mode": "catmullrom"
						},
						"1.5": {
							"post": [0, 0, 0],
							"lerp_mode": "catmullrom"
						}
					}
				},
				"head": {
					"rotation": {
						"0.0": [0, 0, 0],
						"0.0833": [13, 0, 0],
						"0.375": {
							"pre": [-5, 0, 0],
							"post": [-5, 0, 0],
							"lerp_mode": "catmullrom"
						},
						"0.75": {
							"post": [2.6, 0, 0],
							"lerp_mode": "catmullrom"
						},
						"1.0833": {
							"post": [0, 0, 0],
							"lerp_mode": "catmullrom"
						},
						"1.5": [0, 0, 0]
					}
				},
				"eyelid_left": {
					"position": {
						"0.0": [0, 0, -0.1],
						"0.2083": {"pre": [0, 0, -0.1], "post": [0, 0, 0]},
						"0.4167": {"pre": [0, 0, 0], "post": [0, 0, -0.1]},
						"0.5417": {"pre": [0, 0, -0.1], "post": [0, 0, 0]},
						"0.625": {"pre": [0, 0, 0], "post": [0, 0, -0.1]},
						"0.7083": {"pre": [0, 0, -0.1], "post": [0, 0, 0]}
					}
				},
				"eyelid_right": {
					"position": {
						"0.0": [0, 0, -0.1],
						"0.2083": {"pre": [0, 0, -0.1], "post": [0, 0, 0]},
						"0.4167": {"pre": [0, 0, 0], "post": [0, 0, -0.1]},
						"0.5417": {"pre": [0, 0, -0.1], "post": [0, 0, 0]},
						"0.625": {"pre": [0, 0, 0], "post": [0, 0, -0.1]},
						"0.7083": {"pre": [0, 0, -0.1], "post": [0, 0, 0]}
					}
				},
				"antenna_left": {
					"rotation": {
						"0.0": [0, 0, 0],
						"0.125": [4.9, 0, 0],
						"0.3333": {
							"pre": [-0.4, 0, 0],
							"post": [-0.4, 0, 0],
							"lerp_mode": "catmullrom"
						},
						"0.7917": {
							"post": [5.2, 0, 0],
							"lerp_mode": "catmullrom"
						},
						"1.1667": {
							"post": [0, 0, 0],
							"lerp_mode": "catmullrom"
						},
						"1.5": {
							"post": [0, 0, 0],
							"lerp_mode": "catmullrom"
						}
					}
				},
				"antenna_left2": {
					"rotation": {
						"0.0": [0, 0, 0],
						"0.125": [3.6, 0, 0],
						"0.4583": {
							"pre": [-0.5, 0, 0],
							"post": [-0.5, 0, 0],
							"lerp_mode": "catmullrom"
						},
						"0.9167": {
							"post": [0.4, 0, 0],
							"lerp_mode": "catmullrom"
						},
						"1.2917": {
							"post": [0, 0, 0],
							"lerp_mode": "catmullrom"
						},
						"1.5": {
							"post": [0, 0, 0],
							"lerp_mode": "catmullrom"
						}
					}
				},
				"antenna_right": {
					"rotation": {
						"0.0": [0, 0, 0],
						"0.125": [4.9, 0, 0],
						"0.3333": {
							"pre": [-0.4, 0, 0],
							"post": [-0.4, 0, 0],
							"lerp_mode": "catmullrom"
						},
						"0.7917": {
							"post": [5.2, 0, 0],
							"lerp_mode": "catmullrom"
						},
						"1.1667": {
							"post": [0, 0, 0],
							"lerp_mode": "catmullrom"
						},
						"1.5": {
							"post": [0, 0, 0],
							"lerp_mode": "catmullrom"
						}
					}
				},
				"antenna_right2": {
					"rotation": {
						"0.0": [0, 0, 0],
						"0.125": [3.6, 0, 0],
						"0.4583": {
							"pre": [-0.5, 0, 0],
							"post": [-0.5, 0, 0],
							"lerp_mode": "catmullrom"
						},
						"0.9167": {
							"post": [0.4, 0, 0],
							"lerp_mode": "catmullrom"
						},
						"1.2917": {
							"post": [0, 0, 0],
							"lerp_mode": "catmullrom"
						},
						"1.5": {
							"post": [0, 0, 0],
							"lerp_mode": "catmullrom"
						}
					}
				},
				"leg_left": {
					"rotation": [0, 0, 0],
					"position": [0, 0, 0]
				}
			}
		},
		"animation.gimmighoul_roaming.physical_WIP": {
			"animation_length": 3,
			"bones": {
				"torso": {
					"rotation": [7.8157, 14.01857, 0.3274],
					"position": [0, 0.03, 0]
				},
				"arm_left": {
					"rotation": [-2.72454, 16.3633, 33.4674]
				},
				"arm_left2": {
					"rotation": [0, 77, 0]
				},
				"arm_right": {
					"rotation": [-4.50813, 16.1624, -42.2237]
				},
				"arm_right2": {
					"rotation": [0, -35, 5]
				},
				"head": {
					"rotation": [0.9598, -14.0186, 2.0768]
				},
				"antenna_left": {
					"rotation": [1, -45, 0]
				},
				"antenna_left2": {
					"rotation": [10, -1, 0]
				},
				"antenna_left3": {
					"rotation": [2, -5, 0]
				},
				"antenna_right": {
					"rotation": [1, 45, 0]
				},
				"antenna_right2": {
					"rotation": [10, 1, 0]
				},
				"antenna_right3": {
					"rotation": [2, 5, 0]
				},
				"tail": {
					"rotation": [0, 0, 7.5]
				},
				"tail2": {
					"rotation": [-4.92695, 0, -1]
				},
				"coin": {
					"rotation": [-10, 0, -1],
					"position": [0, 0, 0.25]
				},
				"leg_left": {
					"position": [0, 0, -0.8]
				},
				"leg_right": {
					"rotation": [0, 19, 0],
					"position": [-0.4, 0, 0.5]
				},
				"eyelid_left": {
					"position": [0, 0, 0]
				},
				"eyelid_right": {
					"position": [0, 0, 0]
				}
			}
		},
		"animation.gimmighoul_roaming.special_WIP": {
			"animation_length": 3,
			"bones": {
				"torso": {
					"rotation": {
						"0.0": [7.8157, 14.01857, 0.3274],
						"0.2917": {
							"pre": [12.33439, 14.53884, 0.39847],
							"post": [12.33439, 14.53884, 0.39847],
							"lerp_mode": "catmullrom"
						},
						"0.6667": {
							"post": [14.55, 15.14549, 2.64889],
							"lerp_mode": "catmullrom"
						},
						"1.125": {
							"post": [4.67351, 11.09119, -0.51097],
							"lerp_mode": "catmullrom"
						},
						"1.25": {
							"post": [9.68977, 2.05178, -0.75832],
							"lerp_mode": "catmullrom"
						},
						"1.375": {
							"post": [11.08977, 2.05178, -0.75832],
							"lerp_mode": "catmullrom"
						},
						"1.5417": {
							"post": [10.68977, 2.05178, -0.75832],
							"lerp_mode": "catmullrom"
						},
						"2.0": {
							"post": [9.64497, 2.05178, -0.75832],
							"lerp_mode": "catmullrom"
						},
						"2.25": {
							"post": [11.99005, 2.05178, -0.75832],
							"lerp_mode": "catmullrom"
						},
						"3.0": {
							"post": [7.8157, 14.01857, 0.3274],
							"lerp_mode": "catmullrom"
						}
					},
					"position": {
						"0.0": [0, 0.03, 0],
						"0.4583": [0, -0.07, 0],
						"1.0417": [0, 0.03, 0],
						"1.25": [0, "math.sin(q.anim_time*90*40)*0.01", "-0.7+math.cos(q.anim_time*90*40)*0.01"],
						"1.625": [0, "math.sin(q.anim_time*90*40)*0.01", "-0.7+math.cos(q.anim_time*90*40)*0.01"],
						"2.25": [0, 0.03, -0.6],
						"3.0": [0, 0.03, 0]
					}
				},
				"arm_left": {
					"rotation": {
						"0.0": [-2.72454, 16.3633, 33.4674],
						"0.625": {
							"pre": [-2.6036, -10.765, 31.02222],
							"post": [-2.6036, -10.765, 31.02222],
							"lerp_mode": "catmullrom"
						},
						"1.0": {
							"post": [-3.59061, -7.88101, 14.31357],
							"lerp_mode": "catmullrom"
						},
						"1.25": [-13.76441, 41.7046, 13.21751],
						"2.0417": [-13.76441, 41.7046, 13.21751],
						"2.4167": {
							"pre": [-2.72454, 16.3633, 33.4674],
							"post": [-2.72454, 16.3633, 33.4674],
							"lerp_mode": "catmullrom"
						},
						"3.0": {
							"post": [-2.72454, 16.3633, 33.4674],
							"lerp_mode": "catmullrom"
						}
					}
				},
				"arm_left2": {
					"rotation": {
						"0.0": [0, 77, 0],
						"0.7083": {
							"pre": [0, 57, 0],
							"post": [0, 57, 0],
							"lerp_mode": "catmullrom"
						},
						"0.9583": {
							"post": [0, 45.67308, -1.92494],
							"lerp_mode": "catmullrom"
						},
						"1.125": {
							"post": [0, 8.50241, -3.84685],
							"lerp_mode": "catmullrom"
						},
						"1.2917": [0, 17.7, -5],
						"1.7083": {
							"pre": [0, 18.6, -5],
							"post": [0, 18.6, -5],
							"lerp_mode": "catmullrom"
						},
						"2.0417": {
							"post": [0, 24.32881, -5],
							"lerp_mode": "catmullrom"
						},
						"2.5": {
							"post": [0, 82.4, 0],
							"lerp_mode": "catmullrom"
						},
						"3.0": {
							"post": [0, 77, 0],
							"lerp_mode": "catmullrom"
						}
					}
				},
				"arm_right": {
					"rotation": {
						"0.0": [-4.50813, 16.1624, -42.2237],
						"0.625": {
							"pre": [-2.6036, 10.765, -31.02222],
							"post": [-2.6036, 10.765, -31.02222],
							"lerp_mode": "catmullrom"
						},
						"1.0": {
							"post": [-3.59061, 7.88101, -14.31357],
							"lerp_mode": "catmullrom"
						},
						"1.25": [-13.76441, -41.7046, -13.21751],
						"2.0417": [-13.76441, -41.7046, -13.21751],
						"2.4583": {
							"pre": [-4.50813, 16.1624, -42.2237],
							"post": [-4.50813, 16.1624, -42.2237],
							"lerp_mode": "catmullrom"
						},
						"3.0": {
							"post": [-4.50813, 16.1624, -42.2237],
							"lerp_mode": "catmullrom"
						}
					}
				},
				"arm_right2": {
					"rotation": {
						"0.0": [0, -35, 5],
						"0.7083": {
							"pre": [0, -57, 0],
							"post": [0, -57, 0],
							"lerp_mode": "catmullrom"
						},
						"0.9583": {
							"post": [0, -45.67308, 1.92494],
							"lerp_mode": "catmullrom"
						},
						"1.125": {
							"post": [0, -8.50241, 3.84685],
							"lerp_mode": "catmullrom"
						},
						"1.2917": [0, -17.7, 5],
						"1.7083": {
							"pre": [0, -18.6, 5],
							"post": [0, -18.6, 5],
							"lerp_mode": "catmullrom"
						},
						"2.2083": {
							"post": [0, -24.32881, 5],
							"lerp_mode": "catmullrom"
						},
						"2.5833": {
							"post": [0, -35, 5],
							"lerp_mode": "catmullrom"
						},
						"3.0": {
							"post": [0, -35, 5],
							"lerp_mode": "catmullrom"
						}
					}
				},
				"head": {
					"rotation": {
						"0.0": [0.9598, -14.0186, 2.0768],
						"0.4167": {
							"pre": [-2.1176, -16.52783, 1.61116],
							"post": [-2.1176, -16.52783, 1.61116],
							"lerp_mode": "catmullrom"
						},
						"0.7083": {
							"post": [3.73409, -17.69871, 1.40894],
							"lerp_mode": "catmullrom"
						},
						"1.0": {
							"post": [0.48627, -13.96759, 2.23023],
							"lerp_mode": "catmullrom"
						},
						"1.25": {
							"post": [-6.61373, -2.0518, 2.23023],
							"lerp_mode": "catmullrom"
						},
						"1.8333": {
							"post": [-6.61373, -2.0518, 2.23023],
							"lerp_mode": "catmullrom"
						},
						"2.2083": {
							"post": [-6.61373, -2.0518, 2.23023],
							"lerp_mode": "catmullrom"
						},
						"2.5": {
							"post": [0.94041, -8.01942, 2.17811],
							"lerp_mode": "catmullrom"
						},
						"3.0": {
							"post": [0.9598, -14.0186, 2.0768],
							"lerp_mode": "catmullrom"
						}
					}
				},
				"antenna_left": {
					"rotation": {
						"0.0": [1, -45, 0],
						"0.7083": {
							"pre": [2.6, -45, 0],
							"post": [2.6, -45, 0],
							"lerp_mode": "catmullrom"
						},
						"1.0417": {
							"post": [-6, -45, 0],
							"lerp_mode": "catmullrom"
						},
						"1.4167": {
							"post": [-2, -45, 0],
							"lerp_mode": "catmullrom"
						},
						"1.7917": {
							"post": [-4, -45, 0],
							"lerp_mode": "catmullrom"
						},
						"2.3333": {
							"post": [0, -45, 0],
							"lerp_mode": "catmullrom"
						},
						"2.625": {
							"post": [2.4375, -45, 0],
							"lerp_mode": "catmullrom"
						},
						"3.0": {
							"post": [1, -45, 0],
							"lerp_mode": "catmullrom"
						}
					}
				},
				"antenna_left2": {
					"rotation": {
						"0.0": [10, -1, 0],
						"0.5417": {
							"pre": [11.5, -1, 0],
							"post": [11.5, -1, 0],
							"lerp_mode": "catmullrom"
						},
						"1.2083": {
							"post": [8.8, -1, 0],
							"lerp_mode": "catmullrom"
						},
						"1.5833": {
							"post": [9.8, -1, 0],
							"lerp_mode": "catmullrom"
						},
						"1.9583": {
							"post": [7.8, -1, 0],
							"lerp_mode": "catmullrom"
						},
						"2.5": {
							"post": [16.8, -1, 0],
							"lerp_mode": "catmullrom"
						},
						"3.0": {
							"post": [10, -1, 0],
							"lerp_mode": "catmullrom"
						}
					}
				},
				"antenna_left3": {
					"rotation": [2, -5, 0]
				},
				"antenna_right": {
					"rotation": {
						"0.0": [1, 45, 0],
						"0.7083": {
							"pre": [2.6, 45, 0],
							"post": [2.6, 45, 0],
							"lerp_mode": "catmullrom"
						},
						"1.0417": {
							"post": [-6, 45, 0],
							"lerp_mode": "catmullrom"
						},
						"1.4167": {
							"post": [-2, 45, 0],
							"lerp_mode": "catmullrom"
						},
						"1.7917": {
							"post": [-4, 45, 0],
							"lerp_mode": "catmullrom"
						},
						"2.3333": {
							"post": [0, 45, 0],
							"lerp_mode": "catmullrom"
						},
						"2.625": {
							"post": [2.4375, 45, 0],
							"lerp_mode": "catmullrom"
						},
						"3.0": {
							"post": [1, 45, 0],
							"lerp_mode": "catmullrom"
						}
					}
				},
				"antenna_right2": {
					"rotation": {
						"0.0": [10, 1, 0],
						"0.5417": {
							"pre": [11.5, 1, 0],
							"post": [11.5, 1, 0],
							"lerp_mode": "catmullrom"
						},
						"1.2083": {
							"post": [8.8, 1, 0],
							"lerp_mode": "catmullrom"
						},
						"1.5833": {
							"post": [9.8, 1, 0],
							"lerp_mode": "catmullrom"
						},
						"1.9583": {
							"post": [7.8, 1, 0],
							"lerp_mode": "catmullrom"
						},
						"2.5": {
							"post": [16.8, 1, 0],
							"lerp_mode": "catmullrom"
						},
						"3.0": {
							"post": [10, 1, 0],
							"lerp_mode": "catmullrom"
						}
					}
				},
				"antenna_right3": {
					"rotation": [2, 5, 0]
				},
				"tail": {
					"rotation": {
						"0.0": [0, 0, 7.5],
						"0.5833": [0, 0, 7.5],
						"1.0417": [0, 0, "8.5-0.5*math.cos(q.anim_time*90*30)*0.5"],
						"1.25": [0, 0, "8.5-1*math.cos(q.anim_time*90*30)*1.5"],
						"2.0": [0, 0, "8.5-0.5*math.cos(q.anim_time*90*30)*0.75"],
						"2.3333": [0, 0, 7.5]
					}
				},
				"tail2": {
					"rotation": {
						"0.0": [-5, 0, -1],
						"0.5": [-9.92695, 1.21261, -1.00531],
						"0.6667": [-9.92695, 1.21261, -1.00531],
						"1.0417": [-10, 0, "-0.5*math.cos(q.anim_time*90*30)*0.5"],
						"1.25": [-10, 0, "-1*math.cos(q.anim_time*90*30)*1.5"],
						"2.0": [-10, 0, "-0.5*math.cos(q.anim_time*90*30)*0.75"],
						"2.3333": [-10, 0, -1]
					}
				},
				"coin": {
					"rotation": {
						"0.0": [-10, 0, -1],
						"0.5": [-10, 0, -1],
						"0.6667": [-10, 0, -1],
						"1.0417": [-10, 0, "-1*math.cos(q.anim_time*90*30)*0.5"],
						"1.25": [-10, 0, "-2*math.cos(q.anim_time*90*30)*1.5"],
						"2.0": [-10, 0, "-1*math.cos(q.anim_time*90*30)*0.75"],
						"3.0": [-10, 0, -1]
					},
					"position": {
						"0.0": [0, 0, 0.25],
						"0.5": [0, 0, 0.25]
					}
				},
				"leg_left": {
					"position": {
						"0.0": [0, 0, -0.8],
						"0.5": [0, 0, -0.8]
					}
				},
				"leg_right": {
					"rotation": {
						"0.0": [0, 19, 0],
						"1.0": [0, 19, 0],
						"1.0833": [12.61276, 8.39834, -1.81351],
						"1.25": [0, 0, 0],
						"2.2917": [0, 0, 0],
						"2.4583": {
							"pre": [4.40547, 3.59929, -0.77722],
							"post": [4.40547, 3.59929, -0.77722],
							"lerp_mode": "catmullrom"
						},
						"2.7083": {
							"post": [8.40851, 11.93222, -1.20901],
							"lerp_mode": "catmullrom"
						},
						"2.8333": [0, 19, 0]
					},
					"position": {
						"0.0": [-0.4, 0, 0.5],
						"1.0": [-0.4, 0, 0.5],
						"1.1667": [-0.2, 0.2, -0.62],
						"1.25": [-0.05, 0, -1.6],
						"2.2917": [-0.05, 0, -1.6],
						"2.4167": {
							"pre": [-0.1, 0.1, -0.96],
							"post": [-0.1, 0.1, -0.96],
							"lerp_mode": "catmullrom"
						},
						"2.6667": {
							"post": [-0.29, 0.11, 0.09],
							"lerp_mode": "catmullrom"
						},
						"2.8333": [-0.4, 0, 0.5]
					}
				},
				"eyelid_left": {
					"position": {
						"0.0": [0, 0, 0],
						"0.9583": {"pre": [0, 0, 0], "post": [0, 0, -0.1]},
						"1.1667": {"pre": [0, 0, -0.1], "post": [0, 0, 0]}
					}
				},
				"eyelid_right": {
					"position": {
						"0.0": [0, 0, 0],
						"0.9583": {"pre": [0, 0, 0], "post": [0, 0, -0.1]},
						"1.1667": {"pre": [0, 0, -0.1], "post": [0, 0, 0]}
					}
				},
				"mouth_closed": {
					"rotation": {
						"1.2083": [0, 0, 0],
						"1.25": {"pre": [0, 0, 0], "post": [-4.5, 0, 0]},
						"1.9583": {"pre": [-4.5, 0, 0], "post": [0, 0, 0]}
					},
					"position": {
						"1.2083": [0, 0, 0],
						"1.25": {"pre": [0, 0, 0], "post": [0, 0, 0.05]},
						"1.9583": {"pre": [0, 0, 0.05], "post": [0, 0, 0]}
					}
				},
				"mouth_open": {
					"position": {
						"1.2083": [0, 0, 0],
						"1.25": {"pre": [0, 0, 0], "post": [0, -0.15, -0.1]},
						"1.9583": {"pre": [0, -0.15, -0.1], "post": [0, 0, 0]}
					}
				}
			}
		}
	}
}