{
  "format_version": "1.8.0",
  "animations": {
    "animation.palpitoad.ground_idle": {
      "loop": true,
      "animation_length": 1.5,
      "bones": {
        "torso": {
          "rotation": {
            "0.0": [2, 0, 0],
            "0.7083": [-1, 0, 0],
            "1.5": [2, 0, 0]
          },
          "position": {
            "0.0": [0, 0.4, 0],
            "1.5": [0, 0.4, 0]
          }
        },
        "tail": {
          "rotation": {
            "0.0": [5, 0, 0],
            "0.75": [-2.5, 0, 0],
            "1.5": [5, 0, 0]
          }
        },
        "head": {
          "rotation": [2.5, 0, 0]
        },
        "mouth": {
          "position": {
            "0.0": [0, -0.3, 0],
            "1.5": [0, -0.3, 0]
          },
          "scale": {
            "0.0": [0.57, 0.59, 1],
            "1.5": [0.57, 0.59, 1]
          }
        },
        "bulb": {
          "rotation": {
            "0.0": [0, 0, -6],
            "1.5": [0, 0, -6]
          }
        },
        "leftfoot": {
          "rotation": {
            "0.0": [7.5, 0, 0],
            "0.8333": [11.5, 0, 0],
            "1.5": [7.5, 0, 0]
          },
          "position": {
            "0.0": [0, -0.3, 0],
            "1.5": [0, -0.3, 0]
          }
        },
        "rightfoot": {
          "rotation": {
            "0.0": [10, 0, 5],
            "0.8333": [15, 0, 5],
            "1.5": [10, 0, 5]
          },
          "position": {
            "0.0": [0, -0.1, 0],
            "1.5": [0, -0.1, 0]
          }
        },
        "sidebulbs": {
          "rotation": {
            "0.0": [-3, 0, 0],
            "1.5": [-3, 0, 0]
          }
        },
        "bulb2": {
          "rotation": {
            "0.0": [0, 0, 7],
            "1.5": [0, 0, 7]
          }
        },
        "tail2": {
          "rotation": {
            "0.0": [7.5, 0, 0],
            "0.7083": [2.5, 0, 0],
            "1.5": [7.5, 0, 0]
          }
        },
        "tail3": {
          "rotation": {
            "0.0": [10, 0, 0],
            "0.7083": [0, 0, 0],
            "1.5": [10, 0, 0]
          }
        }
      }
    },
    "animation.palpitoad.ground_walk": {
      "loop": true,
      "animation_length": 1.5,
      "bones": {
        "torso": {
          "rotation": {
            "0.0": [5, 0, 0],
            "0.75": [0, 0, 0],
            "1.5": [5, 0, 0]
          },
          "position": {
            "0.0": [0, 0.1, 0],
            "0.3333": [0, 0.52, 0],
            "0.75": [0, -0.3, 0],
            "1.125": [0, 0.52, 0],
            "1.5": [0, 0.1, 0]
          }
        },
        "tail": {
          "rotation": {
            "0.0": [5, 0, 0],
            "0.75": [-2.5, 0, 0],
            "1.5": [5, 0, 0]
          }
        },
        "mouth": {
          "position": {
            "0.0": [0, -0.3, 0],
            "1.5": [0, -0.3, 0]
          },
          "scale": {
            "0.0": [0.57, 0.59, 1],
            "1.5": [0.57, 0.59, 1]
          }
        },
        "bulb": {
          "rotation": {
            "0.0": [0, 0, -6],
            "1.5": [0, 0, -6]
          }
        },
        "leftfoot": {
          "rotation": {
            "0.0": [8, 0, 0],
            "0.25": [13.67, 0, 0],
            "0.5": [4.84, 0, 0],
            "0.75": [4, 0, 0],
            "1.0": [17.33, 0, 0],
            "1.25": [3.67, 0, 0],
            "1.5": [8, 0, 0]
          },
          "position": {
            "0.0": [0, 0.5, 0],
            "0.75": [0, -0.2, 0],
            "1.5": [0, 0.5, 0]
          }
        },
        "rightfoot": {
          "rotation": {
            "0.0": [-5, 0, 0],
            "0.375": [14, 0, 0],
            "0.5417": [15, 0, 0],
            "0.75": [5, 0, 0],
            "1.0": [-6.33, 0, 0],
            "1.2917": [-8.55, 0, 0],
            "1.5": [-5, 0, 0]
          },
          "position": {
            "0.0": [0, -0.5, 0],
            "0.2083": [0, -0.05, 0],
            "0.75": [0, 0.4, 0],
            "1.5": [0, -0.4, 0]
          }
        },
        "sidebulbs": {
          "rotation": {
            "0.0": [-3, 0, 0],
            "1.5": [-3, 0, 0]
          }
        },
        "bulb2": {
          "rotation": {
            "0.0": [0, 0, 7],
            "1.5": [0, 0, 7]
          }
        },
        "tail2": {
          "rotation": {
            "0.0": [7.5, 0, 0],
            "0.7083": [2.5, 0, 0],
            "1.5": [7.5, 0, 0]
          }
        },
        "tail3": {
          "rotation": {
            "0.0": [10, 0, 0],
            "0.7083": [0, 0, 0],
            "1.5": [10, 0, 0]
          }
        },
        "head": {
          "rotation": [5, 0, 0]
        }
      }
    },
    "animation.palpitoad.water_idle": {
      "loop": true,
      "animation_length": 1.5,
      "bones": {
        "torso": {
          "rotation": {
            "0.0": [0, 0, 0],
            "0.2917": [0, 0, -2.5],
            "1.1667": [0, 0, 1.81],
            "1.5": [0, 0, 0]
          },
          "position": {
            "0.0": [0, 0.4, 0],
            "0.3333": [0, 0.5, 0],
            "1.0417": [0, 0.5, 0],
            "1.5": [0, 0.4, 0]
          }
        },
        "tail": {
          "rotation": {
            "0.0": [0, 0, 0],
            "0.75": [-10, 0, 0],
            "1.5": [0, 0, 0]
          }
        },
        "mouth": {
          "position": {
            "0.0": [0, -0.3, 0],
            "1.5": [0, -0.3, 0]
          },
          "scale": {
            "0.0": [0.57, 0.59, 1],
            "1.5": [0.57, 0.59, 1]
          }
        },
        "bulb": {
          "rotation": {
            "0.0": [0, 0, -6],
            "1.5": [0, 0, -6]
          }
        },
        "leftfoot": {
          "rotation": {
            "0.0": [7.5, 0, 0],
            "0.6667": [15.0547, -4.82922, -1.29717],
            "1.5": [7.5, 0, 0]
          },
          "position": {
            "0.0": [0, -0.3, 0],
            "1.5": [0, -0.3, 0]
          }
        },
        "rightfoot": {
          "rotation": {
            "0.0": [10, 0, 5],
            "0.6667": [15.0547, 4.82922, 6.29717],
            "1.5": [10, 0, 5]
          },
          "position": {
            "0.0": [0, -0.1, 0],
            "1.5": [0, -0.1, 0]
          }
        },
        "sidebulbs": {
          "rotation": {
            "0.0": [-3, 0, 0],
            "1.5": [-3, 0, 0]
          }
        },
        "bulb2": {
          "rotation": {
            "0.0": [0, 0, 7],
            "1.5": [0, 0, 7]
          }
        },
        "head": {
          "rotation": [-2.5, 0, 0]
        },
        "tail2": {
          "rotation": [2.5, 0, 0]
        },
        "tail3": {
          "rotation": [7.5, 0, 0]
        }
      }
    },
    "animation.palpitoad.water_swim": {
      "loop": true,
      "animation_length": 1.5,
      "bones": {
        "torso": {
          "rotation": {
            "0.0": [10, 0, 0],
            "0.75": [12.5, 0, -0.24238],
            "1.5": [10, 0, 0]
          },
          "position": {
            "0.0": [0, 0.4, 0],
            "0.75": [0, 1.4, 0],
            "1.5": [0, 0.4, 0]
          }
        },
        "tail": {
          "rotation": {
            "0.0": [0, 0, 0],
            "0.75": [-20, 0, 0],
            "1.5": [0, 0, 0]
          }
        },
        "mouth": {
          "position": {
            "0.0": [0, -0.3, 0],
            "1.5": [0, -0.3, 0]
          },
          "scale": {
            "0.0": [0.57, 0.59, 1],
            "1.5": [0.57, 0.59, 1]
          }
        },
        "bulb": {
          "rotation": {
            "0.0": [0, 0, -6],
            "1.5": [0, 0, -6]
          }
        },
        "leftfoot": {
          "rotation": {
            "0.0": [-5, 0, 0],
            "0.75": [40, 0, 0],
            "1.5": [-5, 0, 0]
          }
        },
        "rightfoot": {
          "rotation": {
            "0.0": [22.5, 0, 0],
            "0.75": [-10, 0, 0],
            "1.5": [20, 0, 0]
          },
          "position": {
            "0.0": [0, -0.1, 0],
            "0.75": [0, -0.4, 0],
            "1.5": [0, -0.1, 0]
          }
        },
        "sidebulbs": {
          "rotation": {
            "0.0": [-3, 0, 0],
            "1.5": [-3, 0, 0]
          }
        },
        "bulb2": {
          "rotation": {
            "0.0": [0, 0, 7],
            "1.5": [0, 0, 7]
          }
        },
        "head": {
          "rotation": [0, 0, 0]
        },
        "tail2": {
          "rotation": {
            "0.0": [-5.02896, -0.16835, -0.3437],
            "0.7917": [7.05437, -0.16835, -0.3437],
            "1.5": [-5.02896, -0.16835, -0.3437]
          }
        },
        "tail3": {
          "rotation": {
            "0.0": [-10, 0, 0],
            "0.75": [10, 0, 0],
            "1.5": [-10, 0, 0]
          }
        }
      }
    },
    "animation.model.blink": {
      "animation_length": 0.25,
      "bones": {
        "lefteye": {
          "position": {
            "0.0": [0, 0, 0],
            "0.0417": [0, 0.2, 0],
            "0.2083": [0, 0.2, 0],
            "0.25": [0, 0, 0]
          },
          "scale": {
            "0.0": [1, 0.9, 1],
            "0.0417": [1, 0, 1],
            "0.2083": [1, 0, 1],
            "0.25": [1, 0.9, 1]
          }
        },
        "righteye": {
          "position": {
            "0.0": [0, 0, 0],
            "0.0417": [0, 0.2, 0],
            "0.2083": [0, 0.2, 0],
            "0.25": [0, 0, 0]
          },
          "scale": {
            "0.0": [1, 0.9, 1],
            "0.0417": [1, 0, 1],
            "0.2083": [1, 0, 1],
            "0.25": [1, 0.9, 1]
          }
        }
      }
    },
    "animation.model.cry": {
      "animation_length": 0.54167,
      "bones": {
        "head": {
          "rotation": {
            "0.0": [0, 0, 0],
            "0.0833": [-12.5, 0, 0],
            "0.5417": [0, 0, 0]
          }
        },
        "mouth": {
          "position": {
            "0.0": [0, 0, 0],
            "0.0417": [0, 0, 1],
            "0.4167": [0, 0, 1],
            "0.4583": [0, 0, 0]
          }
        },
        "mouth_open": {
          "position": {
            "0.0": [0.1, 0, -0.7],
            "0.0417": [0.4, 0, -0.9],
            "0.25": [0.5, 0, -0.9],
            "0.4583": [0.1, 0, -0.7]
          },
          "scale": {
            "0.0": [0.76, 0.71, 1],
            "0.0417": [0.58, 0.71, 1],
            "0.25": [0.56, 0.85, 1],
            "0.4167": [0.63, 0.93, 1],
            "0.4583": [0.76, 0.71, 1]
          }
        }
      }
    },
    "animation.model.faint": {
      "animation_length": 2,
      "bones": {
        "torso": {
          "rotation": {
            "0.0": [-4, 0, 0],
            "0.5833": [-23.12, 0, 0],
            "0.6667": [-28.71, 0, 0],
            "0.8333": [-31.37, 0, 0],
            "1.0417": [-77.62, 0, 0],
            "1.375": [-91.35, 0, 0],
            "1.4583": [-96.42, 0, 0],
            "1.5417": [-91.5, 0, 0]
          },
          "position": {
            "0.0": [0, 0, 0],
            "0.5417": [0, 0, 0],
            "0.875": [0, 3.84, 3.3],
            "0.9583": [0, 6.11, 7.19],
            "1.3333": [0, 2.21, 7.19]
          }
        },
        "leftfoot": {
          "rotation": {
            "0.0": [5, 0, 0],
            "0.4167": [15, 0, 0],
            "0.7917": [5.24133, -17.43127, -1.5741],
            "1.125": [27.74133, -17.43127, -1.5741],
            "1.5833": [20.24133, -17.43127, -1.5741],
            "1.875": [12.74133, -17.43127, -1.5741]
          }
        },
        "rightfoot": {
          "rotation": {
            "0.0": [5, 0, 0],
            "0.4167": [32.5, 0, 0],
            "0.7917": [42.5, 0, 0],
            "1.125": [10.99069, -11.00072, -10.26078],
            "1.5833": [23.49069, -11.00072, -10.26078],
            "1.875": [8.49069, -11.00072, -10.26078]
          }
        },
        "tail": {
          "rotation": {
            "0.1667": [-25, 0, 0],
            "0.625": [-12.5, 0, 0],
            "0.8333": [-10, 0, 0],
            "1.2917": [-115, 0, 0]
          }
        },
        "tail2": {
          "rotation": {
            "0.1667": [10, 0, 0],
            "0.625": [17.5, 0, 0],
            "0.8333": [40, 0, 0],
            "0.9583": [-29.77, 0, 0],
            "1.0833": [-37.67, 0, 0],
            "1.2917": [22.5, 0, 0]
          }
        },
        "tail3": {
          "rotation": {
            "0.1667": [22.5, 0, 0],
            "0.625": [10, 0, 0],
            "0.8333": [22.5, 0, 0],
            "0.9583": [-37.27, 0, 0],
            "1.0833": [-43.92, 0, 0],
            "1.2083": [-29.57, 0, 0],
            "1.2917": [5, 0, 0]
          }
        },
        "head": {
          "rotation": {
            "0.0": [-5, 0, 0],
            "0.6667": [-22.06, 0, 0],
            "1.4167": [3.88, 0, 0],
            "1.5417": [-5, 0, 0],
            "1.6667": [5, 0, 0],
            "1.7917": [-10, 0, 0]
          }
        },
        "mouth": {
          "rotation": {
            "0.0": [0, 0, 0],
            "1.0833": [0, 0, 0],
            "1.125": [0, 0, -180]
          },
          "position": {
            "0.0": [0, -0.3, 0],
            "0.2917": [0, -0.3, 0],
            "0.3333": [0, -0.3, 1],
            "1.0833": [0, -0.3, 1],
            "1.125": [0, -0.3, 0]
          },
          "scale": {
            "0.0": [0.57, 0.59, 1],
            "1.0833": [0.57, 0.59, 1],
            "1.125": [0.57, 0.29, 1]
          }
        },
        "lefteye": {
          "position": [0, 0.1, 0],
          "scale": {
            "0.0": [1, 0.9, 1],
            "0.2917": [1, 0.6, 1],
            "1.0833": [1, 0, 1]
          }
        },
        "righteye": {
          "position": [0, 0.1, 0],
          "scale": {
            "0.0": [1, 0.9, 1],
            "0.2917": [1, 0.6, 1],
            "1.0833": [1, 0, 1]
          }
        },
        "mouth_open": {
          "rotation": [0, 0, 180],
          "position": {
            "0.2917": [0, 0, 0],
            "0.3333": [1.6, 0.7, -0.9],
            "1.0833": [1.6, 0.4, -0.9],
            "1.125": [1.6, 0.4, 0.1]
          },
          "scale": {
            "0.3333": [0.56, 0.85, 1],
            "1.0833": [0.56, 0.35, 1]
          }
        }
      }
    }
  }
}
