{
	"format_version": "1.8.0",
	"animations": {
		"animation.tatsugiri.pose": {
			"loop": true,
			"bones": {
				"chest": {
					"rotation": [0, 2.5, 0]
				},
				"head": {
					"rotation": [0, 7.5, 0]
				},
				"throat": {
					"position": [0, 2, 0]
				},
				"left_pupil": {
					"position": [-0.3, 0, 0]
				},
				"right_pupil": {
					"position": [-0.7, 0, 0]
				},
				"left_eyelid_half": {
					"position": [0, 0, -0.1]
				},
				"right_eyelid_half": {
					"position": [0, 0, -0.1]
				},
				"tail1": {
					"rotation": [0, -2.5, 0]
				},
				"tail2": {
					"rotation": [0, -2.5, 0]
				}
			}
		},
		"animation.tatsugiri.pose1": {
			"loop": true,
			"bones": {
				"torso": {
					"rotation": [12.5, 0, 0]
				},
				"chest": {
					"rotation": [-25, 0, 0]
				},
				"arm_left1": {
					"rotation": [15, 0, 0]
				},
				"arm_left2": {
					"rotation": [10, 0, 0]
				},
				"arm_right1": {
					"rotation": [15, 0, 0],
					"position": [0.4, -1, 0]
				},
				"arm_right2": {
					"rotation": [10, 0, 0]
				},
				"head": {
					"rotation": [-15, 5, 0]
				},
				"throat": {
					"position": [0, 2, 0]
				},
				"left_pupil": {
					"position": [-0.2, 0.2, 0]
				},
				"right_pupil": {
					"position": [-0.6, 0.2, 0]
				},
				"tail1": {
					"rotation": [25, 0, 0]
				},
				"tail2": {
					"rotation": [35.1027, 4.09405, 2.87277]
				},
				"tail3": {
					"rotation": [47.52717, 1.68868, 1.84373]
				}
			}
		},
		"animation.tatsugiri.pose2": {
			"loop": true,
			"bones": {
				"torso": {
					"rotation": [-5, 0, 0]
				},
				"chest": {
					"rotation": [10.00933, 2.462, 0.43439]
				},
				"arm_left1": {
					"rotation": [-56.40166, 18.88283, -48.50477],
					"position": [-1, 0, 0]
				},
				"arm_right1": {
					"rotation": [-56.40166, -18.88283, 48.50477],
					"position": [1, 0, 0]
				},
				"head": {
					"rotation": [0.56715, 17.48767, 2.61125]
				},
				"throat": {
					"position": [0, 2, 0]
				},
				"left_pupil": {
					"position": [-0.2, 0.2, 0]
				},
				"right_pupil": {
					"position": [-0.6, 0.2, 0]
				},
				"right_eyelid_curious": {
					"position": [0, 0, -0.1]
				},
				"tail1": {
					"rotation": [-18.27388, -8.46338, 4.82065]
				},
				"tail2": {
					"rotation": [-5, 0, 12.5]
				},
				"tail3": {
					"rotation": [-7.5, 0, 0]
				}
			}
		},
		"animation.tatsugiri.ground_idle": {
			"loop": true,
			"bones": {
				"throat_puff": {
					"scale": 0
				},
				"torso": {
					"rotation": [-62.5, 0, 0],
					"position": [0, 0.5, -2]
				},
				"chest": {
					"rotation": [-17.5, 0, 0]
				},
				"arm_left1": {
					"rotation": [-10, 0, 0],
					"position": [0, 0, 2]
				},
				"arm_left2": {
					"rotation": [0, 37.5, 0]
				},
				"arm_right1": {
					"rotation": [-10, 0, 0],
					"position": [0, 0, 2]
				},
				"arm_right2": {
					"rotation": [0, -37.5, 0]
				},
				"head": {
					"rotation": [77.5, 0, 0],
					"position": [0, 0, 1]
				},
				"throat": {
					"position": [0, 0, -0.5]
				},
				"tail1": {
					"rotation": [57.5, 0, 0]
				},
				"tail2": {
					"rotation": [5, 0, 0]
				},
				"tail3": {
					"rotation": [-12.5, 0, 0]
				},
				"fin1": {
					"rotation": [20, 0, 0],
					"position": [0, -0.3, -1.5]
				},
				"fin2": {
					"rotation": [2.5, 0, 0],
					"position": [0, -0.1, 0.1]
				}
			}
		},
		"animation.tatsugiri.blink": {
			"animation_length": 0.16,
			"bones": {
				"left_eyelid": {
					"position": {
						"0.0": [0, 0, -0.1],
						"0.12": [0, 0, -0.1],
						"0.16": [0, 0, 0]
					}
				},
				"right_eyelid": {
					"position": {
						"0.0": [0, 0, -0.1],
						"0.12": [0, 0, -0.1],
						"0.16": [0, 0, 0]
					}
				}
			}
		},
		"animation.tatsugiri.cry": {
			"animation_length": 1.2,
			"sound_effects": {
				"0.04": {
					"effect": "pokemon.tatsugiri.cry"
				}
			}
		}
	}
}