{
	"format_version": "1.8.0",
	"animations": {
		"animation.gyarados.ground_idle": {
			"loop": true,
			"animation_length": 4,
			"bones": {
				"body": {
					"rotation": [-20, 0, 0],
					"position": [0, 15, -5]
				},
				"neck1": {
					"rotation": [-20, 0, 0],
					"position": [0, -5.33932, 1.41126]
				},
				"neck2": {
					"rotation": ["7.5+math.sin(q.anim_time*90*1)*2", 0, 0],
					"position": [0, -1.33121, -0.1428]
				},
				"neck3": {
					"rotation": ["17.5+math.sin(q.anim_time*90*1-60)*2", 0, 0],
					"position": [0, -1.78742, 0.35657]
				},
				"neck4": {
					"rotation": [42.5, 0, 0],
					"position": [0, -4.3785, 1.43388]
				},
				"head": {
					"rotation": ["7.5+math.sin(q.anim_time*90*1-60)*5", 0, 0]
				},
				"head_left_fin": {
					"rotation": [-26.72296, -42.40055, 20.00988]
				},
				"head_right_fin": {
					"rotation": [-26.72296, 42.40055, -20.00988]
				},
				"right_whisker": {
					"rotation": [-11.59118, -21.32068, -68.57942]
				},
				"right_whisker3": {
					"rotation": [-0.54143, -14.9407, -24.98847]
				},
				"right_whisker4": {
					"rotation": [2.15638, 15.23049, -12.21316]
				},
				"right_whisker5": {
					"rotation": [0, 17.5, 12.5]
				},
				"right_whisker6": {
					"rotation": [0, -12.5, 10]
				},
				"right_whisker7": {
					"rotation": [0, -17.5, 45]
				},
				"right_whisker8": {
					"rotation": [0, 0, 65]
				},
				"right_whisker9": {
					"rotation": [0, 0, 82.5]
				},
				"left_whisker": {
					"rotation": [-11.59118, 21.32068, 68.57942]
				},
				"left_whisker3": {
					"rotation": [-0.54143, 14.9407, 24.98847]
				},
				"left_whisker4": {
					"rotation": [2.15638, -15.23049, 12.21316]
				},
				"left_whisker5": {
					"rotation": [0, -17.5, -12.5]
				},
				"left_whisker6": {
					"rotation": [0, 12.5, -10]
				},
				"left_whisker7": {
					"rotation": [0, 17.5, -45]
				},
				"left_whisker8": {
					"rotation": [0, 0, -65]
				},
				"left_whisker9": {
					"rotation": [0, 0, -82.5]
				},
				"segment1": {
					"rotation": [37.5, 0, 0]
				},
				"segment2": {
					"rotation": [47.5, 0, 0],
					"position": [0, 0.80348, -0.95756]
				},
				"segment3": {
					"rotation": [37.5, 0, 0],
					"position": [0, 2.71892, -1.26785]
				},
				"segment4": {
					"rotation": [-22.5, 0, 0]
				},
				"segment5": {
					"rotation": [-2.5, 0, 0]
				},
				"segment6": {
					"rotation": [7.5, 0, 0]
				},
				"segment7": {
					"rotation": [-2.5, 0, 0]
				},
				"segment8": {
					"rotation": [2.5, 0, 0]
				},
				"segment9": {
					"rotation": [2.5, 0, 0]
				},
				"neck5": {
					"rotation": ["-7.5-math.sin(q.anim_time*90*1-60)*5", 0, 0]
				},
				"tongue": {
					"rotation": [0, 0, 0]
				},
				"top_lip": {
					"rotation": ["-7.5-math.sin(q.anim_time*90*1-60)*3", 0, 0]
				},
				"jaw": {
					"rotation": ["7.5+math.sin(q.anim_time*90*1-120)*3", 0, 0]
				},
				"jaw_lips": {
					"rotation": ["0+math.sin(q.anim_time*90*1-120)*5", 0, 0]
				}
			}
		},
		"animation.gyarados.ground_walk": {
			"loop": true,
			"animation_length": 4,
			"bones": {
				"body": {
					"rotation": [-20, "math.sin(q.anim_time*90*2)*15", 0],
					"position": ["math.sin(q.anim_time*90*2-90)*-4", 14.75, 0]
				},
				"neck1": {
					"rotation": [-20, 0, 0],
					"position": [0, -5.33932, 1.41126]
				},
				"neck2": {
					"rotation": [7.5, 0, 0],
					"position": [0, -1.33121, -0.1428]
				},
				"neck3": {
					"rotation": [17.5, 0, 0],
					"position": [0, -1.78742, 0.35657]
				},
				"neck4": {
					"rotation": [42.5, 0, 0],
					"position": [0, -4.3785, 1.43388]
				},
				"head": {
					"rotation": ["5+math.sin(q.anim_time*90*4-30)*1", "math.sin(q.anim_time*90*2)*-15", "math.sin(q.anim_time*90*2-60)*4"]
				},
				"head_left_fin": {
					"rotation": [
						"-13.1442+math.sin(q.anim_time*90*4-180)*4",
						"-46.6543-math.sin(q.anim_time*90*2-60)*7",
						"-1.6189-(math.sin(q.anim_time*90*2-60)*3-13.3254)"
					]
				},
				"head_right_fin": {
					"rotation": ["-14.2498+math.sin(q.anim_time*90*4-180)*4", "51.5126+math.sin(q.anim_time*90*2-60)*7", "math.sin(q.anim_time*90*2-60)*3-13.3254"]
				},
				"right_whisker": {
					"rotation": [-11.59118, -21.32068, -68.57942]
				},
				"right_whisker3": {
					"rotation": [-0.54143, -14.9407, -24.98847]
				},
				"right_whisker4": {
					"rotation": [2.15638, 15.23049, -12.21316]
				},
				"right_whisker5": {
					"rotation": [0, 17.5, 12.5]
				},
				"right_whisker6": {
					"rotation": [0, -12.5, 10]
				},
				"right_whisker7": {
					"rotation": [0, -17.5, 45]
				},
				"right_whisker8": {
					"rotation": [0, 0, 65]
				},
				"right_whisker9": {
					"rotation": [0, 0, 82.5]
				},
				"left_whisker": {
					"rotation": [-11.59118, 21.32068, 68.57942]
				},
				"left_whisker3": {
					"rotation": [-0.54143, 14.9407, 24.98847]
				},
				"left_whisker4": {
					"rotation": [2.15638, -15.23049, 12.21316]
				},
				"left_whisker5": {
					"rotation": [0, -17.5, -12.5]
				},
				"left_whisker6": {
					"rotation": [0, 12.5, -10]
				},
				"left_whisker7": {
					"rotation": [0, 17.5, -45]
				},
				"left_whisker8": {
					"rotation": [0, 0, -65]
				},
				"left_whisker9": {
					"rotation": [0, 0, -82.5]
				},
				"segment1": {
					"rotation": [55, 0, "math.sin(q.anim_time*90*2-60)*6"]
				},
				"segment2": {
					"rotation": [20.5, 0, "math.sin(q.anim_time*90*2-60)*-6"],
					"position": ["math.sin(q.anim_time*90*2-60)*0.3", 0.5, 0]
				},
				"segment3": {
					"rotation": [38.24777, 0, "math.sin(q.anim_time*90*2-130)*-10"],
					"position": [0, 2.71892, -1.26785]
				},
				"segment4": {
					"rotation": [0.63481, 0, "math.sin(q.anim_time*90*2-160)*-14"]
				},
				"segment5": {
					"rotation": ["math.sin(q.anim_time*90*4-12)*-1-18.5", 0, "math.sin(q.anim_time*90*2-170)*-18"]
				},
				"segment6": {
					"rotation": ["7+math.sin(q.anim_time*90*4-30)*-3", 0, "math.sin(q.anim_time*90*2-230)*-22"]
				},
				"segment7": {
					"rotation": ["math.sin(q.anim_time*90*4-90)*1", 0, "math.sin(q.anim_time*90*2-270)*-26"]
				},
				"segment8": {
					"rotation": ["7.5-math.sin(q.anim_time*90*4-90)*-12.5", 0, "math.sin(q.anim_time*90*2-270)*-26"]
				},
				"segment9": {
					"rotation": [-5, "math.sin(q.anim_time*90*4-90)*5", 0]
				},
				"neck5": {
					"rotation": [-7.5, 0, 0]
				},
				"tongue": {
					"rotation": [0, 0, 0]
				},
				"whiskers": {
					"rotation": [0, "0+math.sin(q.anim_time*90*2-60)*-5", "0+math.sin(q.anim_time*90*2-60)*-5"]
				},
				"tail1": {
					"rotation": {
						"0.0": {
							"post": [12.5503, 9.97848, 0.33122],
							"lerp_mode": "catmullrom"
						},
						"0.125": {
							"post": [12.46265, 9.03433, 2.2087],
							"lerp_mode": "catmullrom"
						},
						"0.1667": {
							"post": [9.7139, 6.75274, 2.46819],
							"lerp_mode": "catmullrom"
						},
						"0.25": {
							"post": [3.00253, 2.90848, 3.18733],
							"lerp_mode": "catmullrom"
						},
						"0.5": {
							"post": [-22.55393, -9.16755, 5.87834],
							"lerp_mode": "catmullrom"
						},
						"0.75": {
							"post": [-13.11, -5.47, 6.53],
							"lerp_mode": "catmullrom"
						},
						"0.875": {
							"post": [2.11, -3.63, 6.85],
							"lerp_mode": "catmullrom"
						},
						"1.0": {
							"post": [12.32636, -1.7811, 7.17295],
							"lerp_mode": "catmullrom"
						},
						"1.0833": {
							"post": [12.79, -2.54, 7.35],
							"lerp_mode": "catmullrom"
						},
						"1.1667": {
							"post": [8.25903, -3.30741, 7.51919],
							"lerp_mode": "catmullrom"
						},
						"1.25": {
							"post": [1.76, -2, 7.09],
							"lerp_mode": "catmullrom"
						},
						"1.375": {
							"post": [-10.48, -0.05, 6.45],
							"lerp_mode": "catmullrom"
						},
						"1.5": {
							"post": [-22.65946, 0.52699, 6.20666],
							"lerp_mode": "catmullrom"
						},
						"1.6667": {
							"post": [-20.92, 3.68, 4.25],
							"lerp_mode": "catmullrom"
						},
						"1.8333": {
							"post": [-1.68, 6.83, 2.29],
							"lerp_mode": "catmullrom"
						},
						"1.9167": {
							"post": [6.4603, 9.39156, 1.44124],
							"lerp_mode": "catmullrom"
						},
						"2.0": {
							"post": [12.5503, 9.97848, 0.33122],
							"lerp_mode": "catmullrom"
						},
						"2.125": {
							"post": [12.46265, 9.03433, 2.2087],
							"lerp_mode": "catmullrom"
						},
						"2.1667": {
							"post": [9.7139, 6.75274, 2.46819],
							"lerp_mode": "catmullrom"
						},
						"2.25": {
							"post": [3.00253, 2.90848, 3.18733],
							"lerp_mode": "catmullrom"
						},
						"2.5": {
							"post": [-22.55393, -9.16755, 5.87834],
							"lerp_mode": "catmullrom"
						},
						"2.75": {
							"post": [-13.11, -5.47, 6.53],
							"lerp_mode": "catmullrom"
						},
						"2.875": {
							"post": [2.11, -3.63, 6.85],
							"lerp_mode": "catmullrom"
						},
						"3.0": {
							"post": [12.32636, -1.7811, 7.17295],
							"lerp_mode": "catmullrom"
						},
						"3.0833": {
							"post": [12.79, -2.54, 7.35],
							"lerp_mode": "catmullrom"
						},
						"3.1667": {
							"post": [8.25903, -3.30741, 7.51919],
							"lerp_mode": "catmullrom"
						},
						"3.25": {
							"post": [1.76, -2, 7.09],
							"lerp_mode": "catmullrom"
						},
						"3.375": {
							"post": [-10.48, -0.05, 6.45],
							"lerp_mode": "catmullrom"
						},
						"3.5": {
							"post": [-22.65946, 0.52699, 6.20666],
							"lerp_mode": "catmullrom"
						},
						"3.6667": {
							"post": [-20.92, 3.68, 4.25],
							"lerp_mode": "catmullrom"
						},
						"3.8333": {
							"post": [-1.68, 6.83, 2.29],
							"lerp_mode": "catmullrom"
						},
						"3.9167": {
							"post": [6.4603, 9.39156, 1.44124],
							"lerp_mode": "catmullrom"
						},
						"4.0": {
							"post": [12.5503, 9.97848, 0.33122],
							"lerp_mode": "catmullrom"
						}
					}
				}
			}
		},
		"animation.gyarados.battle_idle": {
			"loop": true,
			"animation_length": 4,
			"bones": {
				"body": {
					"rotation": [-20, 0, 0],
					"position": [0, 15, -5]
				},
				"neck1": {
					"rotation": [-12.55615, 0.20864, -5.08425],
					"position": [-0.1, -4.63932, 2.01126]
				},
				"neck2": {
					"rotation": ["7.4717+math.sin(q.anim_time*90*1)*2", -0.65182, 4.95744],
					"position": [0, -1.33121, -0.1428]
				},
				"neck3": {
					"rotation": ["17.5+math.sin(q.anim_time*90*1-60)*2", 0, 0],
					"position": [0, -1.78742, 0.35657]
				},
				"neck4": {
					"rotation": [42.5, 0, 0],
					"position": [0, -4.3785, 1.43388]
				},
				"head": {
					"rotation": ["7.5121+math.sin(q.anim_time*90*1-60)*5", -4.99233, -0.27718]
				},
				"head_left_fin": {
					"rotation": [-26.72296, -42.40055, 20.00988]
				},
				"head_right_fin": {
					"rotation": [-26.72296, 42.40055, -20.00988]
				},
				"right_whisker": {
					"rotation": [-11.59118, -21.32068, -68.57942]
				},
				"right_whisker3": {
					"rotation": [-0.54143, -2.4407, -24.98847]
				},
				"right_whisker4": {
					"rotation": [2.20421, -12.25878, -12.78417]
				},
				"right_whisker5": {
					"rotation": [0, 0, 12.5]
				},
				"right_whisker6": {
					"rotation": [0, 15, 10]
				},
				"right_whisker7": {
					"rotation": [-5, -15, 65]
				},
				"right_whisker8": {
					"rotation": [0, 12.5, 85]
				},
				"right_whisker9": {
					"rotation": [0, -7.5, 82.5]
				},
				"left_whisker": {
					"rotation": [-11.59118, 21.32068, 68.57942]
				},
				"left_whisker3": {
					"rotation": [-0.54143, 2.4407, 24.98847]
				},
				"left_whisker4": {
					"rotation": [2.20421, 12.25878, 12.78417]
				},
				"left_whisker5": {
					"rotation": [0, -5, -12.5]
				},
				"left_whisker6": {
					"rotation": [0, -15, -10]
				},
				"left_whisker7": {
					"rotation": [-5, 15, -65]
				},
				"left_whisker8": {
					"rotation": [0, -12.5, -85]
				},
				"left_whisker9": {
					"rotation": [0, 7.5, -82.5]
				},
				"segment1": {
					"rotation": [37.39455, 3.04137, -3.9705]
				},
				"segment2": {
					"rotation": [47.24687, -0.46726, -3.03513],
					"position": [-0.25, 0.80348, 0.04244]
				},
				"segment3": {
					"rotation": [29.27885, 12.85552, -3.53425],
					"position": [0, 2.71892, -1.26785]
				},
				"segment4": {
					"rotation": [-7.2127, -2.68507, -29.7127],
					"position": [-0.25, 1, 0]
				},
				"segment5": {
					"rotation": [0.70793, -1.7799, -52.22953],
					"position": [0, 1.5, 0]
				},
				"segment6": {
					"rotation": [-6.88981, 7.04385, -24.32185]
				},
				"segment7": {
					"rotation": [-0.82082, 6.64657, -29.98759]
				},
				"segment8": {
					"rotation": [2.10708, 7.05302, -44.56145]
				},
				"segment9": {
					"rotation": [4.44416, -2.32894, -19.91834]
				},
				"tail3": {
					"rotation": [2.5, 0, 0]
				},
				"tail1": {
					"rotation": [-2.5, 1, 0]
				},
				"neck5": {
					"rotation": ["-7.5003-math.sin(q.anim_time*90*1-60)*5", 2.63438, 2.35797]
				},
				"whiskers": {
					"rotation": [-2.5, 0, 0]
				},
				"top_lip": {
					"rotation": ["-7.5-math.sin(q.anim_time*90*1-60)*3", 0, 0]
				},
				"jaw": {
					"rotation": ["7.5+math.sin(q.anim_time*90*1-120)*3", 0, 0]
				},
				"jaw_lips": {
					"rotation": ["0+math.sin(q.anim_time*90*1-120)*5", 0, 0]
				},
				"tail2": {
					"rotation": [2.5, 0, 0]
				}
			}
		},
		"animation.gyarados.water_idle": {
			"loop": true,
			"animation_length": 8,
			"bones": {
				"body": {
					"rotation": ["70+math.sin(q.anim_time*90*1.5+25)*1", "math.sin(q.anim_time*90*2)*8.5", 0],
					"position": ["-0.5+math.sin(q.anim_time*90*2+90)*2", "-6-math.sin(q.anim_time*90*1.5-5)*4", -10]
				},
				"neck1": {
					"rotation": ["22.5+math.sin(q.anim_time*90*1.5+90)*9", "math.sin(q.anim_time*90*2+30)*8", 0]
				},
				"neck2": {
					"rotation": ["-17.5+math.sin(q.anim_time*90*1.5+135)*2", "-math.sin(q.anim_time*90*2)*4", "math.sin(q.anim_time*90*2)*8"],
					"position": [0, -0.75, -0.25]
				},
				"neck3": {
					"rotation": ["-10+math.sin(q.anim_time*90*1.5+180)*4", 0, "math.sin(q.anim_time*90*2-30)*4"]
				},
				"neck4": {
					"rotation": ["-12.5+math.sin(q.anim_time*90*1.5+225)*3", 0, 0]
				},
				"neck_spine2": {
					"position": [0, -9.29184, -0.27932]
				},
				"neck_spine1": {
					"rotation": [0, 0, 0]
				},
				"head": {
					"rotation": ["15+math.sin(q.anim_time*90*1.5+225)*9", "0-math.sin(q.anim_time*90*1.5+225)*10", 0]
				},
				"head_left_fin": {
					"rotation": [-24.14611, -56.77406, 28.18679]
				},
				"head_right_fin": {
					"rotation": [-24.14611, 56.77406, -28.18679]
				},
				"right_whisker": {
					"rotation": [-55.81273, 37.77557, -94.4415]
				},
				"left_whisker": {
					"rotation": [-55.81273, -37.77557, 94.4415]
				},
				"segment1": {
					"rotation": ["30+math.sin(q.anim_time*90*1.5+45)*9", 0, 0]
				},
				"segment2": {
					"rotation": ["0+math.sin(q.anim_time*90*1.5-25)*10", 0, "math.sin(q.anim_time*90*2+90)*8"],
					"position": [0, -2.75, -0.25]
				},
				"segment3": {
					"rotation": ["0+math.sin(q.anim_time*90*1.5-70)*10", 0, "math.sin(q.anim_time*90*2+40)*8"]
				},
				"segment4": {
					"rotation": ["0+math.sin(q.anim_time*90*1.5-110)*10", 0, "math.sin(q.anim_time*90*2)*8"]
				},
				"segment5": {
					"rotation": ["0+math.sin(q.anim_time*90*1.5-155)*12", 0, "math.sin(q.anim_time*90*2+30)*7"]
				},
				"segment6": {
					"rotation": ["0+math.sin(q.anim_time*90*1.5-200)*12", 0, "math.sin(q.anim_time*90*2-60)*10"]
				},
				"segment7": {
					"rotation": ["0+math.sin(q.anim_time*90*1.5-235)*13", 0, "math.sin(q.anim_time*90*2-90)*10"]
				},
				"segment8": {
					"rotation": ["0+math.sin(q.anim_time*90*1.5-265)*14", 0, "math.sin(q.anim_time*90*2-100)*10"]
				},
				"segment9": {
					"rotation": ["0+math.sin(q.anim_time*90*1.5-265)*14", 0, "math.sin(q.anim_time*90*2-100)*10"]
				},
				"tail1": {
					"rotation": [0, 0, 7.5]
				},
				"tail2": {
					"rotation": [-2.62304, -1.08498, -0.88278]
				},
				"tail3": {
					"rotation": [-10, 0, 0]
				},
				"right_whisker3": {
					"rotation": [0, -20, 27.5]
				},
				"right_whisker4": {
					"rotation": [-12.40748, -24.73906, 27.73121]
				},
				"right_whisker5": {
					"rotation": [-8.61775, 34.05444, -15.14371]
				},
				"right_whisker6": {
					"rotation": [20.46806, 43.85328, 28.3133]
				},
				"right_whisker7": {
					"rotation": [0, 20, -35]
				},
				"right_whisker8": {
					"rotation": [-25.60124, 2.84903, 39.24655]
				},
				"right_whisker9": {
					"rotation": [-7.24721, -1.93597, 75.12261]
				},
				"left_whisker3": {
					"rotation": [0, 20, -27.5]
				},
				"left_whisker4": {
					"rotation": [-12.40748, 24.73906, -27.73121]
				},
				"left_whisker5": {
					"rotation": [-8.61775, -34.05444, 15.14371]
				},
				"left_whisker6": {
					"rotation": [20.46806, -43.85328, -28.3133]
				},
				"left_whisker7": {
					"rotation": [0, -20, 35]
				},
				"left_whisker8": {
					"rotation": [-25.60124, -2.84903, -39.24655]
				},
				"left_whisker9": {
					"rotation": [-7.24721, 1.93597, -75.12261]
				},
				"neck5": {
					"rotation": [-52.5, 0, 0],
					"position": [0, -2.70708, -1.31227]
				},
				"whiskers": {
					"rotation": [-12.5, 0, 0]
				}
			}
		},
		"animation.gyarados.surfacewater_idle": {
			"loop": true,
			"animation_length": 8,
			"bones": {
				"body": {
					"rotation": ["-25+math.sin(q.anim_time*90*1+90)*4", "math.sin(q.anim_time*90*1)*2", 0],
					"position": ["math.sin(q.anim_time*90*1+45)*0.2", "math.sin(q.anim_time*90*1-65)*1", 0]
				},
				"neck1": {
					"rotation": [5, 0, 0],
					"position": [0, -4.08932, 3.16126]
				},
				"neck2": {
					"rotation": ["-10+math.sin(q.anim_time*90*1)*2", 0, 0],
					"position": [0, -1.33121, -0.1428]
				},
				"neck3": {
					"rotation": ["17.5+math.sin(q.anim_time*90*1-60)*2", 0, 0],
					"position": [0, -1.78742, 0.35657]
				},
				"neck4": {
					"rotation": [42.5, 0, 0],
					"position": [0, -4.3785, 1.43388]
				},
				"head": {
					"rotation": ["7.5+math.sin(q.anim_time*90*1-60)*5", 0, 0]
				},
				"head_left_fin": {
					"rotation": [-26.72296, -42.40055, 20.00988]
				},
				"head_right_fin": {
					"rotation": [-26.72296, 42.40055, -20.00988]
				},
				"right_whisker": {
					"rotation": [-11.59118, -21.32068, -68.57942]
				},
				"right_whisker3": {
					"rotation": [-0.54143, -14.9407, -24.98847]
				},
				"right_whisker4": {
					"rotation": [2.15638, 15.23049, -12.21316]
				},
				"right_whisker5": {
					"rotation": [0, 17.5, 12.5]
				},
				"right_whisker6": {
					"rotation": [0, -12.5, 10]
				},
				"right_whisker7": {
					"rotation": [0, -17.5, 45]
				},
				"right_whisker8": {
					"rotation": [0, 0, 65]
				},
				"right_whisker9": {
					"rotation": [0, 0, 82.5]
				},
				"left_whisker": {
					"rotation": [-11.59118, 21.32068, 68.57942]
				},
				"left_whisker3": {
					"rotation": [-0.54143, 14.9407, 24.98847]
				},
				"left_whisker4": {
					"rotation": [2.15638, -15.23049, 12.21316]
				},
				"left_whisker5": {
					"rotation": [0, -17.5, -12.5]
				},
				"left_whisker6": {
					"rotation": [0, 12.5, -10]
				},
				"left_whisker7": {
					"rotation": [0, 17.5, -45]
				},
				"left_whisker8": {
					"rotation": [0, 0, -65]
				},
				"left_whisker9": {
					"rotation": [0, 0, -82.5]
				},
				"segment1": {
					"rotation": ["57+math.sin(q.anim_time*90*0.5+120)*-2", 0, 0]
				},
				"segment2": {
					"rotation": ["24+math.sin(q.anim_time*90*0.5+90)*-2", 0, "math.sin(q.anim_time*90*1-60)*-2"],
					"position": ["math.sin(q.anim_time*90*1-60)*0.1", 1.25, 0]
				},
				"segment3": {
					"rotation": ["30.5+math.sin(q.anim_time*90*0.5+30)*-3", 0, "math.sin(q.anim_time*90*1-120)*-3"],
					"position": ["math.sin(q.anim_time*90*1-120)*0.1", 0, 0]
				},
				"segment4": {
					"rotation": ["20+math.sin(q.anim_time*90*0.5-30)*-4", 0, "math.sin(q.anim_time*90*1-160)*-5"]
				},
				"segment5": {
					"rotation": ["-9+math.sin(q.anim_time*90*0.5-60)*-5", 0, "math.sin(q.anim_time*90*1-180)*-6"]
				},
				"segment6": {
					"rotation": ["-10+math.sin(q.anim_time*90*0.5-90)*-6", 0, "math.sin(q.anim_time*90*1-200)*-7"]
				},
				"segment7": {
					"rotation": ["math.sin(q.anim_time*90*0.5-120)*-10", 0, "math.sin(q.anim_time*90*1-230)*-8"]
				},
				"segment8": {
					"rotation": ["math.sin(q.anim_time*90*0.5-150)*-15", 0, "math.sin(q.anim_time*90*1-260)*-10"]
				},
				"segment9": {
					"rotation": ["-22.5+math.sin(q.anim_time*90*0.5-180)*-25", "0+math.sin(q.anim_time*90*1-260)*-25", 0]
				},
				"neck5": {
					"rotation": ["-7.5-math.sin(q.anim_time*90*1-60)*5", 0, 0]
				},
				"tongue": {
					"rotation": [0, 0, 0]
				},
				"top_lip": {
					"rotation": ["-7.5-math.sin(q.anim_time*90*1-60)*3", 0, 0]
				},
				"jaw": {
					"rotation": ["7.5+math.sin(q.anim_time*90*1-120)*3", 0, 0]
				},
				"jaw_lips": {
					"rotation": ["0+math.sin(q.anim_time*90*1-120)*5", 0, 0]
				},
				"tail1": {
					"rotation": ["-10+math.sin(q.anim_time*90*0.5-240)*-5", 0, 0]
				}
			}
		},
		"animation.gyarados.surfacewater_swim": {
			"loop": true,
			"animation_length": 8,
			"bones": {
				"body": {
					"rotation": [-20, "math.sin(q.anim_time*90*2)*8", 0],
					"position": ["math.sin(q.anim_time*90*2+90)*2", "0+math.sin(q.anim_time*90*1-85)*-0.4", 0]
				},
				"neck1": {
					"rotation": [5, 0, 0],
					"position": [0, -4.08932, 3.16126]
				},
				"neck2": {
					"rotation": ["-10+math.sin(q.anim_time*90*1)*2", 0, 0],
					"position": [0, -1.33121, -0.1428]
				},
				"neck3": {
					"rotation": ["12.5+math.sin(q.anim_time*90*1+30)*3", 0, "math.sin(q.anim_time*90*2+90)*-2"],
					"position": [0, -1.78742, 0.35657]
				},
				"neck4": {
					"rotation": ["32.5+math.sin(q.anim_time*90*1)*3", 0, "math.sin(q.anim_time*90*2+150)*-1/2"],
					"position": [0, -4.3785, 1.43388]
				},
				"head": {
					"rotation": ["-math.sin(q.anim_time*90*1)*5", "math.sin(q.anim_time*90*2+190)*5", 0]
				},
				"head_left_fin": {
					"rotation": [-26.72296, -42.40055, 20.00988]
				},
				"head_right_fin": {
					"rotation": [-26.72296, 42.40055, -20.00988]
				},
				"right_whisker": {
					"rotation": [-11.59118, -21.32068, -68.57942]
				},
				"right_whisker3": {
					"rotation": [-0.54143, -14.9407, -24.98847]
				},
				"right_whisker4": {
					"rotation": [2.15638, 15.23049, -12.21316]
				},
				"right_whisker5": {
					"rotation": [0, 17.5, 12.5]
				},
				"right_whisker6": {
					"rotation": [0, -12.5, 10]
				},
				"right_whisker7": {
					"rotation": [0, -17.5, 45]
				},
				"right_whisker8": {
					"rotation": [0, 0, 65]
				},
				"right_whisker9": {
					"rotation": [0, 0, 82.5]
				},
				"left_whisker": {
					"rotation": [-11.59118, 21.32068, 68.57942]
				},
				"left_whisker3": {
					"rotation": [-0.54143, 14.9407, 24.98847]
				},
				"left_whisker4": {
					"rotation": [2.15638, -15.23049, 12.21316]
				},
				"left_whisker5": {
					"rotation": [0, -17.5, -12.5]
				},
				"left_whisker6": {
					"rotation": [0, 12.5, -10]
				},
				"left_whisker7": {
					"rotation": [0, 17.5, -45]
				},
				"left_whisker8": {
					"rotation": [0, 0, -65]
				},
				"left_whisker9": {
					"rotation": [0, 0, -82.5]
				},
				"segment1": {
					"rotation": ["50+math.sin(q.anim_time*90*1)*2", 0, "math.sin(q.anim_time*90*2-30)*-3"]
				},
				"segment2": {
					"rotation": ["37.5+math.sin(q.anim_time*90*1-30)*3", 0, "math.sin(q.anim_time*90*2-90)*-6"],
					"position": ["math.sin(q.anim_time*90*1-60)*0.1", 1.25, 0]
				},
				"segment3": {
					"rotation": ["27.5+math.sin(q.anim_time*90*1-60)*4", 0, "math.sin(q.anim_time*90*2-120)*-8"],
					"position": ["math.sin(q.anim_time*90*1-120)*0.1", 0, 0]
				},
				"segment4": {
					"rotation": ["12+math.sin(q.anim_time*90*1-90)*3", 0, "math.sin(q.anim_time*90*2-150)*-10"]
				},
				"segment5": {
					"rotation": ["math.sin(q.anim_time*90*1-120)*3", 0, "math.sin(q.anim_time*90*2-180)*-14"]
				},
				"segment6": {
					"rotation": ["-10+math.sin(q.anim_time*90*1-150)*3", 0, "math.sin(q.anim_time*90*2-210)*-17"]
				},
				"segment7": {
					"rotation": ["-5+math.sin(q.anim_time*90*1-150)*6", 0, "math.sin(q.anim_time*90*2-240)*-21"]
				},
				"segment8": {
					"rotation": [-12.5, "0-math.sin(q.anim_time*90*2-240)*-25", 0]
				},
				"segment9": {
					"rotation": [0, 0, 0]
				},
				"neck5": {
					"rotation": ["-7.5-math.sin(q.anim_time*90*1-60)*5", 0, 0]
				},
				"tongue": {
					"rotation": [0, 0, 0]
				},
				"top_lip": {
					"rotation": ["-7.5-math.sin(q.anim_time*90*1-60)*3", 0, 0]
				},
				"jaw": {
					"rotation": ["7.5+math.sin(q.anim_time*90*1-120)*3", 0, 0]
				},
				"jaw_lips": {
					"rotation": ["0+math.sin(q.anim_time*90*1-120)*5", 0, 0]
				},
				"whiskers": {
					"rotation": ["13-math.sin(q.anim_time*90*1)*7", "math.sin(q.anim_time*90*2+100)*8", 0]
				}
			}
		},
		"animation.gyarados.cry": {
			"animation_length": 1.1667,
			"sound_effects": {
				"0.04": {
					"effect": "pokemon.gyarados.cry"
				}
			},
			"bones": {
				"muzzle": {
					"rotation": {
						"0.0": [0, 0, 0],
						"0.25": [-5, 0, 0],
						"0.75": [-5, 0, 0],
						"0.8333": [-5, 0, 0],
						"1.1667": [0, 0, 0]
					}
				},
				"jaw": {
					"rotation": {
						"0.0": [0, 0, 0],
						"0.25": [20, 0, 0],
						"0.75": [20, 0, 0],
						"0.8333": [20, 0, 0],
						"1.1667": [0, 0, 0]
					}
				},
				"jaw2": {
					"rotation": {
						"0.0": [0, 0, 0],
						"0.25": [45, 0, 0],
						"0.75": [45, 0, 0],
						"0.8333": [45, 0, 0],
						"1.1667": [0, 0, 0]
					}
				},
				"top_lip": {
					"rotation": {
						"0.0": [0, 0, 0],
						"0.25": [-27.5, 0, 0],
						"0.75": [-27.5, 0, 0],
						"0.8333": [-27.5, 0, 0],
						"1.1667": [0, 0, 0]
					},
					"position": {
						"0.0": [0, 0, 0],
						"1.1667": [0, 0, 0]
					}
				},
				"jaw_lips": {
					"rotation": {
						"0.0": [0, 0, 0],
						"0.25": [0, 0, 0],
						"0.75": [0, 0, 0],
						"0.8333": [0, 0, 0],
						"1.1667": [0, 0, 0]
					}
				},
				"mouth": {
					"rotation": {
						"0.0": [0, 0, 0],
						"0.25": [10, 0, 0],
						"0.75": [10, 0, 0],
						"0.8333": [10, 0, 0],
						"1.1667": [0, 0, 0]
					}
				},
				"jaw_right_tooth": {
					"rotation": {
						"0.0": [0, 0, 0],
						"0.25": [-10, 0, 0],
						"0.8333": [-10, 0, 0],
						"1.1667": [0, 0, 0]
					}
				},
				"eyes": {
					"position": {
						"0.0": [0, 0, 0],
						"1.1667": [0, 0, 0]
					}
				},
				"jaw_left_tooth": {
					"rotation": {
						"0.0": [0, 0, 0],
						"0.25": [-10, 0, 0],
						"0.8333": [-10, 0, 0],
						"1.1667": [0, 0, 0]
					}
				},
				"upper_left_tooth": {
					"rotation": {
						"0.0": [0, 0, 0],
						"0.25": [-12.5, 0, 0],
						"0.75": [-12.5, 0, 0],
						"0.8333": [-12.5, 0, 0],
						"1.1667": [0, 0, 0]
					}
				},
				"upper_right_tooth": {
					"rotation": {
						"0.0": [0, 0, 0],
						"0.25": [-12.5, 0, 0],
						"0.75": [-12.5, 0, 0],
						"0.8333": [-12.5, 0, 0],
						"1.1667": [0, 0, 0]
					}
				},
				"head": {
					"rotation": {
						"0.0": [0, 0, 0],
						"0.3333": [-15, 0, 0],
						"0.8333": [-15, 0, 0],
						"1.1667": [0, 0, 0]
					}
				},
				"whiskers": {
					"rotation": {
						"0.0": [0, 0, 0],
						"0.25": [30, 0, 0],
						"0.4167": [37.5, 0, 0],
						"0.5": [30, 0, 0],
						"0.5833": [27.5, 0, 0],
						"0.8333": [30, 0, 0],
						"1.1667": [0, 0, 0]
					}
				},
				"tongue": {
					"rotation": [0, 0, 0]
				},
				"neck5": {
					"rotation": {
						"0.0": [0, 0, 0],
						"0.25": [-10, 0, 0],
						"0.75": [-10, 0, 0],
						"0.8333": [-10, 0, 0],
						"1.1667": [0, 0, 0]
					}
				}
			}
		},
		"animation.gyarados.hawk_tuah": {
			"animation_length": 2.5,
			"bones": {
				"neck4": {
					"rotation": {
						"0.0": [0, 0, 0],
						"0.0833": {
							"pre": [-2.5, 0, 0],
							"post": [-2.5, 0, 0],
							"lerp_mode": "catmullrom"
						},
						"0.2083": {
							"post": [-4, 0, 0],
							"lerp_mode": "catmullrom"
						},
						"0.375": {
							"post": [-2.71, 0, 0],
							"lerp_mode": "catmullrom"
						},
						"0.4583": {
							"post": [1, 0, 0],
							"lerp_mode": "catmullrom"
						},
						"0.5": {
							"post": [4.25, 0, 0],
							"lerp_mode": "catmullrom"
						},
						"0.5417": {
							"post": [6.5, 0, 0],
							"lerp_mode": "catmullrom"
						},
						"0.625": {
							"post": [7.15, 0, 0],
							"lerp_mode": "catmullrom"
						},
						"0.75": {
							"post": [6.8, 0, 0],
							"lerp_mode": "catmullrom"
						},
						"1.25": {
							"post": [3.95, 0, 0],
							"lerp_mode": "catmullrom"
						},
						"1.4167": {
							"post": [0, 0, 0],
							"lerp_mode": "catmullrom"
						},
						"1.5": {
							"post": [3, -1.5, 0],
							"lerp_mode": "catmullrom"
						},
						"1.5833": {
							"post": [5.019, -1.98093, 0],
							"lerp_mode": "catmullrom"
						},
						"1.6667": {
							"post": [3.35, -0.98, 0],
							"lerp_mode": "catmullrom"
						},
						"1.7083": {
							"post": [0.8, 3.02, 0],
							"lerp_mode": "catmullrom"
						},
						"1.7917": {
							"post": [-1.98, 4.02, 0],
							"lerp_mode": "catmullrom"
						},
						"1.875": {
							"post": [-1.31, 1.42, 0],
							"lerp_mode": "catmullrom"
						},
						"1.9167": {
							"post": [1.02, 1.02, 0],
							"lerp_mode": "catmullrom"
						},
						"2.0417": {
							"post": [0.19, 0.02, 0],
							"lerp_mode": "catmullrom"
						},
						"2.1667": {
							"post": [-2.14, 0.02, 0],
							"lerp_mode": "catmullrom"
						},
						"2.25": {
							"post": [-1.48, 0.02, 0],
							"lerp_mode": "catmullrom"
						},
						"2.3333": {
							"post": [0, 0, 0],
							"lerp_mode": "catmullrom"
						},
						"2.5": [0, 0, 0]
					}
				},
				"head": {
					"rotation": {
						"0.0": [0, 0, 0],
						"0.1667": {
							"pre": [16, 0, 0],
							"post": [16, 0, 0],
							"lerp_mode": "catmullrom"
						},
						"0.375": {
							"post": [22.5, 0, 0],
							"lerp_mode": "catmullrom"
						},
						"0.4583": {
							"post": [17.25, 0, 0],
							"lerp_mode": "catmullrom"
						},
						"0.5417": {
							"post": [-10, 0, 0],
							"lerp_mode": "catmullrom"
						},
						"1.375": {
							"post": [0, 0, 0],
							"lerp_mode": "catmullrom"
						},
						"1.4583": {
							"post": [4.53, 0, 0],
							"lerp_mode": "catmullrom"
						},
						"1.5417": {
							"post": [13.06, 0, 0],
							"lerp_mode": "catmullrom"
						},
						"1.6667": {
							"post": [17.21, 0, 0],
							"lerp_mode": "catmullrom"
						},
						"1.7917": {
							"post": [5.38, 0, 0],
							"lerp_mode": "catmullrom"
						},
						"1.9167": {
							"post": [3.34, 0, 0],
							"lerp_mode": "catmullrom"
						},
						"2.0": {
							"post": [5.5, 0, 0],
							"lerp_mode": "catmullrom"
						},
						"2.125": {
							"post": [17.15, 0, 0],
							"lerp_mode": "catmullrom"
						},
						"2.1667": {
							"post": [18.37, 0, 0],
							"lerp_mode": "catmullrom"
						},
						"2.25": {
							"post": [10, 0, 0],
							"lerp_mode": "catmullrom"
						},
						"2.3333": {
							"post": [3.63, 0, 0],
							"lerp_mode": "catmullrom"
						},
						"2.4167": {
							"post": [0, 0, 0],
							"lerp_mode": "catmullrom"
						},
						"2.5": [0, 0, 0]
					}
				},
				"whiskers": {
					"rotation": {
						"0.0": [0, 0, 0],
						"0.0833": [-2, 0, 0],
						"0.2083": [-15, 0, 0],
						"0.4167": [-16, 0, 0],
						"0.5": [-8.75, 0, 0],
						"0.5417": [7.5, 0, 0],
						"0.7917": [5.75, 0, 0],
						"1.2083": [-2.5, 0, 0],
						"1.375": [-11.36, 0, 0],
						"1.5": [-25, 0, 0],
						"1.5833": [-27.5, 0, 0],
						"1.6667": [-27, 0, 0],
						"2.0833": [-13.76, 0, 0],
						"2.25": [-8.38, 0, 0],
						"2.4167": [0, 0, 0],
						"2.5": [0, 0, 0]
					}
				},
				"muzzle": {
					"rotation": {
						"0.0": [0, 0, 0],
						"0.5": {
							"pre": [0, 0, 0],
							"post": [0, 0, 0],
							"lerp_mode": "catmullrom"
						},
						"0.5833": {
							"post": [-7.5, 0, 0],
							"lerp_mode": "catmullrom"
						},
						"0.7083": {
							"post": [0, 0, 0],
							"lerp_mode": "catmullrom"
						},
						"0.7917": {
							"post": [0, 0, 0],
							"lerp_mode": "catmullrom"
						},
						"1.4583": {
							"post": [0, 0, 0],
							"lerp_mode": "catmullrom"
						}
					}
				},
				"top_lip": {
					"rotation": {
						"0.0": [0, 0, 0],
						"0.1667": {
							"pre": [-12.5, 0, 0],
							"post": [-12.5, 0, 0],
							"lerp_mode": "catmullrom"
						},
						"0.3333": {
							"post": [-20, 0, 0],
							"lerp_mode": "catmullrom"
						},
						"0.4167": {
							"post": [-12.5, 0, 0],
							"lerp_mode": "catmullrom"
						},
						"0.5": {
							"post": [-10, 0, 0],
							"lerp_mode": "catmullrom"
						},
						"0.5833": {
							"post": [-12.5, 0, 0],
							"lerp_mode": "catmullrom"
						},
						"0.6667": {
							"post": [-17.75, 0, 0],
							"lerp_mode": "catmullrom"
						},
						"0.75": {
							"post": [-22, 0, 0],
							"lerp_mode": "catmullrom"
						},
						"0.9583": {
							"post": [-25, 0, 0],
							"lerp_mode": "catmullrom"
						},
						"1.0833": {
							"post": [-19.4, 0, 0],
							"lerp_mode": "catmullrom"
						},
						"1.3333": {
							"post": [-4, 0, 0],
							"lerp_mode": "catmullrom"
						},
						"1.4583": {
							"post": [0, 0, 0],
							"lerp_mode": "catmullrom"
						},
						"1.5417": {
							"post": [-0.57, 0, 0],
							"lerp_mode": "catmullrom"
						},
						"1.6667": {
							"post": [-3.73, 0, 0],
							"lerp_mode": "catmullrom"
						},
						"1.75": {
							"post": [-12.5, 0, 0],
							"lerp_mode": "catmullrom"
						},
						"1.8333": {
							"post": [-0.69, 0, 0],
							"lerp_mode": "catmullrom"
						},
						"1.875": {
							"post": [-5.29, 0, 0],
							"lerp_mode": "catmullrom"
						},
						"2.0417": {
							"post": [-24.22, 0, 0],
							"lerp_mode": "catmullrom"
						},
						"2.4167": {
							"post": [0, 0, 0],
							"lerp_mode": "catmullrom"
						},
						"2.5": [0, 0, 0]
					}
				},
				"jaw": {
					"rotation": {
						"0.0": [0, 0, 0],
						"0.1667": {
							"pre": [15, 0, 0],
							"post": [15, 0, 0],
							"lerp_mode": "catmullrom"
						},
						"0.3333": {
							"post": [27.5, 0, 0],
							"lerp_mode": "catmullrom"
						},
						"0.4583": {
							"post": [12.5, 0, 0],
							"lerp_mode": "catmullrom"
						},
						"0.5": {
							"post": [5, 0, 0],
							"lerp_mode": "catmullrom"
						},
						"0.5833": {
							"post": [10, 0, 0],
							"lerp_mode": "catmullrom"
						},
						"0.75": {
							"post": [30, 0, 0],
							"lerp_mode": "catmullrom"
						},
						"1.375": {
							"post": [0, 0, 0],
							"lerp_mode": "catmullrom"
						},
						"1.4583": {
							"post": [4.67, 0, 0],
							"lerp_mode": "catmullrom"
						},
						"1.5": {
							"post": [10, 0, 0],
							"lerp_mode": "catmullrom"
						},
						"1.5417": {
							"post": [2.5, 0, 0],
							"lerp_mode": "catmullrom"
						},
						"1.5833": {
							"post": [1, 0, 0],
							"lerp_mode": "catmullrom"
						},
						"1.7083": {
							"post": [18.5, 0, 0],
							"lerp_mode": "catmullrom"
						},
						"1.75": {
							"post": [15.33, 0, 0],
							"lerp_mode": "catmullrom"
						},
						"1.8333": {
							"post": [0, 0, 0],
							"lerp_mode": "catmullrom"
						},
						"1.9583": {
							"post": [8.17, 0, 0],
							"lerp_mode": "catmullrom"
						},
						"2.0417": {
							"post": [25, 0, 0],
							"lerp_mode": "catmullrom"
						},
						"2.4167": {
							"post": [0, 0, 0],
							"lerp_mode": "catmullrom"
						},
						"2.5": [0, 0, 0]
					}
				},
				"jaw2": {
					"rotation": {
						"0.0": [0, 0, 0],
						"0.3333": {
							"pre": [6.67, 0, 0],
							"post": [6.67, 0, 0],
							"lerp_mode": "catmullrom"
						},
						"0.4583": {
							"post": [-5, 0, 0],
							"lerp_mode": "catmullrom"
						},
						"0.5417": {
							"post": [7.5, 0, 0],
							"lerp_mode": "catmullrom"
						},
						"0.6667": {
							"post": [2, 0, 0],
							"lerp_mode": "catmullrom"
						},
						"0.75": {
							"post": [2.5, 0, 0],
							"lerp_mode": "catmullrom"
						},
						"0.9583": {
							"post": [9.26, 0, 0],
							"lerp_mode": "catmullrom"
						},
						"1.0833": {
							"post": [7.95, 0, 0],
							"lerp_mode": "catmullrom"
						},
						"1.2083": {
							"post": [2.03, 0, 0],
							"lerp_mode": "catmullrom"
						},
						"1.2917": {
							"post": [0.42, 0, 0],
							"lerp_mode": "catmullrom"
						},
						"1.4583": {
							"post": [0, 0, 0],
							"lerp_mode": "catmullrom"
						},
						"1.5833": {
							"post": [-0.5, 0, 0],
							"lerp_mode": "catmullrom"
						},
						"1.7083": {
							"post": [-5, 0, 0],
							"lerp_mode": "catmullrom"
						},
						"1.8333": {
							"post": [-2, 0, 0],
							"lerp_mode": "catmullrom"
						},
						"1.9583": {
							"post": [5.5, 0, 0],
							"lerp_mode": "catmullrom"
						},
						"2.0417": {
							"post": [12.5, 0, 0],
							"lerp_mode": "catmullrom"
						},
						"2.1667": {
							"post": [13.72, 0, 0],
							"lerp_mode": "catmullrom"
						},
						"2.4167": {
							"post": [0, 0, 0],
							"lerp_mode": "catmullrom"
						},
						"2.5": [0, 0, 0]
					}
				},
				"jaw_lips": {
					"rotation": {
						"0.0": [0, 0, 0],
						"0.1667": {
							"pre": [6.17, 0, 0],
							"post": [6.17, 0, 0],
							"lerp_mode": "catmullrom"
						},
						"0.3333": {
							"post": [7.5, 0, 0],
							"lerp_mode": "catmullrom"
						},
						"0.4583": {
							"post": [2.5, 0, 0],
							"lerp_mode": "catmullrom"
						},
						"0.5": {
							"post": [-5, 0, 0],
							"lerp_mode": "catmullrom"
						},
						"0.5833": {
							"post": [-5, 0, 0],
							"lerp_mode": "catmullrom"
						},
						"0.6667": {
							"post": [4.25, 0, 0],
							"lerp_mode": "catmullrom"
						},
						"0.75": {
							"post": [8, 0, 0],
							"lerp_mode": "catmullrom"
						},
						"0.8333": {
							"post": [7, 0, 0],
							"lerp_mode": "catmullrom"
						},
						"0.9167": {
							"post": [5.25, 0, 0],
							"lerp_mode": "catmullrom"
						},
						"1.0": {
							"post": [2.75, 0, 0],
							"lerp_mode": "catmullrom"
						},
						"1.0833": {
							"post": [1.06, 0, 0],
							"lerp_mode": "catmullrom"
						},
						"1.2083": {
							"post": [0.71, 0, 0],
							"lerp_mode": "catmullrom"
						},
						"1.4167": {
							"post": [0, 0, 0],
							"lerp_mode": "catmullrom"
						},
						"1.4583": {
							"post": [1.75, 0, 0],
							"lerp_mode": "catmullrom"
						},
						"1.5": {
							"post": [7.5, 0, 0],
							"lerp_mode": "catmullrom"
						},
						"1.5417": {
							"post": [0, 0, 0],
							"lerp_mode": "catmullrom"
						},
						"1.625": {
							"post": [2, 0, 0],
							"lerp_mode": "catmullrom"
						},
						"1.6667": {
							"post": [7.5, 0, 0],
							"lerp_mode": "catmullrom"
						},
						"1.7083": {
							"post": [7.75, 0, 0],
							"lerp_mode": "catmullrom"
						},
						"1.75": {
							"post": [5, 0, 0],
							"lerp_mode": "catmullrom"
						},
						"1.8333": {
							"post": [0, 0, 0],
							"lerp_mode": "catmullrom"
						},
						"1.9583": {
							"post": [-2.2, 0, 0],
							"lerp_mode": "catmullrom"
						},
						"2.0": {
							"post": [1.44, 0, 0],
							"lerp_mode": "catmullrom"
						},
						"2.0417": {
							"post": [7, 0, 0],
							"lerp_mode": "catmullrom"
						},
						"2.1667": {
							"post": [7.34, 0, 0],
							"lerp_mode": "catmullrom"
						},
						"2.4167": {
							"post": [0, 0, 0],
							"lerp_mode": "catmullrom"
						},
						"2.5": [0, 0, 0]
					}
				},
				"tongue": {
					"rotation": {
						"0.0": [0, 0, 0],
						"0.0833": {
							"pre": [-8.5, 0, 0],
							"post": [-8.5, 0, 0],
							"lerp_mode": "catmullrom"
						},
						"0.1667": {
							"post": [-15, 0, 0],
							"lerp_mode": "catmullrom"
						},
						"0.25": {
							"post": [-18.5, 0, 0],
							"lerp_mode": "catmullrom"
						},
						"0.3333": {
							"post": [-20, 0, 0],
							"lerp_mode": "catmullrom"
						},
						"0.375": {
							"post": [-6, 0, 0],
							"lerp_mode": "catmullrom"
						},
						"0.4167": {
							"post": [0, 0, 0],
							"lerp_mode": "catmullrom"
						},
						"0.5": {
							"post": [0, 0, 0],
							"lerp_mode": "catmullrom"
						},
						"0.5417": {
							"post": [-10, 0, 0],
							"lerp_mode": "catmullrom"
						},
						"0.5833": {
							"post": [-17.33, 0, 0],
							"lerp_mode": "catmullrom"
						},
						"0.6667": {
							"post": [-22.5, 0, 0],
							"lerp_mode": "catmullrom"
						},
						"0.7083": {
							"post": [-9, 0, 0],
							"lerp_mode": "catmullrom"
						},
						"0.7917": {
							"post": [0, 0, 0],
							"lerp_mode": "catmullrom"
						},
						"1.875": {
							"post": [0, 0, 0],
							"lerp_mode": "catmullrom"
						},
						"1.9583": {
							"post": [-5, 0, 0],
							"lerp_mode": "catmullrom"
						},
						"2.0": {
							"post": [-12, 0, 0],
							"lerp_mode": "catmullrom"
						},
						"2.0833": {
							"post": [-15, 0, 0],
							"lerp_mode": "catmullrom"
						},
						"2.1667": {
							"post": [-10, 0, 0],
							"lerp_mode": "catmullrom"
						},
						"2.2083": {
							"post": [0, 0, 0],
							"lerp_mode": "catmullrom"
						},
						"2.5": [0, 0, 0]
					}
				},
				"head_right_fin": {
					"rotation": {
						"0.0": [0, 0, 0],
						"0.2083": {
							"pre": [0, -24.25, 0],
							"post": [0, -24.25, 0],
							"lerp_mode": "catmullrom"
						},
						"0.4583": {
							"post": [0, -34.5, 0],
							"lerp_mode": "catmullrom"
						},
						"0.5833": {
							"post": [0, -18, 0],
							"lerp_mode": "catmullrom"
						},
						"0.6667": {
							"post": [0, 5.5, 0],
							"lerp_mode": "catmullrom"
						},
						"0.9167": {
							"post": [0, 1.78, 0],
							"lerp_mode": "catmullrom"
						},
						"1.3333": {
							"post": [0, 0, 0],
							"lerp_mode": "catmullrom"
						},
						"1.4583": {
							"post": [0, -5.5, 0],
							"lerp_mode": "catmullrom"
						},
						"1.5417": {
							"post": [0, -25, 0],
							"lerp_mode": "catmullrom"
						},
						"1.6667": {
							"post": [0, -25, 0],
							"lerp_mode": "catmullrom"
						},
						"1.75": {
							"post": [0, -12.5, 0],
							"lerp_mode": "catmullrom"
						},
						"1.9167": {
							"post": [0, -3.75, 0],
							"lerp_mode": "catmullrom"
						},
						"2.0": {
							"post": [0, -9.42, 0],
							"lerp_mode": "catmullrom"
						},
						"2.0833": {
							"post": [0, -21.5, 0],
							"lerp_mode": "catmullrom"
						},
						"2.1667": {
							"post": [0, -21.02, 0],
							"lerp_mode": "catmullrom"
						},
						"2.25": {
							"post": [0, -9.54, 0],
							"lerp_mode": "catmullrom"
						},
						"2.3333": {
							"post": [0, 0, 0],
							"lerp_mode": "catmullrom"
						},
						"2.5": [0, 0, 0]
					}
				},
				"head_left_fin": {
					"rotation": {
						"0.0": [0, 0, 0],
						"0.2083": {
							"pre": [0, 24.25, 0],
							"post": [0, 24.25, 0],
							"lerp_mode": "catmullrom"
						},
						"0.4583": {
							"post": [0, 34.5, 0],
							"lerp_mode": "catmullrom"
						},
						"0.5833": {
							"post": [0, 18, 0],
							"lerp_mode": "catmullrom"
						},
						"0.6667": {
							"post": [0, -5.5, 0],
							"lerp_mode": "catmullrom"
						},
						"0.9167": {
							"post": [0, -1.78, 0],
							"lerp_mode": "catmullrom"
						},
						"1.3333": {
							"post": [0, 0, 0],
							"lerp_mode": "catmullrom"
						},
						"1.4583": {
							"post": [0, 5.5, 0],
							"lerp_mode": "catmullrom"
						},
						"1.5417": {
							"post": [0, 25, 0],
							"lerp_mode": "catmullrom"
						},
						"1.6667": {
							"post": [0, 25, 0],
							"lerp_mode": "catmullrom"
						},
						"1.75": {
							"post": [0, 12.5, 0],
							"lerp_mode": "catmullrom"
						},
						"1.9167": {
							"post": [0, 3.75, 0],
							"lerp_mode": "catmullrom"
						},
						"2.0": {
							"post": [0, 9.42, 0],
							"lerp_mode": "catmullrom"
						},
						"2.0833": {
							"post": [0, 21.5, 0],
							"lerp_mode": "catmullrom"
						},
						"2.1667": {
							"post": [0, 21.02, 0],
							"lerp_mode": "catmullrom"
						},
						"2.25": {
							"post": [0, 9.54, 0],
							"lerp_mode": "catmullrom"
						},
						"2.3333": {
							"post": [0, 0, 0],
							"lerp_mode": "catmullrom"
						},
						"2.5": [0, 0, 0]
					}
				},
				"neck5": {
					"rotation": {
						"0.0": [0, 0, 0],
						"0.0833": {
							"pre": [-4.5, 0, 0],
							"post": [-4.5, 0, 0],
							"lerp_mode": "catmullrom"
						},
						"0.2083": {
							"post": [-7, 0, 0],
							"lerp_mode": "catmullrom"
						},
						"0.375": {
							"post": [-4.71, 0, 0],
							"lerp_mode": "catmullrom"
						},
						"0.4583": {
							"post": [-1, 0, 0],
							"lerp_mode": "catmullrom"
						},
						"0.5": {
							"post": [4.25, 0, 0],
							"lerp_mode": "catmullrom"
						},
						"0.5417": {
							"post": [8.5, 0, 0],
							"lerp_mode": "catmullrom"
						},
						"0.625": {
							"post": [9.15, 0, 0],
							"lerp_mode": "catmullrom"
						},
						"0.7083": {
							"post": [7.8, 0, 0],
							"lerp_mode": "catmullrom"
						},
						"1.2083": {
							"post": [3.95, 0, 0],
							"lerp_mode": "catmullrom"
						},
						"1.375": {
							"post": [0, 0, 0],
							"lerp_mode": "catmullrom"
						},
						"1.4583": {
							"post": [5, -1.5, 0],
							"lerp_mode": "catmullrom"
						},
						"1.5417": {
							"post": [7.019, -1.98093, 0],
							"lerp_mode": "catmullrom"
						},
						"1.625": {
							"post": [5.35, -0.98, 0],
							"lerp_mode": "catmullrom"
						},
						"1.6667": {
							"post": [0.8, 3.02, 0],
							"lerp_mode": "catmullrom"
						},
						"1.75": {
							"post": [-2.98, 4.02, 0],
							"lerp_mode": "catmullrom"
						},
						"1.8333": {
							"post": [-1.31, 1.42, 0],
							"lerp_mode": "catmullrom"
						},
						"1.875": {
							"post": [2.02, 1.02, 0],
							"lerp_mode": "catmullrom"
						},
						"2.0": {
							"post": [0.19, 0.02, 0],
							"lerp_mode": "catmullrom"
						},
						"2.2083": {
							"post": [-2.48, 0.02, 0],
							"lerp_mode": "catmullrom"
						},
						"2.375": {
							"post": [0, 0, 0],
							"lerp_mode": "catmullrom"
						},
						"2.5": [0, 0, 0]
					}
				}
			},
			"sound_effects": {
				"0.0": {
					"effect": "talktuah.mp3"
				}
			}
		},
		"animation.gyarados.sashimi": {
			"loop": true,
			"bones": {
				"neck2": {
					"position": [0, 7, 0]
				},
				"neck3": {
					"position": [0, 7, 0]
				},
				"neck4": {
					"position": [0, 8, 0]
				},
				"neck1": {
					"position": [0, 7, 0]
				},
				"segment2": {
					"position": [0, -11, 0]
				},
				"segment3": {
					"position": [0, -7, 0]
				},
				"segment4": {
					"position": [0, -8, 0]
				},
				"segment5": {
					"position": [0, -10, 0]
				},
				"segment6": {
					"position": [0, -6, 0]
				},
				"segment7": {
					"position": [0, -8, 0]
				},
				"segment8": {
					"position": [0, -10, 0]
				},
				"head": {
					"position": [0, 0, -16]
				},
				"segment9": {
					"position": [0, -13, 0]
				},
				"tail1": {
					"position": [0, -11, 0]
				},
				"neck5": {
					"position": [0, 11, 0]
				}
			}
		},
		"animation.gyarados.Snek": {
			"loop": true,
			"bones": {
				"gyarados": {
					"rotation": [90, 0, 0]
				},
				"neck5": {
					"rotation": [-90, 0, 0],
					"position": [0, 10, -3]
				}
			}
		},
		"animation.gyarados.blink": {
			"animation_length": 0.1667,
			"bones": {
				"eyelid_right": {
					"position": {
						"0.0": [-0.1, 0, -0.1],
						"0.125": [-0.1, 0, -0.1],
						"0.1667": [0, 0, 0]
					}
				},
				"eyelid_left": {
					"position": {
						"0.0": [0.1, 0, -0.1],
						"0.125": [0.1, 0, -0.1],
						"0.1667": [0, 0, 0]
					}
				}
			}
		},
		"animation.gyarados.pose": {
			"loop": true,
			"bones": {
				"body": {
					"rotation": [-20, 0, 0],
					"position": [0, 15, -5]
				},
				"neck1": {
					"rotation": [-12.53569, 0.75178, -2.64387],
					"position": [-0.1, -4.63932, 2.01126]
				},
				"neck2": {
					"rotation": [-7.99298, 0, 7.86157],
					"position": [0.25, -2, -0.5]
				},
				"neck3": {
					"rotation": [41.83424, 0, 0],
					"position": [0, -3.25, 1]
				},
				"neck4": {
					"rotation": [22.42287, -1.91134, 4.62111],
					"position": [0, -2.15, 0.25]
				},
				"head": {
					"rotation": [2.73382, -27.35852, 0.46154]
				},
				"head_left_fin": {
					"rotation": [-26.72296, -42.40055, 20.00988]
				},
				"head_right_fin": {
					"rotation": [-26.72296, 42.40055, -20.00988]
				},
				"right_whisker": {
					"rotation": [-11.59118, -21.32068, -68.57942]
				},
				"right_whisker3": {
					"rotation": [-0.54143, -2.4407, -24.98847]
				},
				"right_whisker4": {
					"rotation": [2.20421, -12.25878, -12.78417]
				},
				"right_whisker5": {
					"rotation": [0, 0, 12.5]
				},
				"right_whisker6": {
					"rotation": [0, 15, 10]
				},
				"right_whisker7": {
					"rotation": [-5, -15, 65]
				},
				"right_whisker8": {
					"rotation": [0, 12.5, 85]
				},
				"right_whisker9": {
					"rotation": [0, -7.5, 82.5]
				},
				"left_whisker": {
					"rotation": [-11.59118, 21.32068, 68.57942]
				},
				"left_whisker3": {
					"rotation": [-0.54143, 2.4407, 24.98847]
				},
				"left_whisker4": {
					"rotation": [2.32732, 22.251, 13.19763]
				},
				"left_whisker5": {
					"rotation": [0, 12.5, -12.5]
				},
				"left_whisker6": {
					"rotation": [0, 10, -10]
				},
				"left_whisker7": {
					"rotation": [-5, 15, -65]
				},
				"left_whisker8": {
					"rotation": [0, -12.5, -85]
				},
				"left_whisker9": {
					"rotation": [0, 7.5, -82.5]
				},
				"segment1": {
					"rotation": [37.39455, 3.04137, -3.9705]
				},
				"segment2": {
					"rotation": [29.74687, -0.46726, -3.03513],
					"position": [-0.25, 0.80348, 0.04244]
				},
				"segment3": {
					"rotation": [11.77885, 12.85552, -3.53425],
					"position": [0, 2.71892, -1.26785]
				},
				"segment4": {
					"rotation": [20.2873, -2.68507, -29.7127],
					"position": [-0.25, 1, 0]
				},
				"segment5": {
					"rotation": [14.06537, 9.90204, -38.28537],
					"position": [0, 1.5, 0]
				},
				"segment6": {
					"rotation": [1.82974, 6.83039, -14.2502]
				},
				"segment7": {
					"rotation": [-28.32082, 6.64657, -29.98759]
				},
				"segment8": {
					"rotation": [-23.10159, 5.90635, -24.4643]
				},
				"segment9": {
					"rotation": [-18.05584, -2.32894, -19.91834]
				},
				"tail3": {
					"rotation": [-12.5, 0, 0]
				},
				"tail1": {
					"rotation": [-2.6735, 0.31913, -14.98563]
				},
				"neck5": {
					"rotation": [-9.91565, -1.16391, 7.8178]
				},
				"whiskers": {
					"rotation": [30, 0, 0]
				},
				"gyarados": {
					"rotation": [-6.25038, 39.58992, -9.7516]
				},
				"mouth": {
					"rotation": [10, 0, 0]
				},
				"muzzle": {
					"rotation": [-5, 0, 0]
				},
				"upper_left_tooth": {
					"rotation": [-12.5, 0, 0]
				},
				"upper_right_tooth": {
					"rotation": [-12.5, 0, 0]
				},
				"top_lip": {
					"rotation": [-27.5, 0, 0]
				},
				"jaw": {
					"rotation": [20, 0, 0]
				},
				"jaw2": {
					"rotation": [27.5, 0, 0]
				},
				"jaw_right_tooth": {
					"rotation": [-10, 0, 0]
				},
				"jaw_left_tooth": {
					"rotation": [-10, 0, 0]
				},
				"jaw_lips": {
					"rotation": [0, 0, 0]
				},
				"tail2": {
					"rotation": [-5, 0, 0]
				}
			}
		},
		"animation.gyarados.happy": {
			"loop": true,
			"bones": {
				"head": {
					"rotation": [-7.43656, -0.9762, -7.43656]
				},
				"top_lip": {
					"rotation": [-5, 0, 0]
				},
				"jaw": {
					"rotation": [12.5, 0, 0]
				},
				"jaw_lips": {
					"rotation": [5, 0, 0]
				},
				"right_pupil": {
					"position": [0, 0, 0.1]
				},
				"left_pupil": {
					"position": [0, 0, 0.1]
				},
				"right_happy_pupil": {
					"position": [0, 0, -0.1]
				},
				"left_happy_pupil": {
					"position": [0, 0, -0.1]
				}
			}
		},
		"animation.gyarados.surprise": {
			"loop": true,
			"bones": {
				"top_lip": {
					"rotation": [-22.5, 0, 0]
				},
				"jaw": {
					"rotation": [30, 0, 0]
				},
				"jaw2": {
					"rotation": [2.5, 0, 0]
				},
				"jaw_lips": {
					"rotation": [7.5, 0, 0]
				},
				"right_pupil": {
					"scale": 0.55
				},
				"left_pupil": {
					"scale": 0.55
				}
			}
		},
		"animation.gyarados.unamused": {
			"loop": true,
			"bones": {
				"head": {
					"rotation": [-10, 0, 0]
				},
				"whiskers": {
					"rotation": [15, 0, 0]
				},
				"eyelid_expressions_right": {
					"position": [-0.1, 0, -0.1]
				},
				"eyelid_expressions_right3": {
					"position": [0, -0.5, 0]
				},
				"eyelid_expressions_right2": {
					"position": [0, -0.5, 0]
				},
				"eyelid_expressions_left": {
					"position": [0.1, 0, -0.1]
				},
				"eyelid_expressions_left2": {
					"position": [0, -0.5, 0]
				},
				"eyelid_expressions_left3": {
					"position": [0, -0.5, 0]
				}
			}
		},
		"animation.gyarados.sad": {
			"loop": true,
			"bones": {
				"head": {
					"rotation": [10, 0, 0]
				},
				"right_whisker5": {
					"rotation": [0, -50, 0]
				},
				"right_whisker6": {
					"rotation": [0, 27.5, 0]
				},
				"right_whisker7": {
					"rotation": [0, 50, 0]
				},
				"left_whisker5": {
					"rotation": [0, 50, 0]
				},
				"left_whisker6": {
					"rotation": [0, -27.5, 0]
				},
				"left_whisker7": {
					"rotation": [0, -50, 0]
				},
				"top_lip": {
					"rotation": [-12.5, 0, 0]
				},
				"jaw": {
					"rotation": [12.5, 0, 0]
				},
				"jaw2": {
					"rotation": [2.5, 0, 0]
				},
				"jaw_lips": {
					"rotation": [2.5, 0, 0]
				},
				"right_pupil": {
					"position": [0, 0, 0.1]
				},
				"right_sad_pupil": {
					"position": [0, 0, -0.1]
				},
				"left_pupil": {
					"position": [0, 0, 0.1]
				},
				"tear_right": {
					"position": [-0.1, -0.5, -0.1]
				},
				"tear_left": {
					"position": [0.1, -0.5, -0.1]
				},
				"left_sad_pupil": {
					"position": [0, 0, -0.1]
				}
			}
		},
		"animation.gyarados.blush": {
			"loop": true,
			"bones": {
				"blush_right": {
					"position": [-0.1, 0, 0]
				},
				"blush_left": {
					"position": [0.1, 0, 0]
				}
			}
		}
	}
}