{
  "format_version": "1.8.0",
  "animations": {
    "animation.golem_alolan.ground_walk": {
      "loop": true,
      "animation_length": 1.5,
      "bones": {
        "body": {
          "position": {
            "0.0": [0, 2.25, 0],
            "0.25": [0, -1.18, 0],
            "0.5833": [0, -0.07, 0],
            "0.625": [0, -1.4, 0],
            "0.6667": [0, -0.27, 0],
            "0.875": [0, 1.1, 0],
            "1.0833": [0, -0.55, 0],
            "1.4167": [0, -0.07, 0],
            "1.4583": [0, -1.4, 0],
            "1.5": [0, 1, 0]
          },
          "scale": {
            "0.0": [1, 1, 1],
            "0.5417": [1, 1, 1],
            "0.5833": [1, 1.1, 1],
            "0.625": [1, 0.9, 1],
            "0.6667": [1, 1.03, 1],
            "0.7083": [1, 1, 1],
            "1.375": [1, 1, 1],
            "1.4167": [1, 1.1, 1],
            "1.4583": [1, 0.9, 1],
            "1.5": [1, 1, 1]
          }
        },
        "torso": {
          "rotation": {
            "0.0": [10, 0, 0],
            "0.4583": [19.44264, -0.04932, 0.27733],
            "0.75": [19.9299, 1.70818, -4.69986],
            "1.0417": [19.44071, 0.28354, -0.66565],
            "1.5": [10, 0, 0]
          },
          "position": [0, 0, 0]
        },
        "head": {
          "rotation": {
            "0.0": [10, 0, 0],
            "0.75": [-5, 0, 0],
            "1.5": [10, 0, 0]
          }
        },
        "arm_right": {
          "rotation": {
            "0.0": [0, 0, -15],
            "0.75": [-49.8924, 3.82821, -11.78127],
            "1.5": [0, 0, -15]
          }
        },
        "arm_right2": {
          "rotation": [0, 0, -52.5]
        },
        "arm_left": {
          "rotation": {
            "0.0": [-2.3273, 24.89837, 21.98615],
            "0.75": [-51.74499, 19.08331, 16.87443],
            "1.5": [-2.3273, 24.89837, 21.98615]
          }
        },
        "arm_left2": {
          "rotation": [0, 0, 40]
        },
        "leg_right": {
          "rotation": {
            "0.0": [-10, 0, 0],
            "0.75": [62.5, 0, 0],
            "1.5": [-10, 0, 0]
          }
        },
        "leg_right2": {
          "rotation": {
            "0.0": [-2.5, 0, 0],
            "0.75": [-2.5, 0, 0],
            "1.5": [-2.5, 0, 0]
          }
        },
        "foot_right": {
          "rotation": {
            "0.0": [30, 0, 0],
            "0.75": [47.5, 0, 0],
            "1.2917": [1.53, 0, 0],
            "1.5": [27.5, 0, 0]
          }
        },
        "leg_left": {
          "rotation": {
            "0.0": [42.5, 0, 0],
            "0.75": [-17.5, 0, 0],
            "1.5": [42.5, 0, 0]
          }
        },
        "leg_left2": {
          "rotation": {
            "0.0": [27.5, 0, 0],
            "0.75": [-10, 0, 0],
            "1.5": [27.5, 0, 0]
          }
        },
        "foot_left": {
          "rotation": {
            "0.0": [32.5, 0, 0],
            "0.2917": [-13.89, 0, 0],
            "0.75": [30, 0, 0],
            "1.5": [32.5, 0, 0]
          }
        },
        "electric6": {
          "position": {
            "0.0": [0, 0, 0],
            "0.1667": [-8, 0, 0]
          },
          "scale": {
            "0.0": [1, 0.4, 1],
            "0.1667": [0.0778, 1, 1],
            "1.5": [-0.1, 1, 1]
          }
        },
        "electric11": {
          "position": {
            "0.125": [-1, 0, 0],
            "1.5": [-2, 0, 0]
          },
          "scale": {
            "0.0": [1, 0.1, 1],
            "0.1667": [0.0889, 1, 1],
            "1.5": [0, 1, 1]
          }
        },
        "finger_right": {
          "rotation": [0, 0, -40]
        },
        "finger_right2": {
          "rotation": [-40, 0, 0],
          "position": [0, 0, -1.5]
        },
        "finger_right3": {
          "rotation": [45, 0, 0],
          "position": [0, 0.3, 1.5]
        },
        "finger_left": {
          "rotation": [0, 0, 50]
        },
        "finger_left2": {
          "rotation": [-50, 0, 0],
          "position": [0, -1, -2]
        },
        "finger_left3": {
          "rotation": [42.5, 0, 0],
          "position": [0, 0, 1.2]
        }
      }
    },
    "animation.golem_alolan.battle_idle": {
      "loop": true,
      "animation_length": 1,
      "bones": {
        "jaw": {
          "rotation": {
            "0.0": [0, 0, 0],
            "0.375": [5, 0, 0],
            "1.0": [0, 0, 0]
          }
        },
        "arm_right": {
          "rotation": [32.95016, -3.77929, -11.06809]
        },
        "arm_right2": {
          "rotation": [-9.00717, -20.70481, 24.14867]
        },
        "hand_right": {
          "rotation": [-106.69078, -14.50488, 11.41713]
        },
        "finger_right": {
          "rotation": [0, 0, -45]
        },
        "finger_right2": {
          "rotation": [-77.5, 22.5, 0]
        },
        "finger_right3": {
          "rotation": [75, 25, 0]
        },
        "arm_left": {
          "rotation": [38.77558, 22.16435, 5.88276]
        },
        "arm_left2": {
          "rotation": [-8.57467, 10.82163, -22.56262]
        },
        "hand_left": {
          "rotation": [-119.90516, 5.34228, 10.63601]
        },
        "finger_left": {
          "rotation": [0, 0, 62.5]
        },
        "finger_left2": {
          "rotation": [-60, 40, 0]
        },
        "finger_left3": {
          "rotation": [60, -40, 0]
        },
        "leg_right": {
          "rotation": [0, 0, 0]
        },
        "electric6": {
          "rotation": {
            "0.0": [0, 0, 0],
            "0.25": [0, 0, 3.75],
            "0.5": [0, 0, -7.5],
            "1.0": [0, 0, 0]
          },
          "position": {
            "0.0": [0, 0, 0],
            "0.375": [0, 0, 0],
            "0.4167": [-8, 0, 0],
            "0.4583": [0, 0, 0],
            "1.0": [0, 0, 0]
          },
          "scale": {
            "0.375": [1, 1, 1],
            "0.4167": [0.05, 1, 1],
            "0.4583": [1.1, 1, 1],
            "1.0": [1, 1, 1]
          }
        },
        "electric7": {
          "rotation": {
            "0.0": [2.47864, 0.32621, -9.99294],
            "0.25": [1.79434, 0.50898, -14.36498],
            "0.5": [1.24525, -0.10898, 6.25058],
            "0.75": [-19.37738, -0.05449, 1.87529],
            "1.0": [0, 0, -2.5]
          },
          "scale": 1
        },
        "electric8": {
          "rotation": {
            "0.0": [0, 0, 22.5],
            "0.25": [0, 0, 16.88],
            "0.5": [0, 0, 21.25],
            "0.75": [37.26251, -4.55749, 19.08775],
            "1.0": [0, 0, 5]
          }
        },
        "electric9": {
          "rotation": {
            "0.0": [0, 0, -25],
            "0.25": [0, 0, -18.75],
            "0.5": [0, 0, -32.5],
            "0.75": [-10.3141, 17.2294, -52.8167],
            "1.0": [0, 0, -10]
          }
        },
        "electric11": {
          "rotation": {
            "0.0": [0, 0, 2.5],
            "0.25": [0, 0, 3.13],
            "0.5": [0, 0, -6.25],
            "0.75": [0, 0, 9.38],
            "1.0": [0, 0, 0]
          },
          "position": {
            "0.0": [0, 0, 0],
            "0.5833": [-0.53, 0, 0],
            "0.625": [-7, 0, 0],
            "0.6667": [-0.22, 0, 0],
            "1.0": [0, 0, 0]
          },
          "scale": {
            "0.0": [1, 1, 1],
            "0.25": [1, 1, 1],
            "0.2917": [0.05, 1, 1],
            "0.3333": [1, 1, 1],
            "0.5833": [0.9125, 1, 1],
            "0.625": [0.1563, 1, 1],
            "0.6667": [0.9, 1, 1],
            "1.0": [1, 1, 1]
          }
        },
        "electric12": {
          "rotation": {
            "0.0": [0, 0, -5],
            "0.25": [0, 0, -1.25],
            "0.5": [0, 0, 12.5],
            "0.75": [0, 0, -36.25],
            "1.0": [0, 0, 0]
          }
        },
        "electric13": {
          "rotation": {
            "0.0": [0, 0, -2.5],
            "0.25": [0, 0, -11.87],
            "0.5": [0, 0, -1.25],
            "0.75": [0, 0, 61.88],
            "1.0": [0, 0, 0]
          }
        },
        "electric14": {
          "rotation": {
            "0.0": [0, 0, 2.5],
            "0.25": [0, 0, 9.38],
            "0.5": [0, 0, -13.75],
            "0.75": [0, 0, -59.37],
            "1.0": [0, 0, 0]
          }
        }
      }
    },
    "animation.golem_alolan.ground_idle": {
      "loop": true,
      "animation_length": 1,
      "bones": {
        "jaw": {
          "rotation": {
            "0.0": [0, 0, 0],
            "0.375": [5, 0, 0],
            "1.0": [0, 0, 0]
          }
        },
        "arm_right": {
          "rotation": [117.95016, -3.77929, -11.06809]
        },
        "arm_right2": {
          "rotation": [-8.65467, -13.29343, 22.94551]
        },
        "hand_right": {
          "rotation": [-106.69078, -14.50488, 11.41713]
        },
        "finger_right": {
          "rotation": [0, 0, -45]
        },
        "finger_right2": {
          "rotation": [-77.5, 22.5, 0]
        },
        "finger_right3": {
          "rotation": [81.07125, 27.60483, 13.6459]
        },
        "arm_left": {
          "rotation": [101.27558, 22.16435, 5.88276]
        },
        "arm_left2": {
          "rotation": [-8.57467, 10.82163, -22.56262]
        },
        "hand_left": {
          "rotation": [-119.90516, 5.34228, 10.63601]
        },
        "finger_left": {
          "rotation": [0, 0, 62.5]
        },
        "finger_left2": {
          "rotation": [-60, 40, 0]
        },
        "finger_left3": {
          "rotation": [60, -40, 0]
        },
        "leg_right": {
          "rotation": [0, 0, 0]
        },
        "electric6": {
          "position": [0, -12, 0]
        },
        "electric7": {
          "rotation": {
            "0.0": [2.47864, 0.32621, -9.99294],
            "0.25": [1.79434, 0.50898, -14.36498],
            "0.5": [1.24525, -0.10898, 6.25058],
            "0.75": [-19.37738, -0.05449, 1.87529],
            "1.0": [0, 0, -2.5]
          },
          "scale": 1
        },
        "electric8": {
          "rotation": {
            "0.0": [0, 0, 22.5],
            "0.25": [0, 0, 16.88],
            "0.5": [0, 0, 21.25],
            "0.75": [37.26251, -4.55749, 19.08775],
            "1.0": [0, 0, 5]
          }
        },
        "electric9": {
          "rotation": {
            "0.0": [0, 0, -25],
            "0.25": [0, 0, -18.75],
            "0.5": [0, 0, -32.5],
            "0.75": [-10.3141, 17.2294, -52.8167],
            "1.0": [0, 0, -10]
          }
        },
        "electric11": {
          "rotation": {
            "0.0": [0, 0, 2.5],
            "0.25": [0, 0, 3.13],
            "0.5": [0, 0, -6.25],
            "0.75": [0, 0, 9.38],
            "1.0": [0, 0, 0]
          },
          "position": [0, -7, 0],
          "scale": {
            "0.0": [1, 1, 1],
            "0.25": [1, 1, 1],
            "0.2917": [0.05, 1, 1],
            "0.3333": [1, 1, 1],
            "0.5833": [0.9125, 1, 1],
            "0.625": [0.1563, 1, 1],
            "0.6667": [0.9, 1, 1],
            "1.0": [1, 1, 1]
          }
        },
        "electric12": {
          "rotation": {
            "0.0": [0, 0, -5],
            "0.25": [0, 0, -1.25],
            "0.5": [0, 0, 12.5],
            "0.75": [0, 0, -36.25],
            "1.0": [0, 0, 0]
          }
        },
        "electric13": {
          "rotation": {
            "0.0": [0, 0, -2.5],
            "0.25": [0, 0, -11.87],
            "0.5": [0, 0, -1.25],
            "0.75": [0, 0, 61.88],
            "1.0": [0, 0, 0]
          }
        },
        "electric14": {
          "rotation": {
            "0.0": [0, 0, 2.5],
            "0.25": [0, 0, 9.38],
            "0.5": [0, 0, -13.75],
            "0.75": [0, 0, -59.37],
            "1.0": [0, 0, 0]
          }
        }
      }
    }
  }
}
