{
	"format_version": "1.8.0",
	"animations": {
		"animation.krabby.ground_idle": {
			"loop": true,
			"animation_length": 4,
			"bones": {
				"arm_right": {
					"rotation": [-0.44247, -3.1491, "-21.8641+math.sin(q.anim_time*90*4)*1"]
				},
				"arm_right2": {
					"rotation": ["-20.177+math.sin(q.anim_time*90*4)*1", -53.4949, "203.668+math.sin(q.anim_time*90*4)*1"]
				},
				"claw_right": {
					"rotation": [-55, 0, "-math.sin(q.anim_time*90*4-40)*2"]
				},
				"arm_left": {
					"rotation": [0, 10, "20.5-math.sin(q.anim_time*90*4)*1"]
				},
				"arm_left2": {
					"rotation": [-45.91424, 65.33637, "-157.5865-math.sin(q.anim_time*90*4)*1"]
				},
				"leg_right_back": {
					"rotation": [5, 15, "-math.sin(q.anim_time*90*4)*3"],
					"position": [0, "math.sin(q.anim_time*90*4)*0.2", 0]
				},
				"leg_left_back": {
					"rotation": [5, -15, "math.sin(q.anim_time*90*4)*3"],
					"position": [0, "math.sin(q.anim_time*90*4)*0.2", 0]
				},
				"body": {
					"position": [0, "math.sin(q.anim_time*90*4)*0.08", 0]
				},
				"torso": {
					"rotation": [6, "math.sin(q.anim_time*90*1)*1", "math.sin(q.anim_time*90*2)*1"],
					"position": [0, "math.sin(q.anim_time*90*4)*0.2", 0]
				},
				"claw_mandible_right": {
					"rotation": [0, 0, "math.sin(q.anim_time*90*4)*3"]
				},
				"claw_left": {
					"rotation": [14.94548, 1.29256, "-37.3304-math.sin(q.anim_time*90*4-30)*1"]
				},
				"claw_mandible_left": {
					"rotation": [0, 0, "-math.sin(q.anim_time*90*4)*2"]
				},
				"leg_right_front": {
					"rotation": [0, 0, "-math.sin(q.anim_time*90*4)*3"],
					"position": [0, "math.sin(q.anim_time*90*4)*0.2", 0]
				},
				"leg_right_front2": {
					"rotation": [0, 0, "math.sin(q.anim_time*90*4)*2.5"]
				},
				"leg_right_back2": {
					"rotation": [0, 0, "math.sin(q.anim_time*90*4)*2.5"]
				},
				"leg_left_front": {
					"rotation": [0, 0, "math.sin(q.anim_time*90*4)*3"],
					"position": [0, "math.sin(q.anim_time*90*4)*0.2", 0]
				},
				"leg_left_front2": {
					"rotation": [0, 0, "-math.sin(q.anim_time*90*4)*2.5"]
				},
				"leg_left_back2": {
					"rotation": [0, 0, "-math.sin(q.anim_time*90*4)*2.5"]
				},
				"leg_right_front3": {
					"rotation": [0, 0, "math.sin(q.anim_time*90*4)*0.1"]
				},
				"leg_right_back3": {
					"rotation": [0, 0, "math.sin(q.anim_time*90*4)*0.1"]
				},
				"leg_left_front3": {
					"rotation": [0, 0, "-math.sin(q.anim_time*90*4)*0.1"]
				},
				"leg_left_back3": {
					"rotation": [0, 0, "-math.sin(q.anim_time*90*4)*0.1"]
				}
			}
		},
		"animation.krabby.ground_walk": {
			"loop": true,
			"animation_length": 0.5,
			"bones": {
				"arm_right": {
					"rotation": [0.019, -4.98093, -10.93688]
				},
				"arm_right2": {
					"rotation": [-40.0573, "-56.8422-math.sin(q.anim_time*90*7)*1", 174.13611],
					"position": [0, 0.3, 0]
				},
				"claw_right": {
					"rotation": [0, 12.5, 0]
				},
				"arm_left": {
					"rotation": [0, 0, 10.5]
				},
				"arm_left2": {
					"rotation": [-57.50995, "48.7028+math.sin(q.anim_time*90*7)*1", -196.71867],
					"position": [0, 0.3, -0.2]
				},
				"leg_right_back": {
					"rotation": {
						"0.0": [0, 0, -17.5],
						"0.0417": [0, 0, -3.75],
						"0.125": [0, 0, -7.5],
						"0.2083": [0, 0, 12.5],
						"0.25": [0, 0, -17.5],
						"0.2917": [0, 0, -3.75],
						"0.375": [0, 0, -7.5],
						"0.4583": [0, 0, 12.5],
						"0.5": [0, 0, -17.5]
					},
					"position": {
						"0.0": [0, 0, 0],
						"0.125": [0.5, 0, 0],
						"0.25": [0, 0, 0],
						"0.375": [0.5, 0, 0],
						"0.5": [0, 0, 0]
					}
				},
				"leg_left_back": {
					"rotation": {
						"0.0": [0, 0, 17.5],
						"0.0833": [0, 0, -12.5],
						"0.125": [0, 0, 12.5],
						"0.1667": [0, 0, 15],
						"0.25": [0, 0, 17.5],
						"0.3333": [0, 0, -12.5],
						"0.375": [0, 0, 12.5],
						"0.4167": [0, 0, 15],
						"0.5": [0, 0, 17.5]
					},
					"position": {
						"0.0": [0, 0, 0],
						"0.125": [-0.5, 0, 0],
						"0.25": [0, 0, 0],
						"0.375": [-0.5, 0, 0],
						"0.5": [0, 0, 0]
					}
				},
				"body": {
					"rotation": ["math.sin(q.anim_time*90*8+45)*0.5", -90, 0],
					"position": [0, "0.25+math.sin(q.anim_time*90*16)*0.15", 0]
				},
				"torso": {
					"rotation": ["10+math.sin(q.anim_time*90*16+45)*1.1", 0, 0]
				},
				"claw_left": {
					"rotation": [0, -17.5, -25]
				},
				"leg_right_front": {
					"rotation": {
						"0.0": [0, 0, -7.5],
						"0.0833": [0, 0, 12.5],
						"0.125": [0, 0, -17.5],
						"0.1667": [0, 0, -5],
						"0.25": [0, 0, -7.5],
						"0.3333": [0, 0, 12.5],
						"0.375": [0, 0, -17.5],
						"0.4167": [0, 0, -5],
						"0.5": [0, 0, -7.5]
					},
					"position": {
						"0.0": [0.5, 0, 0],
						"0.125": [0, 0, 0],
						"0.25": [0.5, 0, 0],
						"0.375": [0, 0, 0],
						"0.5": [0.5, 0, 0]
					}
				},
				"leg_right_front2": {
					"rotation": {
						"0.0": [0, 0, -17.5],
						"0.0833": [0, 0, -32.5],
						"0.125": [0, 0, 32.5],
						"0.1667": [0, 0, -9.17],
						"0.25": [0, 0, -17.5],
						"0.3333": [0, 0, -32.5],
						"0.375": [0, 0, 32.5],
						"0.4167": [0, 0, -9.17],
						"0.5": [0, 0, -17.5]
					},
					"position": {
						"0.0": [0, 0, 0],
						"0.0833": [0, 0, 0],
						"0.125": [0, 1, 0],
						"0.1667": [0, 0, 0],
						"0.25": [0, 0, 0],
						"0.3333": [0, 0, 0],
						"0.375": [0, 1, 0],
						"0.4167": [0, 0, 0]
					}
				},
				"leg_right_back2": {
					"rotation": {
						"0.0": [0, 0, 32.5],
						"0.0417": [0, 0, -11.67],
						"0.125": [0, 0, -17.5],
						"0.2083": [0, 0, -32.5],
						"0.25": [0, 0, 32.5],
						"0.2917": [0, 0, -11.67],
						"0.375": [0, 0, -17.5],
						"0.4583": [0, 0, -32.5],
						"0.5": [0, 0, 32.5]
					},
					"position": {
						"0.0": [0, 1, 0],
						"0.0417": [0, 0, 0],
						"0.2083": [0, 0, 0],
						"0.25": [0, 1, 0],
						"0.2917": [0, 0, 0],
						"0.4583": [0, 0, 0],
						"0.5": [0, 1, 0]
					}
				},
				"leg_left_front": {
					"rotation": {
						"0.0": [0, 0, 12.5],
						"0.125": [0, 0, 17.5],
						"0.2083": [0, 0, -12.5],
						"0.25": [0, 0, 12.5],
						"0.375": [0, 0, 17.5],
						"0.4583": [0, 0, -12.5],
						"0.5": [0, 0, 7.5]
					},
					"position": {
						"0.0": [-0.5, 0, 0],
						"0.125": [0, 0, 0],
						"0.25": [-0.5, 0, 0],
						"0.375": [0, 0, 0],
						"0.5": [-0.5, 0, 0]
					}
				},
				"leg_left_front2": {
					"rotation": {
						"0.0": [0, 0, 12.5],
						"0.0417": [0, 0, -15],
						"0.125": [0, 0, -32.5],
						"0.2083": [0, 0, 32.5],
						"0.25": [0, 0, 12.5],
						"0.2917": [0, 0, -15],
						"0.375": [0, 0, -32.5],
						"0.4583": [0, 0, 32.5],
						"0.5": [0, 0, 12.5]
					},
					"position": {
						"0.0": [0, 0.4, 0],
						"0.0417": [0, 1, 0],
						"0.125": [0, 1, 0],
						"0.2083": [0, 0, 0],
						"0.25": [0, 0.4, 0],
						"0.2917": [0, 1, 0],
						"0.375": [0, 1, 0],
						"0.4583": [0, 0, 0],
						"0.5": [0, 0.4, 0]
					}
				},
				"leg_left_back2": {
					"rotation": {
						"0.0": [0, 0, -32.5],
						"0.0833": [0, 0, 32.5],
						"0.125": [0, 0, 12.5],
						"0.1667": [0, 0, -15],
						"0.25": [0, 0, -32.5],
						"0.3333": [0, 0, 32.5],
						"0.375": [0, 0, 12.5],
						"0.4167": [0, 0, -15],
						"0.5": [0, 0, -32.5]
					},
					"position": {
						"0.0": [0, 1, 0],
						"0.0833": [0, 0, 0],
						"0.125": [0, 0.4, 0],
						"0.1667": [0, 1, 0],
						"0.25": [0, 1, 0],
						"0.3333": [0, 0, 0],
						"0.375": [0, 0.4, 0],
						"0.4167": [0, 1, 0],
						"0.5": [0, 1, 0]
					}
				},
				"pupil_right": {
					"position": [-1, 0, 0]
				},
				"pupil_left": {
					"position": [-0.5, 0, 0]
				},
				"leg_right_front3": {
					"rotation": {
						"0.0": [0, 0, 22.5],
						"0.0833": [0, 0, 10],
						"0.125": [0, 0, -15],
						"0.1667": [0, 0, 12.5],
						"0.25": [0, 0, 22.5],
						"0.3333": [0, 0, 10],
						"0.375": [0, 0, -15],
						"0.4167": [0, 0, 12.5],
						"0.5": [0, 0, 22.5]
					},
					"position": {
						"0.0": [0, 0, 0],
						"0.125": [0, 0, 0],
						"0.25": [0, 0, 0],
						"0.375": [0, 0, 0]
					}
				},
				"leg_right_back3": {
					"rotation": {
						"0.0": [0, 0, -15],
						"0.0417": [0, 0, 15],
						"0.125": [0, 0, 22.5],
						"0.2083": [0, 0, 10],
						"0.25": [0, 0, -15],
						"0.2917": [0, 0, 15],
						"0.375": [0, 0, 22.5],
						"0.4583": [0, 0, 10],
						"0.5": [0, 0, -15]
					},
					"position": {
						"0.0": [0, 0, 0],
						"0.25": [0, 0, 0],
						"0.5": [0, 0, 0]
					}
				},
				"leg_left_front3": {
					"rotation": {
						"0.0": [0, 0, -22.5],
						"0.0417": [0, 0, 0],
						"0.125": [0, 0, 17.5],
						"0.2083": [0, 0, -10],
						"0.25": [0, 0, -22.5],
						"0.2917": [0, 0, 0],
						"0.375": [0, 0, 17.5],
						"0.4583": [0, 0, -10],
						"0.5": [0, 0, -22.5]
					}
				},
				"leg_left_back3": {
					"rotation": {
						"0.0": [0, 0, 17.5],
						"0.0833": [0, 0, -10],
						"0.125": [0, 0, -22.5],
						"0.1667": [0, 0, 0],
						"0.25": [0, 0, 17.5],
						"0.3333": [0, 0, -10],
						"0.375": [0, 0, -22.5],
						"0.4167": [0, 0, 0],
						"0.5": [0, 0, 17.5]
					}
				}
			}
		},
		"animation.krabby.battle_idle": {
			"loop": true,
			"animation_length": 2,
			"bones": {
				"arm_right": {
					"rotation": [0, 0, "-10.5+math.sin(q.anim_time*90*8)*3"]
				},
				"arm_right2": {
					"rotation": [0, -22.5, "112.5+math.sin(q.anim_time*90*8)*1"]
				},
				"claw_right": {
					"rotation": [22.5, 0, "-math.sin(q.anim_time*90*8+20)*8"]
				},
				"arm_left": {
					"rotation": [0, 0, "10.5-math.sin(q.anim_time*90*8)*3"]
				},
				"arm_left2": {
					"rotation": [0, 22.5, "-112.5-math.sin(q.anim_time*90*8)*1"]
				},
				"leg_right_back": {
					"rotation": ["5-math.sin(q.anim_time*90*8)*0.3", 15, "-(math.sin(q.anim_time*90*8)*3)"],
					"position": ["-(math.sin(q.anim_time*90*8)*-0.05)", "math.sin(q.anim_time*90*8)*0.16", "math.sin(q.anim_time*90*8)*-0.05"]
				},
				"leg_left_back": {
					"rotation": ["5-math.sin(q.anim_time*90*8)*0.3", -15, "math.sin(q.anim_time*90*8)*3"],
					"position": ["math.sin(q.anim_time*90*8)*-0.05", "math.sin(q.anim_time*90*8)*0.16", "math.sin(q.anim_time*90*8)*-0.05"]
				},
				"body": {
					"position": [0, "math.sin(q.anim_time*90*8)*0.08", 0]
				},
				"torso": {
					"rotation": ["math.cos(q.anim_time*90*8)*1", "math.cos(q.anim_time*90*4)*1", "math.sin(q.anim_time*90*4)*1"],
					"position": [0, "math.sin(q.anim_time*90*8)*0.2", 0]
				},
				"claw_mandible_right": {
					"rotation": [0, 0, "math.sin(q.anim_time*90*8+20)*8"]
				},
				"claw_left": {
					"rotation": [0, 0, "math.sin(q.anim_time*90*8+20)*8"]
				},
				"claw_mandible_left": {
					"rotation": [0, 0, "-math.sin(q.anim_time*90*8+20)*8"]
				},
				"leg_right_front": {
					"rotation": [0, 0, "-math.sin(q.anim_time*90*8)*3"],
					"position": ["math.sin(q.anim_time*90*8)*0.05", "math.sin(q.anim_time*90*8)*0.18", 0]
				},
				"leg_right_front2": {
					"rotation": [0, 0, "math.sin(q.anim_time*90*8)*3"]
				},
				"leg_right_back2": {
					"rotation": [0, 0, "math.sin(q.anim_time*90*8)*3"]
				},
				"leg_left_front": {
					"rotation": [0, 0, "math.sin(q.anim_time*90*8)*3"],
					"position": ["math.sin(q.anim_time*90*8)*-0.05", "math.sin(q.anim_time*90*8)*0.18", 0]
				},
				"leg_left_front2": {
					"rotation": [0, 0, "-math.sin(q.anim_time*90*8)*3"]
				},
				"leg_left_back2": {
					"rotation": [0, 0, "-math.sin(q.anim_time*90*8)*3"]
				}
			}
		},
		"animation.krabby.snip_right": {
			"animation_length": 1,
			"bones": {
				"claw_right": {
					"rotation": {
						"0.0": [0, 0, 0],
						"0.0833": [0, 0, 5],
						"0.1667": [0, 0, 0],
						"0.25": [0, 0, 5],
						"0.3333": [0, 0, 0]
					}
				},
				"claw_mandible_right": {
					"rotation": {
						"0.0": [0, 0, 0],
						"0.0833": [0, 0, -17.5],
						"0.1667": [0, 0, 0],
						"0.25": [0, 0, -17.5],
						"0.3333": [0, 0, 0]
					}
				}
			}
		},
		"animation.krabby.snip_left": {
			"animation_length": 1,
			"bones": {
				"claw_left": {
					"rotation": {
						"0.0": [0, 0, 0],
						"0.0833": [0, 0, -5],
						"0.1667": [0, 0, 0],
						"0.25": [0, 0, -5],
						"0.3333": [0, 0, 0]
					}
				},
				"claw_mandible_left": {
					"rotation": {
						"0.0": [0, 0, 0],
						"0.0833": [0, 0, 17.5],
						"0.1667": [0, 0, 0],
						"0.25": [0, 0, 17.5],
						"0.3333": [0, 0, 0]
					}
				}
			}
		},
		"animation.krabby.blink": {
			"animation_length": 0.08333,
			"bones": {
				"pupil_right": {
					"position": {
						"0.0": [0, 0, 0.5],
						"0.0417": [0, 0, 0]
					}
				},
				"pupil_left": {
					"position": {
						"0.0": [0, 0, 0.5],
						"0.0417": [0, 0, 0]
					}
				}
			}
		},
		"animation.krabby.quirk_bubble": {
			"animation_length": 24,
			"bones": {
				"claw_right": {
					"rotation": {
						"0.0417": {
							"pre": [0, 0, 0],
							"post": [0, 0, 0],
							"lerp_mode": "catmullrom"
						},
						"0.5417": {
							"post": [-2.5, -20, -37.5],
							"lerp_mode": "catmullrom"
						},
						"10.7083": {
							"post": [-2.5, -20, -37.5],
							"lerp_mode": "catmullrom"
						},
						"11.3333": {
							"post": [0, 0, 0],
							"lerp_mode": "catmullrom"
						}
					}
				},
				"arm_left": {
					"rotation": {
						"0.0417": {
							"pre": [0, 0, 0],
							"post": [0, 0, 0],
							"lerp_mode": "catmullrom"
						},
						"0.5417": {
							"post": [5, -10, 0],
							"lerp_mode": "catmullrom"
						},
						"10.7083": {
							"post": [5, -10, 0],
							"lerp_mode": "catmullrom"
						},
						"11.3333": {
							"post": [0, 0, 0],
							"lerp_mode": "catmullrom"
						}
					}
				},
				"arm_left2": {
					"rotation": {
						"0.0417": {
							"pre": [0, 0, 0],
							"post": [0, 0, 0],
							"lerp_mode": "catmullrom"
						},
						"0.5417": {
							"post": [-12.5, -2.5, -5],
							"lerp_mode": "catmullrom"
						},
						"10.7083": {
							"post": [-12.5, -2.5, -5],
							"lerp_mode": "catmullrom"
						},
						"11.3333": {
							"post": [0, 0, 0],
							"lerp_mode": "catmullrom"
						}
					}
				},
				"claw_left": {
					"rotation": {
						"0.0417": {
							"pre": [0, 0, 0],
							"post": [0, 0, 0],
							"lerp_mode": "catmullrom"
						},
						"0.5417": {
							"post": [-10, -7.5, 55],
							"lerp_mode": "catmullrom"
						},
						"10.7083": {
							"post": [-10, -7.5, 55],
							"lerp_mode": "catmullrom"
						},
						"11.3333": {
							"post": [0, 0, 0],
							"lerp_mode": "catmullrom"
						}
					}
				}
			},
			"particle_effects": {
				"0.0": {
					"effect": "cobblemon:krabby_bubble_handler",
					"locator": "bubbles"
				}
			}
		},
		"animation.krabby.cry": {
			"animation_length": 1.33333,
			"sound_effects": {
				"0.04": {
					"effect": "pokemon.krabby.cry"
				}
			}
		}
	}
}