{
	"format_version": "1.8.0",
	"animations": {
		"animation.clawitzer_right.water_idle": {
			"loop": true,
			"bones": {
				"body": {
					"position": [0, 8, 5]
				},
				"torso": {
					"rotation": [-17.5, 0, 0]
				},
				"head": {
					"rotation": [22.5, 0, 0]
				},
				"left_arm": {
					"rotation": [-2.54638, 2.91453, 25.28785]
				},
				"left_elbow": {
					"rotation": [45.49184, -11.36176, -7.48203]
				},
				"tail": {
					"rotation": [-5, 0, 0]
				},
				"tail2": {
					"rotation": [-20, 0, 0]
				},
				"tail3": {
					"rotation": [-12.5, 0, 0]
				},
				"tail4": {
					"rotation": [-25, 0, 0]
				},
				"tail_bend": {
					"rotation": [-25, 0, 0]
				},
				"torso_bend": {
					"rotation": [-17.5, 0, 0]
				},
				"tail_end_top2": {
					"rotation": [-5, 0, 0]
				},
				"tail_end_left2": {
					"rotation": [-5, 0, 0]
				},
				"tail_end_right2": {
					"rotation": [-5, 0, 0]
				},
				"tail2_bend": {
					"rotation": [-10, 0, 0]
				},
				"tail3_bend": {
					"rotation": [-27.5, 0, 0]
				},
				"right_arm": {
					"rotation": [-3.31914, -14.6364, -9.5736]
				},
				"right_elbow": {
					"rotation": [29.87471, 9.00899, -0.20204]
				},
				"claw_eye_left_tentacle": {
					"rotation": [15.11154, 19.9783, 0.3471]
				},
				"claw_eye_left_tentacle2": {
					"rotation": [2.5, -32.5, 0]
				},
				"claw_eye_left_tentacle3": {
					"rotation": [-10.56141, -22.34036, 1.86821]
				},
				"claw_eye_left_tentacle4": {
					"rotation": [-15.96214, -22.0503, 3.46504]
				},
				"claw_eye_left_tentacle5": {
					"rotation": [-13.30938, 24.7489, -2.3719]
				},
				"claw_eye_left_tentacle6": {
					"rotation": [-12.899, 22.37786, -1.16893]
				},
				"claw_eye_left_tentacle7": {
					"rotation": [16.56238, 34.62577, 3.13089]
				},
				"claw_eye_right_tentacle": {
					"rotation": [15.11154, -19.9783, -0.3471]
				},
				"claw_eye_right_tentacle2": {
					"rotation": [2.5, 32.5, 0]
				},
				"claw_eye_right_tentacle3": {
					"rotation": [-10, 12.5, 0]
				},
				"claw_eye_right_tentacle4": {
					"rotation": [-16.59989, 26.85011, -5.00444]
				},
				"claw_eye_right_tentacle5": {
					"rotation": [-12.5, -15, 0]
				},
				"claw_eye_right_tentacle6": {
					"rotation": [-12.21197, -12.61566, -1.10763]
				},
				"claw_eye_right_tentacle7": {
					"rotation": [17.08475, -37.01883, -4.0232]
				},
				"claw_right_jaw": {
					"rotation": [7.5, 0, 0]
				}
			}
		},
		"animation.clawitzer_right.render": {
			"loop": true,
			"bones": {
				"body": {
					"rotation": [0, 35, 0],
					"position": [0, 8, 5]
				},
				"torso": {
					"rotation": [-17.5, 0, 0]
				},
				"head": {
					"rotation": [22.57734, 4.61854, 1.91757]
				},
				"left_arm": {
					"rotation": [-2.92659, -7.42975, 18.29627]
				},
				"left_elbow": {
					"rotation": [43.18067, 9.92389, -28.73736]
				},
				"tail": {
					"rotation": [-17.519, -4.98093, 0.43688]
				},
				"tail2": {
					"rotation": [-20.07031, -4.69776, 1.71394]
				},
				"tail3": {
					"rotation": [-12.5, 0, 0]
				},
				"tail4": {
					"rotation": [-25, 0, 0]
				},
				"tail_bend": {
					"rotation": [-25, 0, 0]
				},
				"torso_bend": {
					"rotation": [-17.5, 0, 0]
				},
				"tail_end_top2": {
					"rotation": [-5, 0, 0]
				},
				"tail_end_left2": {
					"rotation": [-5, 0, 0]
				},
				"tail_end_right2": {
					"rotation": [-5, 0, 0]
				},
				"tail2_bend": {
					"rotation": [-10, 0, 0]
				},
				"tail3_bend": {
					"rotation": [-27.70212, -6.64851, 3.47875]
				},
				"right_arm": {
					"rotation": [-3.31914, -14.6364, -9.5736]
				},
				"right_elbow": {
					"rotation": [29.87471, 9.00899, -0.20204]
				},
				"claw_eye_left_tentacle": {
					"rotation": [15.11154, 19.9783, 0.3471]
				},
				"claw_eye_left_tentacle2": {
					"rotation": [2.5, -32.5, 0]
				},
				"claw_eye_left_tentacle3": {
					"rotation": [-10.56141, -22.34036, 1.86821]
				},
				"claw_eye_left_tentacle4": {
					"rotation": [-14.82855, -5.16823, -1.29784]
				},
				"claw_eye_left_tentacle5": {
					"rotation": [-13.30938, 24.7489, -2.3719]
				},
				"claw_eye_left_tentacle6": {
					"rotation": [-12.899, 22.37786, -1.16893]
				},
				"claw_eye_left_tentacle7": {
					"rotation": [16.56238, 34.62577, 3.13089]
				},
				"claw_eye_right_tentacle": {
					"rotation": [15.11154, -19.9783, -0.3471]
				},
				"claw_eye_right_tentacle2": {
					"rotation": [2.5, 32.5, 0]
				},
				"claw_eye_right_tentacle3": {
					"rotation": [-10, 12.5, 0]
				},
				"claw_eye_right_tentacle4": {
					"rotation": [-16.59989, 26.85011, -5.00444]
				},
				"claw_eye_right_tentacle5": {
					"rotation": [-12.5, -15, 0]
				},
				"claw_eye_right_tentacle6": {
					"rotation": [-12.21197, -12.61566, -1.10763]
				},
				"claw_eye_right_tentacle7": {
					"rotation": [17.08475, -37.01883, -4.0232]
				},
				"claw_right_jaw": {
					"rotation": [22.5, 0, 0]
				},
				"face": {
					"rotation": [0, 7.5, 0]
				},
				"pupil_right": {
					"position": [0.15, 0, 0]
				},
				"pupil_left": {
					"position": [0, 0, 0.15]
				}
			}
		},
		"animation.clawitzer_right.cry": {
			"animation_length": 1.2,
			"sound_effects": {
				"0.04": {
					"effect": "pokemon.clawitzer.cry"
				}
			}
		}
	}
}