{
  "format_version": "1.8.0",
  "animations": {
    "animation.ledian.ground_idle": {
      "loop": true,
      "bones": {
        "head": {
          "rotation": ["(math.sin(q.anim_time*90*2)*2)-10.25", 0, 0]
        },
        "anthena_left": {
          "rotation": ["(math.sin(q.anim_time*90*2)*2)-10.25", 0, 0]
        },
        "anthena_right": {
          "rotation": ["(math.sin(q.anim_time*90*2)*2)-10.25", 0, 0]
        },
        "left_wing": {
          "rotation": [41.5724, 8.53726, -47.37961]
        },
        "right_wing": {
          "rotation": [41.5724, -8.53726, 47.37961]
        },
        "arm_top_left": {
          "rotation": [
            0,
            0,
            "17.5+Math.cos((query.anim_time) * 90 * 12 - 220) * -2"
          ]
        },
        "arm1_bone": {
          "rotation": [0, 35, 0]
        },
        "body": {
          "rotation": [
            "7.5+Math.cos((query.anim_time) * 90 * 12 - 90) * -0.5",
            0,
            0
          ],
          "position": [
            0,
            "1+Math.cos((query.anim_time) * 90 * 2) * 0.6 + Math.cos((query.anim_time) * 90 * 12) * 0.1",
            -1
          ]
        },
        "arm_top_left2": {
          "rotation": [
            0,
            0,
            "40+Math.cos((query.anim_time) * 90 * 12 - 170) * -2"
          ]
        },
        "arm1_bone2": {
          "rotation": [0, 17.5, 0]
        },
        "arm_top_right2": {
          "rotation": [
            0,
            0,
            "-40+Math.cos((query.anim_time) * 90 * 12 - 170) * 2"
          ]
        },
        "arm1_bone3": {
          "rotation": [0, -17.5, 0]
        },
        "arm_top_right": {
          "rotation": [
            0,
            0,
            "-17.5+Math.cos((query.anim_time) * 90 * 12 - 220) * 2"
          ]
        },
        "arm1_bone4": {
          "rotation": [0, -25, 0]
        },
        "leg_left": {
          "rotation": [
            "0+Math.cos((query.anim_time) * 90 * 12 - 140) * -2",
            0,
            0
          ]
        },
        "leg_left_2": {
          "rotation": [
            "10.0136+Math.cos((query.anim_time) * 90 * 12 - 170) * -5",
            -2.41562,
            -0.64423
          ]
        },
        "leg_left_3": {
          "rotation": ["(math.sin(q.anim_time*90*2)*2)+9.75", 0, 0]
        },
        "leg_right": {
          "rotation": [
            "0+Math.cos((query.anim_time) * 90 * 12 - 180) * -2",
            0,
            0
          ]
        },
        "leg_right_2": {
          "rotation": [
            "22.6988+Math.cos((query.anim_time) * 90 * 12 - 150) * -5",
            6.6887,
            3.40057
          ]
        },
        "leg_right_3": {
          "rotation": [0, 0, 0]
        },
        "left_wing2": {
          "rotation": [
            0,
            0,
            "-17.5+Math.cos((query.anim_time) * 90 * 36) * 24"
          ],
          "scale": 1.1
        },
        "right_wing2": {
          "rotation": [0, 0, "17.5+Math.cos((query.anim_time) * 90 * 36) *-24"],
          "scale": 1.1
        },
        "body_position": {
          "position": [0, 4, 0]
        }
      }
    },
    "animation.ledian.ground_walk": {
      "loop": true,
      "bones": {
        "head": {
          "rotation": [
            "-50+Math.cos((query.anim_time) * 90 * 16 - 170) * 0.3",
            0,
            "Math.cos((query.anim_time) * 90 * 2) * 5"
          ]
        },
        "anthena_left": {
          "rotation": [
            "-25+Math.cos((query.anim_time) * 90 * 12 - 220) * -2",
            0,
            0
          ]
        },
        "anthena_right": {
          "rotation": [
            "-25+Math.cos((query.anim_time) * 90 * 12 - 220) * -2",
            0,
            0
          ]
        },
        "left_wing": {
          "rotation": [41.5724, 8.53726, -47.37961]
        },
        "right_wing": {
          "rotation": [41.5724, -8.53726, 47.37961]
        },
        "arm_top_left": {
          "rotation": [
            0,
            0,
            "30+Math.cos((query.anim_time) * 90 * 12 - 220) * -2"
          ]
        },
        "arm1_bone": {
          "rotation": [0, 35, 0]
        },
        "body": {
          "rotation": [
            "37.5+Math.cos((query.anim_time) * 90 * 16 - 85) * 0.7",
            0,
            "Math.cos((query.anim_time) * 90 * 2) * 5"
          ],
          "position": [
            "Math.cos((query.anim_time) * 90 * 2-60) * 1",
            "0+Math.cos((query.anim_time) * 90 * 16) * 0.2",
            "0+Math.cos((query.anim_time) * 90 * 1) * 1"
          ]
        },
        "arm_top_left2": {
          "rotation": [
            0,
            0,
            "50+Math.cos((query.anim_time) * 90 * 12 - 170) * -2"
          ]
        },
        "arm1_bone2": {
          "rotation": [0, 17.5, 0]
        },
        "arm_top_right2": {
          "rotation": [
            0,
            0,
            "-55+Math.cos((query.anim_time) * 90 * 12 - 170) * 2"
          ]
        },
        "arm1_bone3": {
          "rotation": [0, -17.5, 0]
        },
        "arm_top_right": {
          "rotation": [
            0,
            0,
            "-32.5+Math.cos((query.anim_time) * 90 * 12 - 220) * 2"
          ]
        },
        "arm1_bone4": {
          "rotation": [0, -25, 0]
        },
        "leg_left": {
          "rotation": [
            "20+Math.cos((query.anim_time) * 90 * 12 - 140) * -2",
            0,
            0
          ]
        },
        "leg_left_2": {
          "rotation": [
            "10.0136+Math.cos((query.anim_time) * 90 * 12 - 170) * -5",
            -2.41562,
            -0.64423
          ]
        },
        "leg_left_3": {
          "rotation": ["(math.sin(q.anim_time*90*2)*2)+9.75", 0, 0]
        },
        "leg_right": {
          "rotation": [
            "5+Math.cos((query.anim_time) * 90 * 12 - 180) * -2",
            0,
            0
          ]
        },
        "leg_right_2": {
          "rotation": [
            "22.6988+Math.cos((query.anim_time) * 90 * 12 - 150) * -5",
            6.6887,
            3.40057
          ]
        },
        "leg_right_3": {
          "rotation": [0, 0, 0]
        },
        "left_wing2": {
          "rotation": [
            0,
            0,
            "-17.5+Math.cos((query.anim_time) * 90 * 36) * 24"
          ],
          "scale": 1.1
        },
        "right_wing2": {
          "rotation": [0, 0, "17.5+Math.cos((query.anim_time) * 90 * 36) *-24"],
          "scale": 1.1
        },
        "body_position": {
          "position": [0, 4, 0]
        },
        "neck": {
          "rotation": [12.5, 0, 0]
        }
      }
    }
  }
}
