{
	"format_version": "1.8.0",
	"animations": {
		"animation.electrike.ground_walk": {
			"animation_length": 1,
			"bones": {
				"Torso": {
					"position": [0, "math.sin(query.anim_time*90*8)*0.2", 0]
				},
				"Head": {
					"position": [0, "0.3+math.sin(query.anim_time*90*3)*0.1", 0]
				},
				"Tail1": {
					"rotation": [0, 0, 0],
					"position": [0, "0.2-(math.cos(q.anim_time*90*3+200)*0.1)*3", 0]
				},
				"Tail2": {
					"position": [0, "0.1-(math.cos(q.anim_time*90*2+200)*0.1)*0.3", 0]
				},
				"legRight": {
					"rotation": {
						"0.0": {
							"post": [15, 0, 0],
							"lerp_mode": "catmullrom"
						},
						"0.25": {
							"post": [-3.25, 0, 0],
							"lerp_mode": "catmullrom"
						},
						"0.5": {
							"post": [-12.5, 0, 0],
							"lerp_mode": "catmullrom"
						},
						"1.0": {
							"post": [15, 0, 0],
							"lerp_mode": "catmullrom"
						}
					},
					"position": {
						"0.0": {
							"post": [0, 0, 0],
							"lerp_mode": "catmullrom"
						},
						"0.25": {
							"post": [0, 0.5, -0.5],
							"lerp_mode": "catmullrom"
						},
						"0.5": {
							"post": [0, 0, -1],
							"lerp_mode": "catmullrom"
						},
						"1.0": {
							"post": [0, 0, 0],
							"lerp_mode": "catmullrom"
						}
					}
				},
				"legLeft": {
					"rotation": {
						"0.0": {
							"post": [-10, 0, 0],
							"lerp_mode": "catmullrom"
						},
						"0.5": {
							"post": [3, 0, 0],
							"lerp_mode": "catmullrom"
						},
						"0.75": {
							"post": [-12.5, 0, 0],
							"lerp_mode": "catmullrom"
						},
						"1.0": {
							"post": [-10, 0, 0],
							"lerp_mode": "catmullrom"
						}
					},
					"position": {
						"0.0": {
							"post": [0, 0, -1],
							"lerp_mode": "catmullrom"
						},
						"0.5": {
							"post": [0, 0, 0],
							"lerp_mode": "catmullrom"
						},
						"0.75": {
							"post": [0, 0.5, -0.5],
							"lerp_mode": "catmullrom"
						},
						"1.0": {
							"post": [0, 0, -1],
							"lerp_mode": "catmullrom"
						}
					}
				},
				"BackLegRight": {
					"rotation": {
						"0.0": {
							"post": [-10, 0, 0],
							"lerp_mode": "catmullrom"
						},
						"0.5": {
							"post": [3, 0, 0],
							"lerp_mode": "catmullrom"
						},
						"0.75": {
							"post": [-12.5, 0, 0],
							"lerp_mode": "catmullrom"
						},
						"1.0": {
							"post": [-10, 0, 0],
							"lerp_mode": "catmullrom"
						}
					},
					"position": {
						"0.0": {
							"post": [0, 0, -1],
							"lerp_mode": "catmullrom"
						},
						"0.5": {
							"post": [0, 0, 0],
							"lerp_mode": "catmullrom"
						},
						"0.75": {
							"post": [0, 0.5, -0.5],
							"lerp_mode": "catmullrom"
						},
						"1.0": {
							"post": [0, 0, -1],
							"lerp_mode": "catmullrom"
						}
					}
				},
				"BackLegLeft": {
					"rotation": {
						"0.0": {
							"post": [15, 0, 0],
							"lerp_mode": "catmullrom"
						},
						"0.25": {
							"post": [-3.25, 0, 0],
							"lerp_mode": "catmullrom"
						},
						"0.5": {
							"post": [-12.5, 0, 0],
							"lerp_mode": "catmullrom"
						},
						"1.0": {
							"post": [15, 0, 0],
							"lerp_mode": "catmullrom"
						}
					},
					"position": {
						"0.0": {
							"post": [0, 0, 0],
							"lerp_mode": "catmullrom"
						},
						"0.25": {
							"post": [0, 0.5, -0.5],
							"lerp_mode": "catmullrom"
						},
						"0.5": {
							"post": [0, 0, -1],
							"lerp_mode": "catmullrom"
						},
						"1.0": {
							"post": [0, 0, 0],
							"lerp_mode": "catmullrom"
						}
					}
				}
			}
		},
		"animation.electrike.ground_idle": {
			"loop": true,
			"bones": {
				"body": {
					"position": [0, "math.cos(q.anim_time*90*1+180)*0.1", 0]
				},
				"Torso": {
					"position": [0, "math.cos(q.anim_time*90*1+180)*0.2", 0]
				},
				"Head": {
					"rotation": ["-2+math.cos(q.anim_time*90*1+180)*3", 0, 0],
					"position": [0, "math.cos(q.anim_time*90*1+180)*0.3", 0]
				},
				"Mouth": {
					"rotation": ["10-(math.cos(q.anim_time*90*3+200)*3)*1", 0, 0]
				},
				"Tail1": {
					"rotation": [0, 0, 0],
					"position": [0, "0.1-(math.cos(q.anim_time*90*1.8+200)*0.4)*1", 0]
				},
				"Tail2": {
					"position": [0, "0.1-(math.cos(q.anim_time*90*1.2+200)*0.4)*1", 0]
				}
			}
		},
		"animation.electrike.blink": {
			"animation_length": 0.1667,
			"bones": {
				"EyeLeft": {
					"position": {
						"0.0": [0, 0, 1],
						"0.125": [0, 0, 1],
						"0.1667": [0, 0, 0]
					}
				},
				"EyeRight": {
					"position": {
						"0.0": [0, 0, 1],
						"0.125": [0, 0, 1],
						"0.1667": [0, 0, 0]
					}
				}
			}
		},
		"animation.unknown.new": {
			"loop": true
		}
	}
}