{
	"format_version": "1.8.0",
	"animations": {
		"animation.absol.render": {
			"loop": true,
			"bones": {
				"hips": {
					"rotation": [-2.5, 0, 0]
				},
				"chest": {
					"rotation": [12.5, 0, 0]
				},
				"tail": {
					"rotation": [-8.01788, 32.61138, -0.66603]
				},
				"neck": {
					"rotation": [15.34479, -13.10699, 9.18372]
				},
				"head": {
					"rotation": [-25.32307, -13.66763, -4.61603]
				},
				"hair": {
					"rotation": [0, 0, 45]
				},
				"hair2": {
					"rotation": [1.95155, 7.24305, 27.62353]
				},
				"hair3": {
					"rotation": [8.61775, 34.05444, 17.64371]
				},
				"neck_fur_right2": {
					"rotation": [0, 0, -30]
				},
				"neck_fur_left2": {
					"rotation": [0, 0, 40]
				},
				"neck_fur_back2": {
					"rotation": [-45, 0, 0]
				},
				"chest_fur": {
					"rotation": [-42.5, 0, 0]
				},
				"chest_fur_right": {
					"rotation": [0, 35, 0]
				},
				"chest_fur_left": {
					"rotation": [0, -25, 0]
				},
				"chest_fur_1": {
					"rotation": [27.5, 0, 0]
				},
				"chest_fur_2": {
					"rotation": [7.5, 0, 0]
				},
				"leg_back_left": {
					"rotation": [21.9659, -13.44762, -0.11731]
				},
				"leg_back_left2": {
					"rotation": [-10, 0, 0]
				},
				"leg_back_left3": {
					"rotation": [5, 0, 0]
				},
				"foot__back_left": {
					"rotation": [-14.82005, -12.39135, -1.6575]
				},
				"leg_front_left": {
					"rotation": [-25.47479, -17.22575, 3.13388],
					"position": [0, -0.25, 0]
				},
				"leg_front_left2": {
					"rotation": [14.61364, 12.22219, 2.52829]
				},
				"foot_front_left": {
					"rotation": [12.15846, -18.26883, -13.36473]
				},
				"eyes_open": {
					"position": [0, 0, 0]
				},
				"eyes_happy": {
					"position": [0, 0, 0]
				},
				"eyes_closed": {
					"position": [0, 0, 0]
				},
				"eyes_halfclosed": {
					"position": [0, 0, 0]
				},
				"leg_back_right": {
					"rotation": [0, -22.5, 0],
					"position": [-0.11888, 0, -1.67283]
				},
				"foot_back_right": {
					"rotation": [0, 15, 0]
				},
				"waist": {
					"rotation": [0, -20, 0]
				},
				"leg_front_right": {
					"rotation": [12.5, 0, 0]
				},
				"leg_front_right2": {
					"rotation": [0, 0, -10]
				},
				"foot_front_right": {
					"rotation": [-12.07362, 14.63639, 13.31914]
				}
			}
		},
		"animation.absol.battle_idle": {
			"loop": true,
			"bones": {
				"hips": {
					"rotation": ["-2.5+math.sin(q.anim_time*90*3-15)*1", 0, 0]
				},
				"chest": {
					"rotation": ["12.5+math.sin(q.anim_time*90*3-30)*1", 0, 0]
				},
				"tail": {
					"rotation": [-8.01788, "32.6114+math.sin(q.anim_time*90*3-90)*4", "-0.666+math.sin(q.anim_time*90*3-60)*4"]
				},
				"neck": {
					"rotation": ["15.3448-math.sin(q.anim_time*90*3-60)*3", -13.10699, 9.18372]
				},
				"head": {
					"rotation": [-25.32307, -13.66763, -4.61603]
				},
				"hair": {
					"rotation": [0, 0, "42.5+math.sin(q.anim_time*90*3-90)*1.5"]
				},
				"hair2": {
					"rotation": [1.95155, 7.24305, "27.6235+math.sin(q.anim_time*90*3-120)*3"]
				},
				"hair3": {
					"rotation": [6.93255, 34.39274, "14.6479+math.sin(q.anim_time*90*3-150)*4"]
				},
				"neck_fur_right2": {
					"rotation": [0, 0, "-30-math.sin(q.anim_time*90*3-120)*3"]
				},
				"neck_fur_left2": {
					"rotation": [0, 0, "40+math.sin(q.anim_time*90*3-120)*3"]
				},
				"neck_fur_back2": {
					"rotation": ["-45-math.sin(q.anim_time*90*3-120)*3", 0, 0]
				},
				"chest_fur": {
					"rotation": ["-42.5+math.sin(q.anim_time*90*3-90)*3", 0, 0]
				},
				"chest_fur_right": {
					"rotation": [0, 35, 0]
				},
				"chest_fur_left": {
					"rotation": [0, -25, 0]
				},
				"chest_fur_1": {
					"rotation": ["27.5+math.sin(q.anim_time*90*3-120)*3", 0, 0]
				},
				"chest_fur_2": {
					"rotation": ["7.5+math.sin(q.anim_time*90*3-150)*4", 0, 0]
				},
				"leg_back_left": {
					"rotation": ["21.9659+math.sin(q.anim_time*90*3-60)*1.25", -13.44762, -0.11731]
				},
				"leg_back_left2": {
					"rotation": ["-10-math.sin(q.anim_time*90*3-60)*1.25", 0, 0]
				},
				"leg_back_left3": {
					"rotation": ["5-math.sin(q.anim_time*90*3-60)*1.55", 0, 0]
				},
				"foot__back_left": {
					"rotation": ["-14.8201+math.sin(q.anim_time*90*3-60)*1.75", -12.39135, -1.6575]
				},
				"leg_front_left": {
					"rotation": ["-13.9616+math.sin(q.anim_time*90*3-30)*1", -17.64257, -0.546],
					"position": [1, "0-math.sin(q.anim_time*90*3-30)*0.25", "0+math.sin(q.anim_time*90*3-30)*0.1"]
				},
				"leg_front_left2": {
					"rotation": ["7.5-math.sin(q.anim_time*90*3-30)*2.5", 0, 0]
				},
				"foot_front_left": {
					"rotation": ["7.5+math.sin(q.anim_time*90*3-30)*1.05", 0, 0]
				},
				"eyes_open": {
					"position": [0, 0, 0]
				},
				"eyes_happy": {
					"position": [0, 0, 0]
				},
				"eyes_closed": {
					"position": [0, 0, 0]
				},
				"eyes_halfclosed": {
					"position": [0, 0, 0]
				},
				"leg_back_right": {
					"rotation": ["0+math.sin(q.anim_time*90*3-60)*1.25", -22.5, 0],
					"position": [-0.11888, 0, -1.67283]
				},
				"foot_back_right": {
					"rotation": ["1.1493+math.sin(q.anim_time*90*3-60)*1.75", 13.0392, 4.74105]
				},
				"waist": {
					"rotation": [0, -20, 0]
				},
				"leg_front_right": {
					"rotation": ["12.5+math.sin(q.anim_time*90*3-30)*1", 0, 0],
					"position": ["0+math.sin(q.anim_time*90*3-30)*0.1", "0-math.sin(q.anim_time*90*3-30)*0.25", "0+math.sin(q.anim_time*90*3-30)*0.1"]
				},
				"leg_front_right2": {
					"rotation": ["0-math.sin(q.anim_time*90*3-30)*2.5", 0, -10]
				},
				"foot_front_right": {
					"rotation": ["-12.0736+math.sin(q.anim_time*90*3-30)*1.05", 14.63639, "13.3191+math.sin(q.anim_time*90*3-30)*0.15"]
				},
				"body": {
					"rotation": [0, 42.5, 0],
					"position": [-2, 0, -1]
				},
				"torso": {
					"rotation": ["0+math.sin(q.anim_time*90*3-0)*0.5", 0, 0]
				},
				"leg_back_right2": {
					"rotation": ["0-math.sin(q.anim_time*90*3-60)*1.25", 0, 0]
				},
				"leg_back_right3": {
					"rotation": ["-1-math.sin(q.anim_time*90*3-60)*1.55", 0, 0]
				}
			}
		},
		"animation.absol.ground_idle": {
			"loop": true,
			"bones": {
				"neck": {
					"rotation": [20, 0, 0]
				},
				"head": {
					"rotation": [-17.5, 0, 0]
				},
				"hair": {
					"rotation": [0, 0, "47+math.sin(q.anim_time*90*2 -40)*1"]
				},
				"hair2": {
					"rotation": [0, 8.5, "38+math.sin(q.anim_time*90*2 -100)*1"]
				},
				"hair3": {
					"rotation": [9.69368, 25.60466, "13.242+math.sin(q.anim_time*90*2 -150)*2"]
				},
				"neck_fur_right2": {
					"rotation": [0, 0, -30]
				},
				"neck_fur_left2": {
					"rotation": [0, 0, 40]
				},
				"neck_fur_back2": {
					"rotation": [-45, 0, 0]
				},
				"chest_fur": {
					"rotation": ["-30+math.sin(q.anim_time*90*2 -45)*2 ", 0, 0]
				},
				"chest_fur_right": {
					"rotation": [0, 35, 0]
				},
				"chest_fur_left": {
					"rotation": [0, -25, 0]
				},
				"chest_fur_1": {
					"rotation": ["27.5+math.sin(q.anim_time*90*2 -95)*2 ", 0, 0]
				},
				"chest_fur_2": {
					"rotation": ["7.5+math.sin(q.anim_time*90*2 -145)*2 ", 0, 0]
				},
				"tail": {
					"rotation": ["-22.5+math.sin(q.anim_time*90*4 -30)*3", "0+math.sin(q.anim_time*90*2 -30)*6", 0]
				},
				"torso": {
					"rotation": ["0-math.sin(q.anim_time*90*2 -0)*1", 0, 0]
				},
				"hips": {
					"rotation": ["0-math.sin(q.anim_time*90*2-30)*1", 0, 0]
				},
				"chest": {
					"rotation": ["0-math.sin(q.anim_time*90*2 -125)*1.5", 0, 0]
				},
				"leg_front_right": {
					"rotation": ["0-math.sin(q.anim_time*90*2 -30)*1", 0, 0],
					"position": [0, "0+math.sin(q.anim_time*90*2 -30)*0.15 ", 0]
				},
				"leg_front_right2": {
					"rotation": ["0+math.sin(q.anim_time*90*2 -30)*2", 0, 0]
				},
				"foot_front_right": {
					"rotation": ["0-math.sin(q.anim_time*90*2 -30)*1.15", 0, 0]
				},
				"leg_front_left": {
					"rotation": ["0-math.sin(q.anim_time*90*2 -30)*1", 0, 0],
					"position": [0, "0+math.sin(q.anim_time*90*2 -30)*0.15 ", 0]
				},
				"leg_front_left2": {
					"rotation": ["0+math.sin(q.anim_time*90*2 -30)*2", 0, 0]
				},
				"foot_front_left": {
					"rotation": ["0-math.sin(q.anim_time*90*2 -30)*1.15", 0, 0]
				}
			}
		},
		"animation.absol.ground_walk": {
			"loop": true,
			"animation_length": 1,
			"bones": {
				"neck": {
					"rotation": {
						"0.0": {
							"post": [17.67, 0, 0],
							"lerp_mode": "catmullrom"
						},
						"0.0833": {
							"post": [16.5, 0, 0],
							"lerp_mode": "catmullrom"
						},
						"0.3333": {
							"post": [20, 0, 0],
							"lerp_mode": "catmullrom"
						},
						"0.5833": {
							"post": [16.5, 0, 0],
							"lerp_mode": "catmullrom"
						},
						"0.8333": {
							"post": [20, 0, 0],
							"lerp_mode": "catmullrom"
						},
						"1.0": [17.67, 0, 0]
					}
				},
				"head": {
					"rotation": [-17.5, 0, 0]
				},
				"hair": {
					"rotation": [0, "-2.5-math.sin(q.anim_time*90*8 -60)*2", 47]
				},
				"hair2": {
					"rotation": [0, "8.5-math.sin(q.anim_time*90*8 -120)*2", 38]
				},
				"hair3": {
					"rotation": [9.69368, "25.6047-math.sin(q.anim_time*90*8 -175)*5", 13.24197]
				},
				"neck_fur_right2": {
					"rotation": [0, 0, -30]
				},
				"neck_fur_left2": {
					"rotation": [0, 0, 40]
				},
				"neck_fur_back2": {
					"rotation": [-45, 0, 0]
				},
				"chest_fur": {
					"rotation": ["-27.5-math.sin(q.anim_time*90*8 -60)*2", 0, 0]
				},
				"chest_fur_right": {
					"rotation": [0, 35, 0]
				},
				"chest_fur_left": {
					"rotation": [0, -25, 0]
				},
				"chest_fur_1": {
					"rotation": ["16.67-math.sin(q.anim_time*90*8 -120)*3", 0, 0]
				},
				"chest_fur_2": {
					"rotation": ["7.5-math.sin(q.anim_time*90*8 -175)*5", 0, 0]
				},
				"tail": {
					"rotation": ["-22.5-math.sin(q.anim_time*90*8-50)*3", "0-math.sin(q.anim_time*90*4-50)*12", 0]
				},
				"leg_front_right": {
					"rotation": {
						"0.0": {
							"post": [25, 0, 0],
							"lerp_mode": "catmullrom"
						},
						"0.5": {
							"post": [-22.5, 0, 0],
							"lerp_mode": "catmullrom"
						},
						"1.0": [25, 0, 0]
					}
				},
				"leg_front_right2": {
					"rotation": {
						"0.0": {
							"post": [7.5, 0, 0],
							"lerp_mode": "catmullrom"
						},
						"0.25": {
							"post": [-11.25, 0, 0],
							"lerp_mode": "catmullrom"
						},
						"0.5": {
							"post": [15, 0, 0],
							"lerp_mode": "catmullrom"
						},
						"1.0": [7.5, 0, 0]
					},
					"position": {
						"0.0": {
							"post": [0, 0, 0],
							"lerp_mode": "catmullrom"
						},
						"0.25": {
							"post": [0, 1, 0],
							"lerp_mode": "catmullrom"
						},
						"0.5": {
							"post": [0, 0, 0],
							"lerp_mode": "catmullrom"
						},
						"0.75": {
							"post": [0, 1, 0],
							"lerp_mode": "catmullrom"
						},
						"1.0": [0, 0, 0]
					}
				},
				"foot_front_right": {
					"rotation": {
						"0.0": {
							"post": [-30, 0, 0],
							"lerp_mode": "catmullrom"
						},
						"0.25": {
							"post": [36.25, 0, 0],
							"lerp_mode": "catmullrom"
						},
						"0.5": {
							"post": [7.5, 0, 0],
							"lerp_mode": "catmullrom"
						},
						"1.0": [-30, 0, 0]
					},
					"position": {
						"0.0": {
							"post": [0, 0, 0],
							"lerp_mode": "catmullrom"
						},
						"0.25": {
							"post": [0, 0, -0.8],
							"lerp_mode": "catmullrom"
						},
						"0.5": {
							"post": [0, 0, 0],
							"lerp_mode": "catmullrom"
						},
						"1.0": [0, 0, 0]
					}
				},
				"leg_front_left": {
					"rotation": {
						"0.0": {
							"post": [-22.5, 0, 0],
							"lerp_mode": "catmullrom"
						},
						"0.5": {
							"post": [25, 0, 0],
							"lerp_mode": "catmullrom"
						},
						"1.0": [-22.5, 0, 0]
					}
				},
				"leg_front_left2": {
					"rotation": {
						"0.0": {
							"post": [15, 0, 0],
							"lerp_mode": "catmullrom"
						},
						"0.5": {
							"post": [7.5, 0, 0],
							"lerp_mode": "catmullrom"
						},
						"0.75": {
							"post": [-11.25, 0, 0],
							"lerp_mode": "catmullrom"
						},
						"1.0": [15, 0, 0]
					},
					"position": {
						"0.0": {
							"post": [0, 0, 0],
							"lerp_mode": "catmullrom"
						},
						"0.25": {
							"post": [0, 1, 0],
							"lerp_mode": "catmullrom"
						},
						"0.5": {
							"post": [0, 0, 0],
							"lerp_mode": "catmullrom"
						},
						"0.75": {
							"post": [0, 1, 0],
							"lerp_mode": "catmullrom"
						},
						"1.0": [0, 0, 0]
					}
				},
				"foot_front_left": {
					"rotation": {
						"0.0": {
							"post": [7.5, 0, 0],
							"lerp_mode": "catmullrom"
						},
						"0.5": {
							"post": [-30, 0, 0],
							"lerp_mode": "catmullrom"
						},
						"0.75": {
							"post": [36.25, 0, 0],
							"lerp_mode": "catmullrom"
						},
						"1.0": [7.5, 0, 0]
					},
					"position": {
						"0.0": {
							"post": [0, 0, 0],
							"lerp_mode": "catmullrom"
						},
						"0.75": {
							"post": [0, 0, -0.8],
							"lerp_mode": "catmullrom"
						},
						"1.0": [0, 0, 0]
					}
				},
				"leg_back_left": {
					"rotation": {
						"0.0": {
							"post": [7.81, 0, 0],
							"lerp_mode": "catmullrom"
						},
						"0.1667": {
							"post": [20, 0, 0],
							"lerp_mode": "catmullrom"
						},
						"0.4167": {
							"post": [20, 0, 0],
							"lerp_mode": "catmullrom"
						},
						"0.6667": {
							"post": [-12.5, 0, 0],
							"lerp_mode": "catmullrom"
						},
						"0.8333": {
							"post": [-5.28, 0, 0],
							"lerp_mode": "catmullrom"
						},
						"1.0": [7.81, 0, 0]
					}
				},
				"leg_back_left2": {
					"rotation": {
						"0.0": {
							"post": [-9.28, 0, 0],
							"lerp_mode": "catmullrom"
						},
						"0.1667": {
							"post": [-8.5, 0, 0],
							"lerp_mode": "catmullrom"
						},
						"0.4167": {
							"post": [-9.75, 0, 0],
							"lerp_mode": "catmullrom"
						},
						"0.6667": {
							"post": [-11, 0, 0],
							"lerp_mode": "catmullrom"
						},
						"0.8333": {
							"post": [-10.31, 0, 0],
							"lerp_mode": "catmullrom"
						},
						"1.0": [-9.28, 0, 0]
					},
					"position": {
						"0.0": {
							"post": [0, 0.72, 0],
							"lerp_mode": "catmullrom"
						},
						"0.1667": {
							"post": [0, 0, 0],
							"lerp_mode": "catmullrom"
						},
						"0.4167": {
							"post": [0, 0, 0],
							"lerp_mode": "catmullrom"
						},
						"0.6667": {
							"post": [0, 0, 0],
							"lerp_mode": "catmullrom"
						},
						"0.8333": {
							"post": [0, 0.78, 0],
							"lerp_mode": "catmullrom"
						},
						"1.0": [0, 0.72, 0]
					}
				},
				"leg_back_left3": {
					"rotation": {
						"0.0": {
							"post": [5.95, -0.17, 0.44],
							"lerp_mode": "catmullrom"
						},
						"0.1667": {
							"post": [9.5, 0, 0],
							"lerp_mode": "catmullrom"
						},
						"0.4167": {
							"post": [-14.17702, -0.26766, 0.70379],
							"lerp_mode": "catmullrom"
						},
						"0.6667": {
							"post": [-7.85405, -0.53531, 1.40759],
							"lerp_mode": "catmullrom"
						},
						"0.8333": {
							"post": [-1.37, -0.39, 1.02],
							"lerp_mode": "catmullrom"
						},
						"1.0": [5.95, -0.17, 0.44]
					}
				},
				"foot__back_left": {
					"rotation": {
						"0.0": {
							"post": [-5.47, 0, 0],
							"lerp_mode": "catmullrom"
						},
						"0.1667": {
							"post": [-20, 0, 0],
							"lerp_mode": "catmullrom"
						},
						"0.4167": {
							"post": [21.25, 0, 0],
							"lerp_mode": "catmullrom"
						},
						"0.6667": {
							"post": [32.5, 0, 0],
							"lerp_mode": "catmullrom"
						},
						"0.8333": {
							"post": [16.25, 0, 0],
							"lerp_mode": "catmullrom"
						},
						"1.0": [-5.47, 0, 0]
					},
					"position": {
						"0.0": {
							"post": [0, 0, 0],
							"lerp_mode": "catmullrom"
						},
						"0.1667": {
							"post": [0, 0, 0],
							"lerp_mode": "catmullrom"
						},
						"0.4167": {
							"post": [0, 1, 0],
							"lerp_mode": "catmullrom"
						},
						"0.5": {
							"post": [0, 0.66, 0],
							"lerp_mode": "catmullrom"
						},
						"0.6667": {
							"post": [0, 0, 0],
							"lerp_mode": "catmullrom"
						},
						"1.0": [0, 0, 0]
					}
				},
				"leg_back_right": {
					"rotation": {
						"0.0": {
							"post": [8.9, 0, 0],
							"lerp_mode": "catmullrom"
						},
						"0.1667": {
							"post": [-12.5, 0, 0],
							"lerp_mode": "catmullrom"
						},
						"0.6667": {
							"post": [20, 0, 0],
							"lerp_mode": "catmullrom"
						},
						"0.8333": {
							"post": [23.61, 0, 0],
							"lerp_mode": "catmullrom"
						},
						"1.0": [8.9, 0, 0]
					}
				},
				"leg_back_right2": {
					"rotation": {
						"0.0": {
							"post": [-10.25, 0, 0],
							"lerp_mode": "catmullrom"
						},
						"0.1667": {
							"post": [-11, 0, 0],
							"lerp_mode": "catmullrom"
						},
						"0.6667": {
							"post": [-8.5, 0, 0],
							"lerp_mode": "catmullrom"
						},
						"0.8333": {
							"post": [-9.19, 0, 0],
							"lerp_mode": "catmullrom"
						},
						"1.0": [-10.25, 0, 0]
					},
					"position": {
						"0.0": {
							"post": [0, -0.03, 0],
							"lerp_mode": "catmullrom"
						},
						"0.1667": {
							"post": [0, 0, 0],
							"lerp_mode": "catmullrom"
						},
						"0.4167": {
							"post": [0, 1, 0],
							"lerp_mode": "catmullrom"
						},
						"0.6667": {
							"post": [0, 0, 0],
							"lerp_mode": "catmullrom"
						},
						"0.8333": {
							"post": [0, -0.04, 0],
							"lerp_mode": "catmullrom"
						},
						"1.0": [0, -0.03, 0]
					}
				},
				"leg_back_right3": {
					"rotation": {
						"0.0": {
							"post": [-13.48, -0.38, 0.99],
							"lerp_mode": "catmullrom"
						},
						"0.1667": {
							"post": [-7.85405, -0.53531, 1.40759],
							"lerp_mode": "catmullrom"
						},
						"0.6667": {
							"post": [9.5, 0, 0],
							"lerp_mode": "catmullrom"
						},
						"0.8333": {
							"post": [-6.99, -0.15, 0.39],
							"lerp_mode": "catmullrom"
						},
						"1.0": [-13.48, -0.38, 0.99]
					}
				},
				"torso": {
					"rotation": {
						"0.0": {
							"post": [1.77, 0, 0],
							"lerp_mode": "catmullrom"
						},
						"0.0833": {
							"post": [2.5, 0, 0],
							"lerp_mode": "catmullrom"
						},
						"0.3333": {
							"post": [0, 0, 0],
							"lerp_mode": "catmullrom"
						},
						"0.5833": {
							"post": [2.5, 0, 0],
							"lerp_mode": "catmullrom"
						},
						"0.8333": {
							"post": [0, 0, 0],
							"lerp_mode": "catmullrom"
						},
						"1.0": [1.77, 0, 0]
					},
					"position": {
						"0.0": {
							"post": [0, 0.71, 0],
							"lerp_mode": "catmullrom"
						},
						"0.0833": {
							"post": [0, 1, 0],
							"lerp_mode": "catmullrom"
						},
						"0.3333": {
							"post": [0, 0, 0],
							"lerp_mode": "catmullrom"
						},
						"0.5833": {
							"post": [0, 1, 0],
							"lerp_mode": "catmullrom"
						},
						"0.8333": {
							"post": [0, 0, 0],
							"lerp_mode": "catmullrom"
						},
						"1.0": [0, 0.71, 0]
					}
				},
				"hips": {
					"rotation": {
						"0.0": {
							"post": [0, 0, 0],
							"lerp_mode": "catmullrom"
						},
						"0.25": {
							"post": [-2.5, 0, 0],
							"lerp_mode": "catmullrom"
						},
						"0.5": {
							"post": [0, 0, 0],
							"lerp_mode": "catmullrom"
						},
						"0.75": {
							"post": [-2.5, 0, 0],
							"lerp_mode": "catmullrom"
						},
						"1.0": [0, 0, 0]
					}
				},
				"chest": {
					"rotation": {
						"0.0": {
							"post": [-0.83, 0, 0],
							"lerp_mode": "catmullrom"
						},
						"0.1667": {
							"post": [-2.5, 0, 0],
							"lerp_mode": "catmullrom"
						},
						"0.4167": {
							"post": [0, 0, 0],
							"lerp_mode": "catmullrom"
						},
						"0.6667": {
							"post": [-2.5, 0, 0],
							"lerp_mode": "catmullrom"
						},
						"0.9167": {
							"post": [0, 0, 0],
							"lerp_mode": "catmullrom"
						},
						"1.0": [-0.83, 0, 0]
					}
				},
				"foot_back_right": {
					"rotation": {
						"0.0": {
							"post": [21.25, 0, 0],
							"lerp_mode": "catmullrom"
						},
						"0.1667": {
							"post": [32.5, 0, 0],
							"lerp_mode": "catmullrom"
						},
						"0.6667": {
							"post": [-20, 0, 0],
							"lerp_mode": "catmullrom"
						},
						"0.8333": {
							"post": [6.25, 0, 0],
							"lerp_mode": "catmullrom"
						},
						"1.0": [21.25, 0, 0]
					},
					"position": {
						"0.0": {
							"post": [0, 1, 0],
							"lerp_mode": "catmullrom"
						},
						"0.1667": {
							"post": [0, 0, 0],
							"lerp_mode": "catmullrom"
						},
						"0.4167": {
							"post": [0, 0, 0],
							"lerp_mode": "catmullrom"
						},
						"0.6667": {
							"post": [0, 0, 0],
							"lerp_mode": "catmullrom"
						},
						"0.8333": {
							"post": [0, 1, 0],
							"lerp_mode": "catmullrom"
						},
						"1.0": [0, 1, 0]
					}
				}
			}
		},
		"animation.absol.cry": {
			"animation_length": 1.5,
			"bones": {
				"mouth": {
					"position": {
						"0.0": [0, 0, 0.17],
						"0.0417": {
							"pre": [0, 0, 0.17],
							"post": [0, 0, -1]
						},
						"0.5417": {
							"pre": [0, 0, -1],
							"post": [0, 0, 0.17]
						}
					}
				},
				"neck": {
					"rotation": {
						"0.0": [0, 0, 0],
						"0.125": {
							"pre": [-5, 0, 0],
							"post": [-5, 0, 0],
							"lerp_mode": "catmullrom"
						},
						"0.5": {
							"post": [-7.5, 0, 0],
							"lerp_mode": "catmullrom"
						},
						"0.9167": [0, 0, 0]
					}
				},
				"head": {
					"rotation": {
						"0.0": [0, 0, 0],
						"0.125": {
							"pre": [7.5, 0, 0],
							"post": [7.5, 0, 0],
							"lerp_mode": "catmullrom"
						},
						"0.2917": {
							"post": [-7.5, 0, 0],
							"lerp_mode": "catmullrom"
						},
						"0.6667": {
							"post": [-7.5, 0, 0],
							"lerp_mode": "catmullrom"
						},
						"1.0": [0, 0, 0]
					}
				}
			},
			"sound_effects": {
				"0.0417": {
					"effect": "pokemon.absol.cry"
				}
			}
		},
		"animation.absol.blink": {
			"animation_length": 0.1667,
			"bones": {
				"eyes_open": {
					"position": {
						"0.0": [0, 0, 1],
						"0.125": [0, 0, 1],
						"0.1667": {
							"pre": [0, 0, 1],
							"post": [0, 0, 0]
						}
					}
				},
				"eyes_closed": {
					"position": {
						"0.0": [0, 0, -1],
						"0.125": [0, 0, -1],
						"0.1667": {
							"pre": [0, 0, -1],
							"post": [0, 0, 0]
						}
					}
				}
			}
		},
		"animation.absol.test": {
			"loop": true,
			"bones": {
				"absol": {
					"position": [0, 0, "-q.anim_time*90*0.25"]
				}
			}
		}
	}
}