{
  "format_version": "1.8.0",
  "animations": {
    "animation.houndstone.ground_idle": {
      "loop": true,
      "animation_length": 4,
      "bones": {
        "body": {
          "rotation": {
            "0.0": {
              "post": [0, 0, 0],
              "lerp_mode": "catmullrom"
            },
            "1.0833": {
              "post": [-2.5, 0, 0],
              "lerp_mode": "catmullrom"
            },
            "2.75": {
              "post": [2.5, 0, 0],
              "lerp_mode": "catmullrom"
            },
            "4.0": {
              "post": [0, 0, 0],
              "lerp_mode": "catmullrom"
            }
          },
          "position": {
            "0.0": {
              "post": [0, 0, 0],
              "lerp_mode": "catmullrom"
            },
            "1.0": {
              "post": [0, -1, 0],
              "lerp_mode": "catmullrom"
            },
            "3.0": {
              "post": [0, 1, 0],
              "lerp_mode": "catmullrom"
            },
            "4.0": {
              "post": [0, 0, 0],
              "lerp_mode": "catmullrom"
            }
          }
        },
        "fluff": {
          "rotation": {
            "0.0": {
              "post": [0, 0, 0],
              "lerp_mode": "catmullrom"
            },
            "2.0": {
              "post": [0, 0, -7.5],
              "lerp_mode": "catmullrom"
            },
            "4.0": {
              "post": [0, 0, 0],
              "lerp_mode": "catmullrom"
            }
          }
        },
        "fluff2": {
          "rotation": {
            "0.0": {
              "post": [0, 0, 0],
              "lerp_mode": "catmullrom"
            },
            "1.0": {
              "post": [0, 0, 15],
              "lerp_mode": "catmullrom"
            },
            "3.0": {
              "post": [0, 0, -5],
              "lerp_mode": "catmullrom"
            },
            "4.0": {
              "post": [0, 0, 0],
              "lerp_mode": "catmullrom"
            }
          }
        },
        "fluff3": {
          "rotation": {
            "0.0": {
              "post": [0, 0, 0],
              "lerp_mode": "catmullrom"
            },
            "0.9583": {
              "post": [0, 0, 25],
              "lerp_mode": "catmullrom"
            },
            "1.7083": {
              "post": [0, 0, 27.5],
              "lerp_mode": "catmullrom"
            },
            "2.5833": {
              "post": [0, 0, -20],
              "lerp_mode": "catmullrom"
            },
            "2.875": {
              "post": [0, 0, -22.5],
              "lerp_mode": "catmullrom"
            },
            "4.0": {
              "post": [0, 0, 0],
              "lerp_mode": "catmullrom"
            }
          }
        },
        "fluff4": {
          "rotation": {
            "0.0": {
              "post": [0, 0, 0],
              "lerp_mode": "catmullrom"
            },
            "2.0": {
              "post": [0, 0, 7.5],
              "lerp_mode": "catmullrom"
            },
            "4.0": {
              "post": [0, 0, 0],
              "lerp_mode": "catmullrom"
            }
          }
        },
        "fluff5": {
          "rotation": {
            "0.0": {
              "post": [0, 0, 0],
              "lerp_mode": "catmullrom"
            },
            "1.0": {
              "post": [0, 0, -20],
              "lerp_mode": "catmullrom"
            },
            "3.0": {
              "post": [0, 0, 10],
              "lerp_mode": "catmullrom"
            },
            "4.0": {
              "post": [0, 0, 0],
              "lerp_mode": "catmullrom"
            }
          }
        },
        "fluff6": {
          "rotation": {
            "0.0": {
              "post": [0, 0, 0],
              "lerp_mode": "catmullrom"
            },
            "0.6667": {
              "post": [0, 0, -20],
              "lerp_mode": "catmullrom"
            },
            "1.5": {
              "post": [0, 0, -22.5],
              "lerp_mode": "catmullrom"
            },
            "2.7083": {
              "post": [0, 0, 7.5],
              "lerp_mode": "catmullrom"
            },
            "4.0": {
              "post": [0, 0, 0],
              "lerp_mode": "catmullrom"
            }
          }
        },
        "head": {
          "rotation": {
            "0.0": {
              "post": [2.49609, -0.1346, 4.99819],
              "lerp_mode": "catmullrom"
            },
            "1.0": {
              "post": [1.24564, 0.0208, 1.2522],
              "lerp_mode": "catmullrom"
            },
            "2.0": {
              "post": [4.99519, 0.17621, -2.49379],
              "lerp_mode": "catmullrom"
            },
            "3.0": {
              "post": [-3.75436, 0.0208, 1.2522],
              "lerp_mode": "catmullrom"
            },
            "4.0": {
              "post": [2.49609, -0.1346, 4.99819],
              "lerp_mode": "catmullrom"
            }
          }
        },
        "jaw": {
          "rotation": {
            "0.0": {
              "post": [-22.5, 0, 0],
              "lerp_mode": "catmullrom"
            },
            "0.4167": {
              "post": [-15.28, 0, 0],
              "lerp_mode": "catmullrom"
            },
            "1.375": {
              "post": [-32.5, 0, 0],
              "lerp_mode": "catmullrom"
            },
            "2.3333": {
              "post": [-17.5, 0, 0],
              "lerp_mode": "catmullrom"
            },
            "3.2917": {
              "post": [-30, 0, 0],
              "lerp_mode": "catmullrom"
            },
            "4.0": {
              "post": [-22.5, 0, 0],
              "lerp_mode": "catmullrom"
            }
          }
        },
        "ear": {
          "rotation": {
            "0.0": {
              "post": [0, 0, 0],
              "lerp_mode": "catmullrom"
            },
            "1.625": {
              "post": [0, 0, 10],
              "lerp_mode": "catmullrom"
            },
            "2.8333": {
              "post": [0, 0, -2.5],
              "lerp_mode": "catmullrom"
            },
            "4.0": {
              "post": [0, 0, 0],
              "lerp_mode": "catmullrom"
            }
          }
        },
        "earfur": {
          "rotation": {
            "0.0": {
              "post": [0, 0, 17.5],
              "lerp_mode": "catmullrom"
            },
            "0.5": {
              "post": [0, 0, -5],
              "lerp_mode": "catmullrom"
            },
            "1.4583": {
              "post": [0, 0, 7.5],
              "lerp_mode": "catmullrom"
            },
            "2.5417": {
              "post": [0, 0, -2.5],
              "lerp_mode": "catmullrom"
            },
            "4.0": {
              "post": [0, 0, 17.5],
              "lerp_mode": "catmullrom"
            }
          }
        },
        "earfur2": {
          "rotation": {
            "0.0": {
              "post": [0, 0, 0],
              "lerp_mode": "catmullrom"
            },
            "0.2917": {
              "post": [0, 0, 15],
              "lerp_mode": "catmullrom"
            },
            "0.8333": {
              "post": [0, 0, -15],
              "lerp_mode": "catmullrom"
            },
            "1.3333": {
              "post": [0, 0, -17.5],
              "lerp_mode": "catmullrom"
            },
            "2.4167": {
              "post": [0, 0, 15],
              "lerp_mode": "catmullrom"
            },
            "3.1667": {
              "post": [0, 0, -22.5],
              "lerp_mode": "catmullrom"
            },
            "4.0": {
              "post": [0, 0, 0],
              "lerp_mode": "catmullrom"
            }
          }
        },
        "earfur3": {
          "rotation": {
            "0.0": {
              "post": [0, 0, 0],
              "lerp_mode": "catmullrom"
            },
            "0.2917": {
              "post": [0, 0, 30],
              "lerp_mode": "catmullrom"
            },
            "0.5833": {
              "post": [0, 0, 32.5],
              "lerp_mode": "catmullrom"
            },
            "0.9583": {
              "post": [0, 0, -25],
              "lerp_mode": "catmullrom"
            },
            "1.5": {
              "post": [0, 0, -32.5],
              "lerp_mode": "catmullrom"
            },
            "2.0417": {
              "post": [0, 0, -5],
              "lerp_mode": "catmullrom"
            },
            "3.0": {
              "post": [0, 0, -2.5],
              "lerp_mode": "catmullrom"
            },
            "3.4583": {
              "post": [0, 0, -30],
              "lerp_mode": "catmullrom"
            },
            "4.0": {
              "post": [0, 0, 0],
              "lerp_mode": "catmullrom"
            }
          }
        },
        "ear3": {
          "rotation": {
            "0.0": {
              "post": [0, 0, 0],
              "lerp_mode": "catmullrom"
            },
            "1.2083": {
              "post": [0, 0, -10],
              "lerp_mode": "catmullrom"
            },
            "2.4583": {
              "post": [0, 0, 10],
              "lerp_mode": "catmullrom"
            },
            "4.0": {
              "post": [0, 0, 0],
              "lerp_mode": "catmullrom"
            }
          }
        },
        "ear4": {
          "rotation": {
            "0.0": {
              "post": [0, 0, 0],
              "lerp_mode": "catmullrom"
            },
            "0.4583": {
              "post": [0, 0, 7.5],
              "lerp_mode": "catmullrom"
            },
            "0.7083": {
              "post": [0, 0, 12.5],
              "lerp_mode": "catmullrom"
            },
            "1.9167": {
              "post": [0, 0, -27.5],
              "lerp_mode": "catmullrom"
            },
            "2.5417": {
              "post": [0, 0, -30],
              "lerp_mode": "catmullrom"
            },
            "3.2083": {
              "post": [0, 0, 0],
              "lerp_mode": "catmullrom"
            },
            "4.0": {
              "post": [0, 0, 0],
              "lerp_mode": "catmullrom"
            }
          }
        },
        "earfur4": {
          "rotation": {
            "0.0": {
              "post": [0, 0, 0],
              "lerp_mode": "catmullrom"
            },
            "0.4583": {
              "post": [0, 0, 12.5],
              "lerp_mode": "catmullrom"
            },
            "0.9583": {
              "post": [0, 0, 17.5],
              "lerp_mode": "catmullrom"
            },
            "1.625": {
              "post": [0, 0, -12.5],
              "lerp_mode": "catmullrom"
            },
            "2.5": {
              "post": [0, 0, -17.5],
              "lerp_mode": "catmullrom"
            },
            "3.125": {
              "post": [0, 0, 15],
              "lerp_mode": "catmullrom"
            },
            "4.0": {
              "post": [0, 0, 0],
              "lerp_mode": "catmullrom"
            }
          }
        },
        "ear6": {
          "rotation": {
            "0.0": {
              "post": [0, 0, 0],
              "lerp_mode": "catmullrom"
            },
            "1.1667": {
              "post": [0, 0, 10],
              "lerp_mode": "catmullrom"
            },
            "1.7917": {
              "post": [0, 0, 12.5],
              "lerp_mode": "catmullrom"
            },
            "2.7083": {
              "post": [0, 0, -27.5],
              "lerp_mode": "catmullrom"
            },
            "3.1667": {
              "post": [0, 0, -50],
              "lerp_mode": "catmullrom"
            },
            "4.0": {
              "post": [0, 0, 0],
              "lerp_mode": "catmullrom"
            }
          }
        },
        "rightleg": {
          "rotation": {
            "0.0": {
              "post": [0, 35, 0],
              "lerp_mode": "catmullrom"
            }
          }
        },
        "leftleg": {
          "rotation": {
            "0.0": {
              "post": [0, 0, 0],
              "lerp_mode": "catmullrom"
            },
            "0.375": {
              "post": [7.5, 0, 0],
              "lerp_mode": "catmullrom"
            },
            "0.75": {
              "post": [-7.5, 0, 0],
              "lerp_mode": "catmullrom"
            },
            "1.3333": {
              "post": [0, 0, 0],
              "lerp_mode": "catmullrom"
            }
          },
          "position": {
            "0.0": {
              "post": [0, 0, 0],
              "lerp_mode": "catmullrom"
            },
            "0.3333": {
              "post": [0, 2, 0],
              "lerp_mode": "catmullrom"
            },
            "1.0": {
              "post": [0, 0, 0],
              "lerp_mode": "catmullrom"
            }
          }
        },
        "tail": {
          "rotation": {
            "0.0": {
              "post": [0, 0, 0],
              "lerp_mode": "catmullrom"
            },
            "0.7083": {
              "post": [12.5, 0, 0],
              "lerp_mode": "catmullrom"
            },
            "1.875": {
              "post": [-5, 0, 0],
              "lerp_mode": "catmullrom"
            },
            "2.4583": {
              "post": [-7.5, 0, 0],
              "lerp_mode": "catmullrom"
            },
            "4.0": {
              "post": [0, 0, 0],
              "lerp_mode": "catmullrom"
            }
          }
        },
        "tail2": {
          "rotation": {
            "0.0": {
              "post": [5, 0, 0],
              "lerp_mode": "catmullrom"
            },
            "1.1667": {
              "post": [15, 0, 0],
              "lerp_mode": "catmullrom"
            },
            "2.125": {
              "post": [-17.5, 0, 0],
              "lerp_mode": "catmullrom"
            },
            "3.3333": {
              "post": [0, 0, 0],
              "lerp_mode": "catmullrom"
            },
            "4.0": {
              "post": [5, 0, 0],
              "lerp_mode": "catmullrom"
            }
          }
        }
      }
    },
    "animation.houndstone.ground_walk": {
      "loop": true,
      "animation_length": 2.625,
      "bones": {
        "body": {
          "rotation": {
            "0.0": {
              "post": [0, 0, 0],
              "lerp_mode": "catmullrom"
            },
            "0.5": {
              "post": [-0.10912, 2.49762, -2.50238],
              "lerp_mode": "catmullrom"
            },
            "0.9583": {
              "post": [0.00174, -0.03996, -2.5],
              "lerp_mode": "catmullrom"
            },
            "1.4583": {
              "post": [-0.14011, -1.6083, 4.10198],
              "lerp_mode": "catmullrom"
            },
            "2.0": {
              "post": [-0.10912, -2.49762, 2.50238],
              "lerp_mode": "catmullrom"
            },
            "2.625": {
              "post": [0, 0, 0],
              "lerp_mode": "catmullrom"
            }
          },
          "position": {
            "0.0": {
              "post": [0, 0, 0],
              "lerp_mode": "catmullrom"
            },
            "1.0": {
              "post": [0, 1.7, 0],
              "lerp_mode": "catmullrom"
            },
            "1.1667": {
              "post": [0, -0.6, 0],
              "lerp_mode": "catmullrom"
            },
            "2.5": {
              "post": [0, 1.7, 0],
              "lerp_mode": "catmullrom"
            },
            "2.625": {
              "post": [0, 0, 0],
              "lerp_mode": "catmullrom"
            }
          }
        },
        "fluff": {
          "rotation": {
            "0.0": {
              "post": [0, 0, -5],
              "lerp_mode": "catmullrom"
            },
            "0.1667": {
              "post": [0, 0, 3.7],
              "lerp_mode": "catmullrom"
            },
            "0.25": {
              "post": [0, 0, 1.08],
              "lerp_mode": "catmullrom"
            },
            "1.0417": {
              "post": [0, 0, 2.5],
              "lerp_mode": "catmullrom"
            },
            "1.1667": {
              "post": [0, 0, -2.5],
              "lerp_mode": "catmullrom"
            },
            "1.3333": {
              "post": [0, 0, 5],
              "lerp_mode": "catmullrom"
            },
            "1.4583": {
              "post": [0, 0, 2.5],
              "lerp_mode": "catmullrom"
            },
            "2.5": {
              "post": [0, 0, 2.5],
              "lerp_mode": "catmullrom"
            },
            "2.625": {
              "post": [0, 0, -5],
              "lerp_mode": "catmullrom"
            }
          }
        },
        "fluff2": {
          "rotation": {
            "0.0": {
              "post": [0, 0, 12.5],
              "lerp_mode": "catmullrom"
            },
            "0.1667": {
              "post": [0, 0, -15],
              "lerp_mode": "catmullrom"
            },
            "0.375": {
              "post": [0, 0, 25],
              "lerp_mode": "catmullrom"
            },
            "0.5417": {
              "post": [0, 0, 2.5],
              "lerp_mode": "catmullrom"
            },
            "1.0": {
              "post": [0, 0, 2.5],
              "lerp_mode": "catmullrom"
            },
            "1.1667": {
              "post": [0, 0, 30],
              "lerp_mode": "catmullrom"
            },
            "1.3333": {
              "post": [0, 0, -40],
              "lerp_mode": "catmullrom"
            },
            "1.5": {
              "post": [0, 0, -10],
              "lerp_mode": "catmullrom"
            },
            "2.5": {
              "post": [0, 0, -10],
              "lerp_mode": "catmullrom"
            },
            "2.625": {
              "post": [0, 0, 12.5],
              "lerp_mode": "catmullrom"
            }
          }
        },
        "fluff3": {
          "rotation": {
            "0.0": {
              "post": [0, 0, 32.5],
              "lerp_mode": "catmullrom"
            },
            "0.2083": {
              "post": [0, 0, -37.5],
              "lerp_mode": "catmullrom"
            },
            "0.4583": {
              "post": [0, 0, 20],
              "lerp_mode": "catmullrom"
            },
            "0.6667": {
              "post": [0, 0, -2.5],
              "lerp_mode": "catmullrom"
            },
            "0.875": {
              "post": [0, 0, 17.5],
              "lerp_mode": "catmullrom"
            },
            "1.0": {
              "post": [0, 0, 17.5],
              "lerp_mode": "catmullrom"
            },
            "1.1667": {
              "post": [0, 0, 67.5],
              "lerp_mode": "catmullrom"
            },
            "1.3333": {
              "post": [0, 0, -57.5],
              "lerp_mode": "catmullrom"
            },
            "1.5833": {
              "post": [0, 0, 37.5],
              "lerp_mode": "catmullrom"
            },
            "1.75": {
              "post": [0, 0, 22.5],
              "lerp_mode": "catmullrom"
            },
            "2.625": {
              "post": [0, 0, 32.5],
              "lerp_mode": "catmullrom"
            }
          }
        },
        "fur": {
          "rotation": {
            "0.0": {
              "post": [0, 0, 10],
              "lerp_mode": "catmullrom"
            },
            "0.1667": {
              "post": [0, 0, -2.5],
              "lerp_mode": "catmullrom"
            },
            "0.2917": {
              "post": [0, 0, 2.5],
              "lerp_mode": "catmullrom"
            },
            "1.0": {
              "post": [0, 0, -5],
              "lerp_mode": "catmullrom"
            },
            "1.1667": {
              "post": [0, 0, 5],
              "lerp_mode": "catmullrom"
            },
            "1.3333": {
              "post": [0, 0, -7.5],
              "lerp_mode": "catmullrom"
            },
            "1.6667": {
              "post": [0, 0, -2.5],
              "lerp_mode": "catmullrom"
            }
          }
        },
        "fur2": {
          "rotation": {
            "0.0": {
              "post": [0, 0, 0],
              "lerp_mode": "catmullrom"
            },
            "0.125": {
              "post": [0, 0, 17.5],
              "lerp_mode": "catmullrom"
            },
            "0.2917": {
              "post": [0, 0, -32.5],
              "lerp_mode": "catmullrom"
            },
            "0.4167": {
              "post": [0, 0, -2.5],
              "lerp_mode": "catmullrom"
            },
            "1.0833": {
              "post": [0, 0, -5],
              "lerp_mode": "catmullrom"
            },
            "1.1667": {
              "post": [0, 0, -22.5],
              "lerp_mode": "catmullrom"
            },
            "1.25": {
              "post": [0, 0, 25],
              "lerp_mode": "catmullrom"
            },
            "1.5417": {
              "post": [0, 0, -7.5],
              "lerp_mode": "catmullrom"
            },
            "2.625": {
              "post": [0, 0, 0],
              "lerp_mode": "catmullrom"
            }
          }
        },
        "fluff4": {
          "rotation": {
            "0.0": {
              "post": [0, 0, 5],
              "lerp_mode": "catmullrom"
            },
            "0.125": {
              "post": [0, 0, -3.08],
              "lerp_mode": "catmullrom"
            },
            "0.3333": {
              "post": [0, 0, 2.19],
              "lerp_mode": "catmullrom"
            },
            "1.0833": {
              "post": [0, 0, 0],
              "lerp_mode": "catmullrom"
            },
            "1.1667": {
              "post": [0, 0, 7.5],
              "lerp_mode": "catmullrom"
            },
            "1.2917": {
              "post": [0, 0, -5],
              "lerp_mode": "catmullrom"
            },
            "1.4583": {
              "post": [0, 0, 0],
              "lerp_mode": "catmullrom"
            },
            "2.4583": {
              "post": [0, 0, 0],
              "lerp_mode": "catmullrom"
            },
            "2.625": {
              "post": [0, 0, 5],
              "lerp_mode": "catmullrom"
            }
          }
        },
        "fluff5": {
          "rotation": {
            "0.0": {
              "post": [0, 0, 0],
              "lerp_mode": "catmullrom"
            },
            "0.0833": {
              "post": [0, 0, 27.5],
              "lerp_mode": "catmullrom"
            },
            "0.1667": {
              "post": [0, 0, -20],
              "lerp_mode": "catmullrom"
            },
            "0.2917": {
              "post": [0, 0, -27.5],
              "lerp_mode": "catmullrom"
            },
            "0.5": {
              "post": [0, 0, 20],
              "lerp_mode": "catmullrom"
            },
            "0.75": {
              "post": [0, 0, -5],
              "lerp_mode": "catmullrom"
            },
            "1.0417": {
              "post": [0, 0, -5],
              "lerp_mode": "catmullrom"
            },
            "1.125": {
              "post": [0, 0, -17.5],
              "lerp_mode": "catmullrom"
            },
            "1.25": {
              "post": [0, 0, 20],
              "lerp_mode": "catmullrom"
            },
            "1.4167": {
              "post": [0, 0, -12.5],
              "lerp_mode": "catmullrom"
            }
          }
        },
        "fluff6": {
          "rotation": {
            "0.0": {
              "post": [0, 0, 0],
              "lerp_mode": "catmullrom"
            },
            "0.1667": {
              "post": [0, 0, 30],
              "lerp_mode": "catmullrom"
            },
            "0.3333": {
              "post": [0, 0, -25],
              "lerp_mode": "catmullrom"
            },
            "0.625": {
              "post": [0, 0, -2.5],
              "lerp_mode": "catmullrom"
            },
            "0.9167": {
              "post": [0, 0, -15],
              "lerp_mode": "catmullrom"
            },
            "1.0833": {
              "post": [0, 0, -15],
              "lerp_mode": "catmullrom"
            },
            "1.1667": {
              "post": [0, 0, -37.5],
              "lerp_mode": "catmullrom"
            },
            "1.2917": {
              "post": [0, 0, 2.5],
              "lerp_mode": "catmullrom"
            },
            "1.4583": {
              "post": [0, 0, -27.5],
              "lerp_mode": "catmullrom"
            },
            "1.5833": {
              "post": [0, 0, -2.5],
              "lerp_mode": "catmullrom"
            },
            "2.625": {
              "post": [0, 0, 0],
              "lerp_mode": "catmullrom"
            }
          }
        },
        "fur4": {
          "rotation": {
            "0.0": {
              "post": [0, 0, -10],
              "lerp_mode": "catmullrom"
            },
            "0.1667": {
              "post": [0, 0, 2.5],
              "lerp_mode": "catmullrom"
            },
            "0.375": {
              "post": [0, 0, -2.5],
              "lerp_mode": "catmullrom"
            },
            "1.0": {
              "post": [0, 0, -2.5],
              "lerp_mode": "catmullrom"
            },
            "1.1667": {
              "post": [0, 0, -17.5],
              "lerp_mode": "catmullrom"
            },
            "1.2917": {
              "post": [0, 0, 7.5],
              "lerp_mode": "catmullrom"
            },
            "1.4583": {
              "post": [0, 0, -2.5],
              "lerp_mode": "catmullrom"
            },
            "2.5417": {
              "post": [0, 0, -2.5],
              "lerp_mode": "catmullrom"
            },
            "2.625": {
              "post": [0, 0, -10],
              "lerp_mode": "catmullrom"
            }
          }
        },
        "fur5": {
          "rotation": {
            "0.0": {
              "post": [0, 0, 0],
              "lerp_mode": "catmullrom"
            },
            "0.1667": {
              "post": [0, 0, -27.5],
              "lerp_mode": "catmullrom"
            },
            "0.375": {
              "post": [0, 0, 42.5],
              "lerp_mode": "catmullrom"
            },
            "0.5417": {
              "post": [0, 0, 12.5],
              "lerp_mode": "catmullrom"
            },
            "0.9583": {
              "post": [0, 0, 12.5],
              "lerp_mode": "catmullrom"
            },
            "1.125": {
              "post": [0, 0, 40],
              "lerp_mode": "catmullrom"
            },
            "1.2917": {
              "post": [0, 0, -35],
              "lerp_mode": "catmullrom"
            },
            "1.4583": {
              "post": [0, 0, 30],
              "lerp_mode": "catmullrom"
            },
            "1.625": {
              "post": [0, 0, -5],
              "lerp_mode": "catmullrom"
            },
            "2.625": {
              "post": [0, 0, 0],
              "lerp_mode": "catmullrom"
            }
          }
        },
        "head": {
          "rotation": {
            "0.0": {
              "post": [-2.5, 0, -2.5],
              "lerp_mode": "catmullrom"
            },
            "0.1667": {
              "post": [3.75, 0, -2.5],
              "lerp_mode": "catmullrom"
            },
            "0.3333": {
              "post": [0, 0, -2.5],
              "lerp_mode": "catmullrom"
            },
            "1.0": {
              "post": [0, 0, 2.44316],
              "lerp_mode": "catmullrom"
            },
            "1.125": {
              "post": [0, 0, 3.37],
              "lerp_mode": "catmullrom"
            },
            "1.2083": {
              "post": [-2.5, 0, 3.20694],
              "lerp_mode": "catmullrom"
            },
            "1.3333": {
              "post": [0.22059, 0, 2.70339],
              "lerp_mode": "catmullrom"
            },
            "2.5417": {
              "post": [0.01423, 0, -2.1643],
              "lerp_mode": "catmullrom"
            },
            "2.625": {
              "post": [-2.5, 0, -2.5],
              "lerp_mode": "catmullrom"
            }
          }
        },
        "jaw": {
          "rotation": {
            "0.0": {
              "post": [-22.5, 0, 0],
              "lerp_mode": "catmullrom"
            },
            "0.125": {
              "post": [-28.15, 0, 0],
              "lerp_mode": "catmullrom"
            },
            "0.9583": {
              "post": [-27.5, 0, 0],
              "lerp_mode": "catmullrom"
            },
            "1.1667": {
              "post": [-22.5, 0, 0],
              "lerp_mode": "catmullrom"
            },
            "1.2917": {
              "post": [-30, 0, 0],
              "lerp_mode": "catmullrom"
            },
            "2.5": {
              "post": [-30, 0, 0],
              "lerp_mode": "catmullrom"
            },
            "2.625": {
              "post": [-22.5, 0, 0],
              "lerp_mode": "catmullrom"
            }
          }
        },
        "ear": {
          "rotation": {
            "0.0": {
              "post": [0, 0, 5],
              "lerp_mode": "catmullrom"
            },
            "0.4167": {
              "post": [0, 0, -7.5],
              "lerp_mode": "catmullrom"
            },
            "0.875": {
              "post": [0, 0, -9.53],
              "lerp_mode": "catmullrom"
            },
            "1.0833": {
              "post": [0, 0, 0],
              "lerp_mode": "catmullrom"
            },
            "1.375": {
              "post": [0, 0, -10],
              "lerp_mode": "catmullrom"
            },
            "2.375": {
              "post": [0, 0, -7.5],
              "lerp_mode": "catmullrom"
            },
            "2.625": {
              "post": [0, 0, 5],
              "lerp_mode": "catmullrom"
            }
          }
        },
        "ear2": {
          "rotation": {
            "0.0": {
              "post": [0, 0, -30],
              "lerp_mode": "catmullrom"
            },
            "0.2083": {
              "post": [0, 0, 7.5],
              "lerp_mode": "catmullrom"
            },
            "0.4167": {
              "post": [0, 0, -22.5],
              "lerp_mode": "catmullrom"
            },
            "0.75": {
              "post": [0, 0, -7.5],
              "lerp_mode": "catmullrom"
            },
            "1.0": {
              "post": [0, 0, -25],
              "lerp_mode": "catmullrom"
            },
            "1.2917": {
              "post": [0, 0, 0],
              "lerp_mode": "catmullrom"
            },
            "1.5833": {
              "post": [0, 0, -20],
              "lerp_mode": "catmullrom"
            },
            "1.875": {
              "post": [0, 0, -10],
              "lerp_mode": "catmullrom"
            },
            "2.4167": {
              "post": [0, 0, -12.5],
              "lerp_mode": "catmullrom"
            },
            "2.625": {
              "post": [0, 0, -30],
              "lerp_mode": "catmullrom"
            }
          }
        },
        "earfur3": {
          "rotation": {
            "0.0": {
              "post": [0, 0, 0],
              "lerp_mode": "catmullrom"
            },
            "0.125": {
              "post": [-3.70103, -2.56707, -14.7339],
              "lerp_mode": "catmullrom"
            },
            "0.3333": {
              "post": [-3.37144, 2.12081, 50.64074],
              "lerp_mode": "catmullrom"
            },
            "0.5": {
              "post": [-3.25186, -2.30008, -16.73154],
              "lerp_mode": "catmullrom"
            },
            "0.9167": {
              "post": [11.34522, 2.582, 36.89102],
              "lerp_mode": "catmullrom"
            },
            "1.0417": {
              "post": [7.35108, 8.12998, 1.98437],
              "lerp_mode": "catmullrom"
            },
            "1.25": {
              "post": [10.39388, 3.42462, 31.56874],
              "lerp_mode": "catmullrom"
            },
            "1.5": {
              "post": [10.74668, 2.0469, 38.94972],
              "lerp_mode": "catmullrom"
            },
            "1.8333": {
              "post": [7.96683, 7.2035, 7.8543],
              "lerp_mode": "catmullrom"
            },
            "2.625": {
              "post": [0, 0, 0],
              "lerp_mode": "catmullrom"
            }
          }
        },
        "ear3": {
          "rotation": {
            "0.0": {
              "post": [0, 0, -2.5],
              "lerp_mode": "catmullrom"
            },
            "0.0833": {
              "post": [0, 0, -5],
              "lerp_mode": "catmullrom"
            },
            "0.2917": {
              "post": [0, 0, 7.5],
              "lerp_mode": "catmullrom"
            },
            "0.5833": {
              "post": [0, 0, 2.5],
              "lerp_mode": "catmullrom"
            },
            "1.0417": {
              "post": [0, 0, 5],
              "lerp_mode": "catmullrom"
            },
            "1.2083": {
              "post": [0, 0, -12.5],
              "lerp_mode": "catmullrom"
            },
            "1.3333": {
              "post": [0, 0, 7.5],
              "lerp_mode": "catmullrom"
            },
            "1.5": {
              "post": [0, 0, 2.5],
              "lerp_mode": "catmullrom"
            },
            "2.375": {
              "post": [0, 0, 5],
              "lerp_mode": "catmullrom"
            },
            "2.625": {
              "post": [0, 0, -2.5],
              "lerp_mode": "catmullrom"
            }
          }
        },
        "ear4": {
          "rotation": {
            "0.0": {
              "post": [0, 0, 0],
              "lerp_mode": "catmullrom"
            },
            "0.25": {
              "post": [0, 0, -10],
              "lerp_mode": "catmullrom"
            },
            "0.4167": {
              "post": [0, 0, 5],
              "lerp_mode": "catmullrom"
            },
            "0.625": {
              "post": [0, 0, -7.5],
              "lerp_mode": "catmullrom"
            },
            "1.25": {
              "post": [0, 0, -25],
              "lerp_mode": "catmullrom"
            },
            "1.375": {
              "post": [0, 0, -2.5],
              "lerp_mode": "catmullrom"
            },
            "1.5833": {
              "post": [0, 0, -15],
              "lerp_mode": "catmullrom"
            },
            "1.7083": {
              "post": [0, 0, -12.5],
              "lerp_mode": "catmullrom"
            },
            "2.375": {
              "post": [0, 0, -7.5],
              "lerp_mode": "catmullrom"
            },
            "2.625": {
              "post": [0, 0, 0],
              "lerp_mode": "catmullrom"
            }
          }
        },
        "ear5": {
          "rotation": {
            "0.0": {
              "post": [0, 0, 0],
              "lerp_mode": "catmullrom"
            },
            "0.1667": {
              "post": [0, 0, 17.5],
              "lerp_mode": "catmullrom"
            },
            "0.3333": {
              "post": [0, 0, -2.5],
              "lerp_mode": "catmullrom"
            },
            "0.5417": {
              "post": [0, 0, 22.5],
              "lerp_mode": "catmullrom"
            },
            "0.875": {
              "post": [0, 0, 12.5],
              "lerp_mode": "catmullrom"
            },
            "1.2083": {
              "post": [0, 0, 40],
              "lerp_mode": "catmullrom"
            },
            "1.3333": {
              "post": [0, 0, -7.5],
              "lerp_mode": "catmullrom"
            },
            "1.5417": {
              "post": [0, 0, 42.5],
              "lerp_mode": "catmullrom"
            },
            "1.875": {
              "post": [0, 0, 12.5],
              "lerp_mode": "catmullrom"
            },
            "2.625": {
              "post": [0, 0, 0],
              "lerp_mode": "catmullrom"
            }
          }
        },
        "earfur4": {
          "rotation": {
            "0.0": {
              "post": [0, 0, 0],
              "lerp_mode": "catmullrom"
            },
            "0.1667": {
              "post": [0, 0, -17.5],
              "lerp_mode": "catmullrom"
            },
            "0.375": {
              "post": [0, 0, -20],
              "lerp_mode": "catmullrom"
            },
            "0.5833": {
              "post": [0, 0, 15],
              "lerp_mode": "catmullrom"
            },
            "0.7917": {
              "post": [0, 0, 17.5],
              "lerp_mode": "catmullrom"
            },
            "1.0": {
              "post": [0, 0, -2.5],
              "lerp_mode": "catmullrom"
            },
            "1.25": {
              "post": [0, 0, 20],
              "lerp_mode": "catmullrom"
            },
            "1.375": {
              "post": [0, 0, -32.5],
              "lerp_mode": "catmullrom"
            },
            "1.5417": {
              "post": [0, 0, -5],
              "lerp_mode": "catmullrom"
            },
            "1.7917": {
              "post": [0, 0, 7.5],
              "lerp_mode": "catmullrom"
            },
            "2.625": {
              "post": [0, 0, 0],
              "lerp_mode": "catmullrom"
            }
          }
        },
        "ear6": {
          "rotation": {
            "0.0": {
              "post": [0, 0, 0],
              "lerp_mode": "catmullrom"
            },
            "0.125": {
              "post": [0, 0, 17.5],
              "lerp_mode": "catmullrom"
            },
            "0.2917": {
              "post": [0, 0, -40],
              "lerp_mode": "catmullrom"
            },
            "0.4167": {
              "post": [0, 0, -57.5],
              "lerp_mode": "catmullrom"
            },
            "0.625": {
              "post": [0, 0, 7.5],
              "lerp_mode": "catmullrom"
            },
            "0.9167": {
              "post": [0, 0, 12.5],
              "lerp_mode": "catmullrom"
            },
            "1.0833": {
              "post": [0, 0, -52.5],
              "lerp_mode": "catmullrom"
            },
            "1.2083": {
              "post": [0, 0, -60],
              "lerp_mode": "catmullrom"
            },
            "1.375": {
              "post": [0, 0, -10],
              "lerp_mode": "catmullrom"
            },
            "2.0": {
              "post": [0, 0, -5],
              "lerp_mode": "catmullrom"
            },
            "2.625": {
              "post": [0, 0, 0],
              "lerp_mode": "catmullrom"
            }
          }
        },
        "fur7": {
          "rotation": {
            "0.0": {
              "post": [0, 0, 7.5],
              "lerp_mode": "catmullrom"
            },
            "0.125": {
              "post": [0, 0, -5],
              "lerp_mode": "catmullrom"
            },
            "0.4167": {
              "post": [0, 0, 0],
              "lerp_mode": "catmullrom"
            },
            "0.5417": {
              "post": [0, 0, -2.5],
              "lerp_mode": "catmullrom"
            }
          }
        },
        "fur8": {
          "rotation": {
            "0.0": {
              "post": [0, 0, 0],
              "lerp_mode": "catmullrom"
            },
            "0.0833": {
              "post": [0, 0, 22.5],
              "lerp_mode": "catmullrom"
            },
            "0.2083": {
              "post": [0, 0, -22.5],
              "lerp_mode": "catmullrom"
            },
            "0.3333": {
              "post": [0, 0, -2.5],
              "lerp_mode": "catmullrom"
            },
            "1.0": {
              "post": [0, 0, -2.5],
              "lerp_mode": "catmullrom"
            },
            "1.0833": {
              "post": [0, 0, 22.5],
              "lerp_mode": "catmullrom"
            },
            "1.2083": {
              "post": [0, 0, -15],
              "lerp_mode": "catmullrom"
            },
            "1.4167": {
              "post": [0, 0, 0],
              "lerp_mode": "catmullrom"
            },
            "2.625": {
              "post": [0, 0, 0],
              "lerp_mode": "catmullrom"
            }
          }
        },
        "fur10": {
          "rotation": {
            "0.0": {
              "post": [0, 0, -10],
              "lerp_mode": "catmullrom"
            },
            "0.125": {
              "post": [0, 0, 5],
              "lerp_mode": "catmullrom"
            },
            "0.4583": {
              "post": [0, 0, -2.5],
              "lerp_mode": "catmullrom"
            },
            "1.0": {
              "post": [0, 0, -2.5],
              "lerp_mode": "catmullrom"
            },
            "1.125": {
              "post": [0, 0, -10],
              "lerp_mode": "catmullrom"
            },
            "1.2917": {
              "post": [0, 0, 7.5],
              "lerp_mode": "catmullrom"
            },
            "1.5": {
              "post": [0, 0, 0],
              "lerp_mode": "catmullrom"
            },
            "2.5": {
              "post": [0, 0, 0],
              "lerp_mode": "catmullrom"
            },
            "2.625": {
              "post": [0, 0, -10],
              "lerp_mode": "catmullrom"
            }
          }
        },
        "fur11": {
          "rotation": {
            "0.0": {
              "post": [0, 0, 0],
              "lerp_mode": "catmullrom"
            },
            "0.1667": {
              "post": [0, 0, -25],
              "lerp_mode": "catmullrom"
            },
            "0.3333": {
              "post": [0, 0, 35],
              "lerp_mode": "catmullrom"
            },
            "0.5": {
              "post": [0, 0, 12.5],
              "lerp_mode": "catmullrom"
            },
            "1.1667": {
              "post": [0, 0, -22.5],
              "lerp_mode": "catmullrom"
            },
            "1.2917": {
              "post": [0, 0, -25],
              "lerp_mode": "catmullrom"
            },
            "1.4583": {
              "post": [0, 0, 15],
              "lerp_mode": "catmullrom"
            },
            "1.625": {
              "post": [0, 0, -5],
              "lerp_mode": "catmullrom"
            },
            "2.625": {
              "post": [0, 0, 0],
              "lerp_mode": "catmullrom"
            }
          }
        },
        "rightleg": {
          "rotation": {
            "0.0": {
              "post": [30, 0, 0],
              "lerp_mode": "catmullrom"
            },
            "1.0": {
              "post": [-32.5, 0, 0],
              "lerp_mode": "catmullrom"
            },
            "1.125": {
              "post": [-0.19, 0, 0],
              "lerp_mode": "catmullrom"
            },
            "2.625": {
              "post": [30, 0, 0],
              "lerp_mode": "catmullrom"
            }
          },
          "position": {
            "0.0": {
              "post": [0, 2, 2],
              "lerp_mode": "catmullrom"
            },
            "1.0": {
              "post": [0, 8, 2],
              "lerp_mode": "catmullrom"
            },
            "1.125": {
              "post": [0, -0.31, 0],
              "lerp_mode": "catmullrom"
            },
            "2.625": {
              "post": [0, 2, 2],
              "lerp_mode": "catmullrom"
            }
          }
        },
        "leftleg": {
          "rotation": {
            "0.0": {
              "post": [0, 0, 0],
              "lerp_mode": "catmullrom"
            },
            "1.2083": {
              "post": [17.5, 0, 0],
              "lerp_mode": "catmullrom"
            },
            "2.5": {
              "post": [-25, 0, 0],
              "lerp_mode": "catmullrom"
            },
            "2.625": {
              "post": [0, 0, 0],
              "lerp_mode": "catmullrom"
            }
          },
          "position": {
            "0.0": {
              "post": [0, 0, -6],
              "lerp_mode": "catmullrom"
            },
            "1.2083": {
              "post": [0, 2, -1],
              "lerp_mode": "catmullrom"
            },
            "2.5": {
              "post": [0, 7, -1],
              "lerp_mode": "catmullrom"
            },
            "2.625": {
              "post": [0, 0, -6],
              "lerp_mode": "catmullrom"
            }
          }
        },
        "rightleg2": {
          "rotation": {
            "0.0": {
              "post": [0, 0, 0],
              "lerp_mode": "catmullrom"
            },
            "1.0": {
              "post": [22.5, 0, 0],
              "lerp_mode": "catmullrom"
            },
            "2.5": {
              "post": [-7.5, 0, 0],
              "lerp_mode": "catmullrom"
            },
            "2.625": {
              "post": [0, 0, 0],
              "lerp_mode": "catmullrom"
            }
          },
          "position": {
            "0.0": {
              "post": [0, 0, -7],
              "lerp_mode": "catmullrom"
            },
            "1.0": {
              "post": [0, 0, -3],
              "lerp_mode": "catmullrom"
            },
            "2.5": {
              "post": [0, 6, -5.26],
              "lerp_mode": "catmullrom"
            },
            "2.625": {
              "post": [0, 0, -7],
              "lerp_mode": "catmullrom"
            }
          }
        },
        "leftleg2": {
          "rotation": {
            "0.0": {
              "post": [22.5, 0, 0],
              "lerp_mode": "catmullrom"
            },
            "1.0": {
              "post": [-12.5, 0, 0],
              "lerp_mode": "catmullrom"
            },
            "1.2083": {
              "post": [-2.5, 0, 0],
              "lerp_mode": "catmullrom"
            },
            "2.625": {
              "post": [22.5, 0, 0],
              "lerp_mode": "catmullrom"
            }
          },
          "position": {
            "0.0": {
              "post": [0, 0, 3],
              "lerp_mode": "catmullrom"
            },
            "1.0": {
              "post": [0, 6, -5],
              "lerp_mode": "catmullrom"
            },
            "1.125": {
              "post": [0, -1, -8],
              "lerp_mode": "catmullrom"
            },
            "2.625": {
              "post": [0, 0, 3],
              "lerp_mode": "catmullrom"
            }
          }
        },
        "tail": {
          "rotation": {
            "0.0": {
              "post": [0, -22.5, 0],
              "lerp_mode": "catmullrom"
            },
            "0.5": {
              "post": [-10, 0, 0],
              "lerp_mode": "catmullrom"
            },
            "1.25": {
              "post": [4.60057, 14.95384, 1.18952],
              "lerp_mode": "catmullrom"
            },
            "2.0": {
              "post": [-5, 0, 0],
              "lerp_mode": "catmullrom"
            },
            "2.625": {
              "post": [0, -22.5, 0],
              "lerp_mode": "catmullrom"
            }
          }
        },
        "tail2": {
          "rotation": {
            "0.0": {
              "post": [0, -22.5, 0],
              "lerp_mode": "catmullrom"
            },
            "0.4167": {
              "post": [0, -25, 0],
              "lerp_mode": "catmullrom"
            },
            "0.7917": {
              "post": [0, 10, 0],
              "lerp_mode": "catmullrom"
            },
            "1.2083": {
              "post": [-4.82333, 11.94324, 0],
              "lerp_mode": "catmullrom"
            },
            "1.625": {
              "post": [0, 17.5, 0],
              "lerp_mode": "catmullrom"
            },
            "2.125": {
              "post": [0, 22.5, 0],
              "lerp_mode": "catmullrom"
            },
            "2.625": {
              "post": [0, -22.5, 0],
              "lerp_mode": "catmullrom"
            }
          }
        }
      }
    },
    "animation.houndstone.cry": {
      "animation_length": 0.70833,
      "bones": {
        "head": {
          "rotation": {
            "0.0": {
              "post": [0, 0, 0],
              "lerp_mode": "catmullrom"
            },
            "0.125": {
              "post": [12.5, 0, 0],
              "lerp_mode": "catmullrom"
            },
            "0.25": {
              "post": [-5.24647, -1.01044, -12.71458],
              "lerp_mode": "catmullrom"
            },
            "0.375": {
              "post": [-10, 0, 0],
              "lerp_mode": "catmullrom"
            },
            "0.5": {
              "post": [-9.74158, 2.35712, 12.27932],
              "lerp_mode": "catmullrom"
            },
            "0.7083": {
              "post": [0, 0, 0],
              "lerp_mode": "catmullrom"
            }
          }
        },
        "jaw": {
          "rotation": {
            "0.0": {
              "post": [0, 0, 0],
              "lerp_mode": "catmullrom"
            },
            "0.125": {
              "post": [-32.5, 0, 0],
              "lerp_mode": "catmullrom"
            },
            "0.2917": {
              "post": [0.83, 0, 0],
              "lerp_mode": "catmullrom"
            },
            "0.3333": {
              "post": [-2.09, 0, 0],
              "lerp_mode": "catmullrom"
            },
            "0.375": {
              "post": [10, 0, 0],
              "lerp_mode": "catmullrom"
            },
            "0.4167": {
              "post": [7.5, 0, 0],
              "lerp_mode": "catmullrom"
            },
            "0.4583": {
              "post": [15, 0, 0],
              "lerp_mode": "catmullrom"
            },
            "0.5": {
              "post": [5, 0, 0],
              "lerp_mode": "catmullrom"
            },
            "0.5417": {
              "post": [10, 0, 0],
              "lerp_mode": "catmullrom"
            },
            "0.5833": {
              "post": [-5, 0, 0],
              "lerp_mode": "catmullrom"
            },
            "0.7083": {
              "post": [0, 0, 0],
              "lerp_mode": "catmullrom"
            }
          }
        },
        "ear": {
          "rotation": {
            "0.0": {
              "post": [0, 0, 0],
              "lerp_mode": "catmullrom"
            },
            "0.0833": {
              "post": [0, 0, 27.5],
              "lerp_mode": "catmullrom"
            },
            "0.25": {
              "post": [0, 0, -2.5],
              "lerp_mode": "catmullrom"
            },
            "0.4167": {
              "post": [0, 0, 7.5],
              "lerp_mode": "catmullrom"
            },
            "0.5833": {
              "post": [0, 0, 17.5],
              "lerp_mode": "catmullrom"
            },
            "0.7083": {
              "post": [0, 0, 0],
              "lerp_mode": "catmullrom"
            }
          }
        },
        "earfur": {
          "rotation": {
            "0.0": {
              "post": [0, 0, 0],
              "lerp_mode": "catmullrom"
            },
            "0.125": {
              "post": [0, 0, -12.5],
              "lerp_mode": "catmullrom"
            },
            "0.25": {
              "post": [3.75844, -0.07164, 13.5174],
              "lerp_mode": "catmullrom"
            },
            "0.3333": {
              "post": [3.2096, 1.95792, -18.92539],
              "lerp_mode": "catmullrom"
            },
            "0.4583": {
              "post": [3.12124, 2.09599, -21.42314],
              "lerp_mode": "catmullrom"
            },
            "0.625": {
              "post": [3.56119, 0.2318, 8.65968],
              "lerp_mode": "catmullrom"
            },
            "0.7083": {
              "post": [0, 0, 0],
              "lerp_mode": "catmullrom"
            }
          }
        },
        "earfur2": {
          "rotation": {
            "0.0": {
              "post": [0, 0, 0],
              "lerp_mode": "catmullrom"
            },
            "0.125": {
              "post": [0, 0, -37.5],
              "lerp_mode": "catmullrom"
            },
            "0.25": {
              "post": [0, 0, 55],
              "lerp_mode": "catmullrom"
            },
            "0.4167": {
              "post": [0, 0, -42.5],
              "lerp_mode": "catmullrom"
            },
            "0.5417": {
              "post": [0, 0, -45],
              "lerp_mode": "catmullrom"
            },
            "0.625": {
              "post": [0, 0, 47.5],
              "lerp_mode": "catmullrom"
            },
            "0.7083": {
              "post": [0, 0, 0],
              "lerp_mode": "catmullrom"
            }
          }
        },
        "ear3": {
          "rotation": {
            "0.0": {
              "post": [0, 0, 0],
              "lerp_mode": "catmullrom"
            },
            "0.1667": {
              "post": [0, 0, 10],
              "lerp_mode": "catmullrom"
            },
            "0.4167": {
              "post": [0, 0, -20],
              "lerp_mode": "catmullrom"
            },
            "0.7083": {
              "post": [0, 0, 0],
              "lerp_mode": "catmullrom"
            }
          }
        },
        "ear4": {
          "rotation": {
            "0.0": {
              "post": [0, 0, 0],
              "lerp_mode": "catmullrom"
            },
            "0.125": {
              "post": [0, 0, -32.5],
              "lerp_mode": "catmullrom"
            },
            "0.2917": {
              "post": [0, 0, 47.5],
              "lerp_mode": "catmullrom"
            },
            "0.4167": {
              "post": [0, 0, -12.5],
              "lerp_mode": "catmullrom"
            },
            "0.5833": {
              "post": [0, 0, 2.5],
              "lerp_mode": "catmullrom"
            },
            "0.7083": {
              "post": [0, 0, 0],
              "lerp_mode": "catmullrom"
            }
          }
        },
        "earfur4": {
          "rotation": {
            "0.0": {
              "post": [0, 0, 0],
              "lerp_mode": "catmullrom"
            },
            "0.125": {
              "post": [0, 0, 30],
              "lerp_mode": "catmullrom"
            },
            "0.2917": {
              "post": [0, 0, -45],
              "lerp_mode": "catmullrom"
            },
            "0.4167": {
              "post": [0, 0, 37.5],
              "lerp_mode": "catmullrom"
            },
            "0.5417": {
              "post": [0, 0, -35],
              "lerp_mode": "catmullrom"
            },
            "0.7083": {
              "post": [0, 0, 0],
              "lerp_mode": "catmullrom"
            }
          }
        },
        "ear6": {
          "rotation": {
            "0.0": {
              "post": [0, 0, 0],
              "lerp_mode": "catmullrom"
            },
            "0.125": {
              "post": [0, 0, 42.5],
              "lerp_mode": "catmullrom"
            },
            "0.25": {
              "post": [0, 0, -67.5],
              "lerp_mode": "catmullrom"
            },
            "0.375": {
              "post": [0, 0, 27.5],
              "lerp_mode": "catmullrom"
            },
            "0.5": {
              "post": [0, 0, -75],
              "lerp_mode": "catmullrom"
            },
            "0.7083": {
              "post": [0, 0, 0],
              "lerp_mode": "catmullrom"
            }
          }
        }
      }
    },
    "animation.houndstone.faint": {
      "animation_length": 4,
      "bones": {
        "houndstone": {
          "rotation": {
            "0.0": {
              "post": [0, 0, 0],
              "lerp_mode": "catmullrom"
            },
            "0.125": {
              "post": [2.5, 0, 0],
              "lerp_mode": "catmullrom"
            },
            "0.25": {
              "post": [-17.5, 0, 0],
              "lerp_mode": "catmullrom"
            },
            "0.5833": {
              "post": [82.5, 0, 0],
              "lerp_mode": "catmullrom"
            },
            "1.5": {
              "post": [82.5, 0, 0],
              "lerp_mode": "catmullrom"
            },
            "1.75": {
              "post": [2.5, 0, 0],
              "lerp_mode": "catmullrom"
            },
            "2.2083": {
              "post": [-25, 0, 0],
              "lerp_mode": "catmullrom"
            }
          },
          "position": {
            "0.0": {
              "post": [0, 0, 0],
              "lerp_mode": "catmullrom"
            },
            "0.125": {
              "post": [0, 0, 0],
              "lerp_mode": "catmullrom"
            },
            "0.3333": {
              "post": [0, 17, 0],
              "lerp_mode": "catmullrom"
            },
            "0.5417": {
              "post": [0, 22, 0],
              "lerp_mode": "catmullrom"
            },
            "0.8333": {
              "post": [0, -61, 0],
              "lerp_mode": "catmullrom"
            },
            "1.5": {
              "post": [0, -61, 0],
              "lerp_mode": "catmullrom"
            },
            "1.5417": {
              "post": [0, -83, 3],
              "lerp_mode": "catmullrom"
            },
            "1.75": {
              "post": [0, -101, 13],
              "lerp_mode": "catmullrom"
            },
            "2.2083": {
              "post": [0, -52, 13],
              "lerp_mode": "catmullrom"
            }
          }
        },
        "body": {
          "rotation": {
            "0.0": {
              "post": [0, 0, 0],
              "lerp_mode": "catmullrom"
            }
          },
          "position": {
            "0.0": {
              "post": [0, 0, 0],
              "lerp_mode": "catmullrom"
            },
            "0.125": {
              "post": [0, -5, 0],
              "lerp_mode": "catmullrom"
            }
          }
        },
        "fluff": {
          "rotation": {
            "0.0": {
              "post": [0, 0, 0],
              "lerp_mode": "catmullrom"
            },
            "0.0833": {
              "post": [0, 0, -22.5],
              "lerp_mode": "catmullrom"
            },
            "0.25": {
              "post": [0, 0, 7.5],
              "lerp_mode": "catmullrom"
            }
          }
        },
        "fluff4": {
          "rotation": {
            "0.0": {
              "post": [0, 0, 0],
              "lerp_mode": "catmullrom"
            },
            "0.0833": {
              "post": [0, 0, 17.5],
              "lerp_mode": "catmullrom"
            },
            "0.2083": {
              "post": [0, 0, -7.5],
              "lerp_mode": "catmullrom"
            }
          }
        },
        "head": {
          "rotation": {
            "0.0": {
              "post": [0, 0, 0],
              "lerp_mode": "catmullrom"
            },
            "0.125": {
              "post": [10, 0, 0],
              "lerp_mode": "catmullrom"
            },
            "0.2917": {
              "post": [-31.22267, 8.20115, 4.36729],
              "lerp_mode": "catmullrom"
            },
            "0.5": {
              "post": [27.95, 0, 0],
              "lerp_mode": "catmullrom"
            },
            "1.9167": {
              "post": [0, 0, 0],
              "lerp_mode": "catmullrom"
            },
            "2.2083": {
              "post": [27.5, 0, 0],
              "lerp_mode": "catmullrom"
            }
          }
        },
        "jaw": {
          "rotation": {
            "0.0": {
              "post": [0, 0, 0],
              "lerp_mode": "catmullrom"
            },
            "0.125": {
              "post": [-37.5, 0, 0],
              "lerp_mode": "catmullrom"
            },
            "0.2917": {
              "post": [-17.5, 0, 0],
              "lerp_mode": "catmullrom"
            }
          }
        },
        "ear": {
          "rotation": {
            "0.0": {
              "post": [0, 0, 0],
              "lerp_mode": "catmullrom"
            },
            "0.125": {
              "post": [0, 0, 22.5],
              "lerp_mode": "catmullrom"
            },
            "0.2917": {
              "post": [0, 0, -15],
              "lerp_mode": "catmullrom"
            }
          }
        },
        "ear3": {
          "rotation": {
            "0.0": {
              "post": [0, 0, 0],
              "lerp_mode": "catmullrom"
            },
            "0.125": {
              "post": [0, 0, -27.06],
              "lerp_mode": "catmullrom"
            },
            "0.2917": {
              "post": [0, 0, 12.5],
              "lerp_mode": "catmullrom"
            }
          }
        },
        "rightleg": {
          "rotation": {
            "0.0": {
              "post": [0, 0, 0],
              "lerp_mode": "catmullrom"
            },
            "0.1667": {
              "post": [27.5, 0, 0],
              "lerp_mode": "catmullrom"
            },
            "0.375": {
              "post": [-42.5, 0, 0],
              "lerp_mode": "catmullrom"
            }
          }
        },
        "leftleg": {
          "rotation": {
            "0.0": {
              "post": [0, 0, 0],
              "lerp_mode": "catmullrom"
            },
            "0.1667": {
              "post": [27.5, 0, 0],
              "lerp_mode": "catmullrom"
            },
            "0.375": {
              "post": [-37.5, 0, 0],
              "lerp_mode": "catmullrom"
            }
          }
        },
        "rightleg2": {
          "rotation": {
            "0.0": {
              "post": [0, 0, 0],
              "lerp_mode": "catmullrom"
            },
            "0.2917": {
              "post": [41.82197, -0.29954, 0.14146],
              "lerp_mode": "catmullrom"
            }
          }
        },
        "leftleg2": {
          "rotation": {
            "0.0": {
              "post": [0, 0, 0],
              "lerp_mode": "catmullrom"
            },
            "0.125": {
              "post": [10, 0, 0],
              "lerp_mode": "catmullrom"
            },
            "0.2917": {
              "post": [47.5, 0, 0],
              "lerp_mode": "catmullrom"
            }
          }
        },
        "tail": {
          "rotation": {
            "0.0": {
              "post": [0, 0, 0],
              "lerp_mode": "catmullrom"
            },
            "0.125": {
              "post": [35, 0, 0],
              "lerp_mode": "catmullrom"
            },
            "0.1667": {
              "post": [42.5, 0, 0],
              "lerp_mode": "catmullrom"
            },
            "0.4167": {
              "post": [-72.5, 0, 0],
              "lerp_mode": "catmullrom"
            },
            "0.5417": {
              "post": [-80, 0, 0],
              "lerp_mode": "catmullrom"
            },
            "0.75": {
              "post": [-15, 0, 0],
              "lerp_mode": "catmullrom"
            },
            "0.9167": {
              "post": [12.5, 0, 0],
              "lerp_mode": "catmullrom"
            }
          }
        },
        "tail2": {
          "rotation": {
            "0.0": {
              "post": [0, 0, 0],
              "lerp_mode": "catmullrom"
            },
            "0.125": {
              "post": [-17.5, 0, 0],
              "lerp_mode": "catmullrom"
            },
            "0.25": {
              "post": [67.5, 0, 0],
              "lerp_mode": "catmullrom"
            },
            "0.375": {
              "post": [-22.5, 0, 0],
              "lerp_mode": "catmullrom"
            },
            "0.5417": {
              "post": [-45, 0, 0],
              "lerp_mode": "catmullrom"
            },
            "0.7083": {
              "post": [-2.5, 0, 0],
              "lerp_mode": "catmullrom"
            }
          }
        }
      }
    },
    "animation.houndstone.sleep": {
      "loop": true,
      "bones": {
        "houndstone": {
          "rotation": [-30, 0, 0],
          "position": [0, -61, 25]
        },
        "body": {
          "position": [0, -5, -18]
        },
        "head": {
          "rotation": [27.5, 0, 0]
        }
      }
    }
  }
}
