{
	"format_version": "1.8.0",
	"animations": {
		"animation.baile_oricorio.ground_idle": {
			"loop": true,
			"bones": {
				"right_wings": {
					"rotation": [73.84144, 58.8105, -73.0246]
				},
				"right_wings2": {
					"rotation": [0, 37.5, 0]
				},
				"left_wings": {
					"rotation": [71.42196, -61.14069, 59.53127],
					"position": [0, -1, 0]
				},
				"left_wings2": {
					"rotation": [0, -37.5, 0]
				},
				"body": {
					"position": [0, 3, 0]
				}
			}
		},
		"animation.baile_oricorio.pose": {
			"loop": true,
			"animation_length": 1.5,
			"bones": {
				"oricorio": {
					"rotation": [0, 82.5, 0]
				},
				"torso": {
					"rotation": [-4.0752, -23.96304, 8.95514]
				},
				"right_wings": {
					"rotation": [-126.418, -12.01688, -272.59281]
				},
				"right_wings2": {
					"rotation": [0, 22.5, 0]
				},
				"right_hair_wings": {
					"rotation": [0, -25, 0]
				},
				"right_hair_wings2": {
					"rotation": [0, -20, 0]
				},
				"right_hair_wings3": {
					"rotation": [0, -22.5, 0]
				},
				"left_wings": {
					"rotation": [0, 70, 87.5]
				},
				"left_wings2": {
					"rotation": [0, -15, 0]
				},
				"left_hair_wings": {
					"rotation": [0, 47.5, 0]
				},
				"left_hair_wings2": {
					"rotation": [0, 37.5, 0]
				},
				"left_hair_wings3": {
					"rotation": [0, 32.5, 0]
				},
				"tail": {
					"rotation": [28.83844, -8.64738, 15.27269]
				},
				"neck": {
					"rotation": [79.75501, -28.65666, -128.85606]
				},
				"head": {
					"rotation": {
						"0.0": [-11.68703, -8.08016, 17.45661],
						"0.5": [-9.16936, -8.08016, 17.45661],
						"0.75": [-11.68703, -8.08016, 17.45661],
						"1.0": [-9.16936, -8.08016, 17.45661],
						"1.25": [-11.68703, -8.08016, 17.45661]
					}
				},
				"leftLeg2": {
					"rotation": [-57.5, 0, 0]
				},
				"left_foot": {
					"rotation": [62.5, 0, 0]
				},
				"rightLeg2": {
					"rotation": [40, 0, 0]
				},
				"right_foot": {
					"rotation": [-35, 0, 0]
				},
				"body": {
					"position": [0, 3, 0]
				}
			}
		},
		"animation.baile_oricorio.ground_walk": {
			"loop": true,
			"animation_length": 1,
			"bones": {
				"body": {
					"position": [0, 3, 0]
				},
				"head": {
					"rotation": {
						"0.0": [0, 0, 0],
						"0.4167": [-10, 0, 0],
						"0.6667": [5, 0, 0],
						"0.9583": [-7.5, 0, 0]
					}
				},
				"left_wings": {
					"rotation": [46.4429, 2.26564, 64.9791]
				},
				"left_wings2": {
					"rotation": [0, -57.5, 0]
				},
				"right_wings": {
					"rotation": [46.4429, -2.26564, -64.9791]
				},
				"right_wings2": {
					"rotation": [0, 60, 0]
				},
				"leftLeg2": {
					"rotation": {
						"0.0": [-17.5, 0, 0],
						"0.2917": [37.5, 0, 0],
						"0.5417": [-17.5, 0, 0],
						"0.75": [37.5, 0, 0],
						"1.0": [-17.5, 0, 0]
					}
				},
				"left_foot": {
					"rotation": {
						"0.0": [27.5, 0, 0],
						"0.2917": [-7.5, 0, 0]
					}
				},
				"leftLeg4": {
					"rotation": {
						"0.0": [40, 0, 0],
						"0.2083": [15, 0, 0],
						"0.2917": [-25, 0, 0],
						"0.5": [40, 0, 0],
						"0.75": [-25, 0, 0],
						"1.0": [40, 0, 0]
					}
				},
				"left_foot2": {
					"rotation": {
						"0.0": [0, 0, 0],
						"0.2917": [32.5, 0, 0]
					}
				}
			}
		},
		"animation.baile_oricorio.blink": {
			"animation_length": 0.25,
			"bones": {
				"left_eye": {
					"position": [0, 0, 0]
				},
				"left_eye_closed": {
					"position": {
						"0.0": [-1, 0, 0],
						"0.25": [0, 0, 0]
					}
				},
				"right_eye_closed": {
					"position": {
						"0.0": [1, 0, 0],
						"0.25": [0, 0, 0]
					}
				}
			}
		},
		"animation.baile_oricorio.cry": {
			"animation_length": 1,
			"bones": {
				"head": {
					"rotation": {
						"0.0": [0, 0, 0],
						"0.0833": {
							"pre": [-10, 0, 0],
							"post": [-10, 0, 0],
							"lerp_mode": "catmullrom"
						},
						"0.3333": {
							"post": [-10.59, 0, 0],
							"lerp_mode": "catmullrom"
						},
						"0.5": {
							"post": [-3.55, 0, 0],
							"lerp_mode": "catmullrom"
						},
						"0.75": {
							"post": [0, 0, 0],
							"lerp_mode": "catmullrom"
						},
						"1.0": [0, 0, 0]
					}
				},
				"jaw": {
					"rotation": {
						"0.0": [0, 0, 0],
						"0.0417": [0, 0, 0],
						"0.125": {
							"pre": [20, 0, 0],
							"post": [20, 0, 0],
							"lerp_mode": "catmullrom"
						},
						"0.2917": {
							"post": [36.5, 0, 0],
							"lerp_mode": "catmullrom"
						},
						"0.5": {
							"post": [15, 0, 0],
							"lerp_mode": "catmullrom"
						},
						"0.75": {
							"post": [2, 0, 0],
							"lerp_mode": "catmullrom"
						},
						"0.875": {
							"post": [0, 0, 0],
							"lerp_mode": "catmullrom"
						},
						"1.0": [0, 0, 0]
					}
				}
			},
			"sound_effects": {
				"0.0417": {
					"effect": "pokemon.bulbasaur.cry"
				}
			}
		},
		"animation.baile_oricorio.recoil": {
			"animation_length": 1,
			"bones": {
				"torso": {
					"rotation": {
						"0.0": [0, 0, 0],
						"0.0417": {
							"pre": [-10.5, 0, 0],
							"post": [-10.5, 0, 0],
							"lerp_mode": "catmullrom"
						},
						"0.2083": {
							"post": [-12.3, 0, 0],
							"lerp_mode": "catmullrom"
						},
						"0.3333": {
							"post": [-9.24, 0, 0],
							"lerp_mode": "catmullrom"
						},
						"0.625": {
							"post": [-0.4, 0, 0],
							"lerp_mode": "catmullrom"
						},
						"0.9167": {
							"post": [0, 0, 0],
							"lerp_mode": "catmullrom"
						},
						"1.0": [0, 0, 0]
					}
				},
				"bulb": {
					"rotation": {
						"0.0": [0, 0, 0],
						"0.0417": {
							"pre": [5.9, 0, 0],
							"post": [5.9, 0, 0],
							"lerp_mode": "catmullrom"
						},
						"0.125": {
							"post": [5.98, 0, 0],
							"lerp_mode": "catmullrom"
						},
						"0.3333": {
							"post": [-3.04, 0, 0],
							"lerp_mode": "catmullrom"
						},
						"0.6667": {
							"post": [0.5, 0, 0],
							"lerp_mode": "catmullrom"
						},
						"0.9167": {
							"post": [0, 0, 0],
							"lerp_mode": "catmullrom"
						},
						"1.0": [0, 0, 0]
					}
				},
				"head": {
					"rotation": {
						"0.0": [0, 0, 0],
						"0.0417": {
							"pre": [8.29, 0, 0],
							"post": [8.29, 0, 0],
							"lerp_mode": "catmullrom"
						},
						"0.0833": {
							"post": [-1.8, 0, 0],
							"lerp_mode": "catmullrom"
						},
						"0.375": {
							"post": [11.1, 0, 0],
							"lerp_mode": "catmullrom"
						},
						"0.7083": {
							"post": [0.6, 0, 0],
							"lerp_mode": "catmullrom"
						},
						"0.9167": {
							"post": [0, 0, 0],
							"lerp_mode": "catmullrom"
						},
						"1.0": [0, 0, 0]
					}
				},
				"jaw": {
					"rotation": {
						"0.0": [0, 0, 0],
						"0.0833": {
							"pre": [19.2, 0, 0],
							"post": [19.2, 0, 0],
							"lerp_mode": "catmullrom"
						},
						"0.4167": {
							"post": [20.2, 0, 0],
							"lerp_mode": "catmullrom"
						},
						"0.7083": {
							"post": [0.5, 0, 0],
							"lerp_mode": "catmullrom"
						},
						"0.9167": {
							"post": [0, 0, 0],
							"lerp_mode": "catmullrom"
						},
						"1.0": [0, 0, 0]
					}
				},
				"eyelid_right": {
					"position": {
						"0.0": [0, 0, 0],
						"0.0417": {"pre": [0, 0, 0], "post": [-0.1, 0, -0.1]},
						"0.375": [-0.1, 0, -0.1],
						"0.4167": {"pre": [-0.1, 0, -0.1], "post": [0, 0, 0]},
						"1.0": [0, 0, 0]
					}
				},
				"eyelid_left": {
					"position": {
						"0.0": [0, 0, 0],
						"0.0417": {"pre": [0, 0, 0], "post": [0.1, 0, -0.1]},
						"0.375": [0.1, 0, -0.1],
						"0.4167": {"pre": [0.1, 0, -0.1], "post": [0, 0, 0]},
						"1.0": [0, 0, 0]
					}
				},
				"left_eye_closed": {
					"position": {
						"0.0": [-1, 0, 0],
						"0.5417": [0, 0, 0]
					}
				},
				"right_eye_closed": {
					"position": {
						"0.0": [1, 0, 0],
						"0.5417": [0, 0, 0]
					}
				}
			}
		},
		"animation.baile_oricorio.battle_idle": {
			"loop": true,
			"animation_length": 1.25,
			"bones": {
				"oricorio": {
					"rotation": [0, 82.5, 0]
				},
				"torso": {
					"rotation": [-4.0752, -23.96304, 8.95514]
				},
				"right_wings": {
					"rotation": [-126.418, -12.01688, -272.59281]
				},
				"right_wings2": {
					"rotation": [0, 22.5, 0]
				},
				"right_hair_wings": {
					"rotation": [0, -25, 0]
				},
				"right_hair_wings2": {
					"rotation": [0, -20, 0]
				},
				"right_hair_wings3": {
					"rotation": [0, -22.5, 0]
				},
				"left_wings": {
					"rotation": [0, 70, 87.5]
				},
				"left_wings2": {
					"rotation": [0, -15, 0]
				},
				"left_hair_wings": {
					"rotation": [0, 47.5, 0]
				},
				"left_hair_wings2": {
					"rotation": [0, 37.5, 0]
				},
				"left_hair_wings3": {
					"rotation": [0, 32.5, 0]
				},
				"tail": {
					"rotation": [28.83844, -8.64738, 15.27269]
				},
				"neck": {
					"rotation": [79.75501, -28.65666, -128.85606]
				},
				"head": {
					"rotation": {
						"0.0": [-34.5885, -20.49845, 48.54666],
						"0.5": [-9.16936, -8.08016, 17.45661],
						"0.75": [-11.68703, -8.08016, 17.45661],
						"1.0": [-9.16936, -8.08016, 17.45661],
						"1.25": [-11.68703, -8.08016, 17.45661]
					}
				},
				"leftLeg2": {
					"rotation": [-57.5, 0, 0]
				},
				"left_foot": {
					"rotation": [62.5, 0, 0]
				},
				"rightLeg2": {
					"rotation": [40, 0, 0]
				},
				"right_foot": {
					"rotation": [-35, 0, 0]
				}
			}
		}
	}
}