{
	"format_version": "1.8.0",
	"animations": {
		"animation.sensu_oricorio.ground_idle": {
			"loop": true,
			"bones": {
				"right_wings": {
					"rotation": [58.68934, 75.4534, -30.48811]
				},
				"right_wings2": {
					"rotation": [0, 37.5, 0]
				},
				"left_wings": {
					"rotation": [58.68934, -75.4534, 30.48811],
					"position": [0, -1, 0]
				},
				"left_wings2": {
					"rotation": [0, -37.5, 0]
				},
				"left_fan": {
					"rotation": [0, -57.5, 0]
				},
				"right_fan": {
					"rotation": [0, 57.5, 0]
				}
			}
		},
		"animation.sensu_oricorio.pose": {
			"loop": true,
			"bones": {
				"torso": {
					"rotation": [-11.51213, -7.41643, -11.89154],
					"position": [0, 1, -1]
				},
				"left_wings": {
					"rotation": [-44.91014, -0.88692, -20.46609]
				},
				"left_wings2": {
					"rotation": [0, -20, 0]
				},
				"tail": {
					"rotation": [37.7468, 54.73514, 51.28033]
				},
				"neck": {
					"rotation": [46.63527, -18.26883, -52.84154]
				},
				"head": {
					"rotation": [-4.59498, 0.9697, 20.54918]
				},
				"leftLeg": {
					"rotation": [-10, -27.5, 0]
				},
				"leftLeg2": {
					"rotation": [-46.38989, 31.46186, -9.86137]
				},
				"left_foot": {
					"rotation": [62.5, 0, 0]
				},
				"rightLeg": {
					"rotation": [0, -45, 0]
				},
				"left_fan": {
					"rotation": [-22.86734, 23.96511, 1.35462]
				},
				"left_fur": {
					"rotation": [15, 0, 0]
				},
				"left_fur2": {
					"rotation": [0, 20, 0]
				},
				"right_fur": {
					"rotation": [-40, 0, 0]
				},
				"right_fur2": {
					"rotation": [0, 37.5, 0]
				},
				"middle_fur": {
					"rotation": [-27.5, 0, 0]
				},
				"right_wings": {
					"rotation": [22.68179, -37.88043, -112.46378]
				},
				"right_wings2": {
					"rotation": [-10, 22.5, -55]
				},
				"right_fan": {
					"rotation": [35.36384, -30.67145, -5.464]
				}
			}
		},
		"animation.sensu_oricorio.ground_walk": {
			"loop": true,
			"animation_length": 1,
			"bones": {
				"body": {
					"position": [0, 1.3, 0]
				},
				"head": {
					"rotation": {
						"0.0": [0, 0, 0],
						"0.4167": [-10, 0, 0],
						"0.6667": [5, 0, 0],
						"0.9583": [10, 0, 0]
					}
				},
				"left_wings": {
					"rotation": [73.36205, -40.90792, -2.87236]
				},
				"left_wings2": {
					"rotation": [0, -57.5, 0]
				},
				"right_wings": {
					"rotation": [71.32494, 40.14942, -0.26196]
				},
				"right_wings2": {
					"rotation": [0, 60, 0]
				},
				"leftLeg2": {
					"rotation": {
						"0.0": [-17.5, 0, 0],
						"0.25": [37.5, 0, 0],
						"0.5": [-17.5, 0, 0],
						"0.75": [37.5, 0, 0],
						"1.0": [-17.5, 0, 0]
					}
				},
				"left_foot": {
					"rotation": {
						"0.0": [27.5, 0, 0],
						"0.2917": [-7.5, 0, 0]
					}
				},
				"leftLeg4": {
					"rotation": {
						"0.0": [40, 0, 0],
						"0.2083": [15, 0, 0],
						"0.2917": [-25, 0, 0],
						"0.5": [40, 0, 0],
						"0.75": [-25, 0, 0],
						"1.0": [40, 0, 0]
					}
				},
				"left_foot2": {
					"rotation": {
						"0.0": [0, 0, 0],
						"0.2917": [32.5, 0, 0]
					}
				},
				"rightLeg2": {
					"rotation": {
						"0.0": [0, 0, 0],
						"0.25": [-27.5, 0, 0],
						"0.5": [7.5, 0, 0],
						"0.75": [-17.5, 0, 0],
						"0.9583": [7.5, 0, 0]
					}
				}
			}
		},
		"animation.sensu_oricorio.blink": {
			"animation_length": 0.25,
			"bones": {
				"left_eye": {
					"position": [0, 0, 0]
				},
				"left_eye_closed": {
					"position": {
						"0.0": [-1, 0, 0],
						"0.25": [0, 0, 0]
					}
				},
				"right_eye_closed": {
					"position": {
						"0.0": [1, 0, 0],
						"0.25": [0, 0, 0]
					}
				}
			}
		},
		"animation.sensu_oricorio.cry": {
			"animation_length": 1,
			"bones": {
				"head": {
					"rotation": {
						"0.0": [0, 0, 0],
						"0.0833": {
							"pre": [-10, 0, 0],
							"post": [-10, 0, 0],
							"lerp_mode": "catmullrom"
						},
						"0.3333": {
							"post": [-10.59, 0, 0],
							"lerp_mode": "catmullrom"
						},
						"0.5": {
							"post": [-3.55, 0, 0],
							"lerp_mode": "catmullrom"
						},
						"0.75": {
							"post": [0, 0, 0],
							"lerp_mode": "catmullrom"
						},
						"1.0": [0, 0, 0]
					}
				},
				"jaw": {
					"rotation": {
						"0.0": [0, 0, 0],
						"0.0417": [0, 0, 0],
						"0.125": {
							"pre": [20, 0, 0],
							"post": [20, 0, 0],
							"lerp_mode": "catmullrom"
						},
						"0.2917": {
							"post": [36.5, 0, 0],
							"lerp_mode": "catmullrom"
						},
						"0.5": {
							"post": [15, 0, 0],
							"lerp_mode": "catmullrom"
						},
						"0.75": {
							"post": [2, 0, 0],
							"lerp_mode": "catmullrom"
						},
						"0.875": {
							"post": [0, 0, 0],
							"lerp_mode": "catmullrom"
						},
						"1.0": [0, 0, 0]
					}
				}
			},
			"sound_effects": {
				"0.0417": {
					"effect": "pokemon.bulbasaur.cry"
				}
			}
		},
		"animation.sensu_oricorio.recoil": {
			"animation_length": 1,
			"bones": {
				"torso": {
					"rotation": {
						"0.0": [0, 0, 0],
						"0.0417": {
							"pre": [-10.5, 0, 0],
							"post": [-10.5, 0, 0],
							"lerp_mode": "catmullrom"
						},
						"0.2083": {
							"post": [-12.3, 0, 0],
							"lerp_mode": "catmullrom"
						},
						"0.3333": {
							"post": [-9.24, 0, 0],
							"lerp_mode": "catmullrom"
						},
						"0.625": {
							"post": [-0.4, 0, 0],
							"lerp_mode": "catmullrom"
						},
						"0.9167": {
							"post": [0, 0, 0],
							"lerp_mode": "catmullrom"
						},
						"1.0": [0, 0, 0]
					}
				},
				"bulb": {
					"rotation": {
						"0.0": [0, 0, 0],
						"0.0417": {
							"pre": [5.9, 0, 0],
							"post": [5.9, 0, 0],
							"lerp_mode": "catmullrom"
						},
						"0.125": {
							"post": [5.98, 0, 0],
							"lerp_mode": "catmullrom"
						},
						"0.3333": {
							"post": [-3.04, 0, 0],
							"lerp_mode": "catmullrom"
						},
						"0.6667": {
							"post": [0.5, 0, 0],
							"lerp_mode": "catmullrom"
						},
						"0.9167": {
							"post": [0, 0, 0],
							"lerp_mode": "catmullrom"
						},
						"1.0": [0, 0, 0]
					}
				},
				"head": {
					"rotation": {
						"0.0": [0, 0, 0],
						"0.0417": {
							"pre": [8.29, 0, 0],
							"post": [8.29, 0, 0],
							"lerp_mode": "catmullrom"
						},
						"0.0833": {
							"post": [-1.8, 0, 0],
							"lerp_mode": "catmullrom"
						},
						"0.375": {
							"post": [11.1, 0, 0],
							"lerp_mode": "catmullrom"
						},
						"0.7083": {
							"post": [0.6, 0, 0],
							"lerp_mode": "catmullrom"
						},
						"0.9167": {
							"post": [0, 0, 0],
							"lerp_mode": "catmullrom"
						},
						"1.0": [0, 0, 0]
					}
				},
				"jaw": {
					"rotation": {
						"0.0": [0, 0, 0],
						"0.0833": {
							"pre": [19.2, 0, 0],
							"post": [19.2, 0, 0],
							"lerp_mode": "catmullrom"
						},
						"0.4167": {
							"post": [20.2, 0, 0],
							"lerp_mode": "catmullrom"
						},
						"0.7083": {
							"post": [0.5, 0, 0],
							"lerp_mode": "catmullrom"
						},
						"0.9167": {
							"post": [0, 0, 0],
							"lerp_mode": "catmullrom"
						},
						"1.0": [0, 0, 0]
					}
				},
				"eyelid_right": {
					"position": {
						"0.0": [0, 0, 0],
						"0.0417": {"pre": [0, 0, 0], "post": [-0.1, 0, -0.1]},
						"0.375": [-0.1, 0, -0.1],
						"0.4167": {"pre": [-0.1, 0, -0.1], "post": [0, 0, 0]},
						"1.0": [0, 0, 0]
					}
				},
				"eyelid_left": {
					"position": {
						"0.0": [0, 0, 0],
						"0.0417": {"pre": [0, 0, 0], "post": [0.1, 0, -0.1]},
						"0.375": [0.1, 0, -0.1],
						"0.4167": {"pre": [0.1, 0, -0.1], "post": [0, 0, 0]},
						"1.0": [0, 0, 0]
					}
				},
				"left_eye_closed": {
					"position": {
						"0.0": [-1, 0, 0],
						"0.5417": [0, 0, 0]
					}
				},
				"right_eye_closed": {
					"position": {
						"0.0": [1, 0, 0],
						"0.5417": [0, 0, 0]
					}
				}
			}
		},
		"animation.sensu_oricorio.battle_idle": {
			"loop": true,
			"animation_length": 1.0833,
			"bones": {
				"torso": {
					"rotation": [-20.02136, -0.32621, 7.49294]
				},
				"left_wings": {
					"rotation": [0, 27.5, 0]
				},
				"left_wings2": {
					"rotation": {
						"0.0": [0, -15, 0],
						"0.2917": [0, 10, 0],
						"0.5417": [0, -17.5, 0]
					}
				},
				"left_fan": {
					"rotation": [0, 30, 0]
				},
				"right_wings": {
					"rotation": [0, 0, -77.5]
				},
				"right_wings2": {
					"rotation": {
						"0.0": [0, 15, -95],
						"0.2917": [0, 7.28262, -95],
						"0.5833": [0, -5.40855, -95],
						"0.875": [0, 7.28262, -95]
					}
				},
				"right_fan": {
					"rotation": [0, -32.5, 0]
				},
				"neck": {
					"rotation": [17.18558, 9.76061, 12.68664]
				},
				"head": {
					"rotation": {
						"0.0": [4.73563, 1.48064, -7.76437],
						"0.0833": [12.42879, 1.48064, -7.76437],
						"0.2083": [-0.54116, 1.48064, -7.76437],
						"0.2917": [-13.04116, 1.48064, -7.76437],
						"0.75": [2.26823, 1.48064, -7.76437],
						"0.9583": [-13.01014, 1.48064, -7.76437],
						"1.0417": [-4.0965, 1.48064, -7.76437]
					}
				}
			}
		},
		"animation.sensu_oricorio.physical_attack": {
			"animation_length": 1.0833,
			"bones": {
				"torso": {
					"rotation": [-20.02136, -0.32621, 7.49294]
				},
				"left_wings": {
					"rotation": [0, 27.5, 0]
				},
				"left_wings2": {
					"rotation": {
						"0.0": [0, -15, 0],
						"0.2917": [0, 10, 0],
						"0.5417": [0, -17.5, 0]
					}
				},
				"left_fan": {
					"rotation": [0, 30, 0]
				},
				"right_wings": {
					"rotation": {
						"0.0": [0, 0, -77.5],
						"0.5833": [0, 0, -47.5]
					}
				},
				"right_wings2": {
					"rotation": {
						"0.0": [0, 15, -95],
						"0.2917": [0, 7.28262, -95],
						"0.5833": [-2.46001, 5.87195, -53.25427],
						"0.875": [0, 7.28262, -95],
						"0.9583": [-3.92799, 6.13731, -127.71066]
					}
				},
				"right_fan": {
					"rotation": [0, -32.5, 0]
				},
				"neck": {
					"rotation": [17.18558, 9.76061, 12.68664]
				},
				"head": {
					"rotation": {
						"0.0": [4.73563, 1.48064, -7.76437],
						"0.0833": [12.42879, 1.48064, -7.76437],
						"0.2083": [-0.54116, 1.48064, -7.76437],
						"0.2917": [-13.04116, 1.48064, -7.76437],
						"0.75": [2.26823, 1.48064, -7.76437],
						"0.9583": [-13.01014, 1.48064, -7.76437],
						"1.0417": [-4.0965, 1.48064, -7.76437]
					}
				}
			}
		}
	}
}