{
	"format_version": "1.8.0",
	"animations": {
		"animation.sunflora.ground_idle": {
			"loop": true,
			"animation_length": 2,
			"bones": {
				"neck": {
					"rotation": ["-5+math.sin(q.anim_time*90*4-115)*1.5", "-math.sin(q.anim_time*90*2-25)*3", 0]
				},
				"neck2": {
					"rotation": ["17.5+math.sin(q.anim_time*90*4-155)*1", 0, 0]
				},
				"neck3": {
					"rotation": ["22.5+math.sin(q.anim_time*90*4-200)*2", 0, 0]
				},
				"neck4": {
					"rotation": ["35+math.sin(q.anim_time*90*4-240)*2", 0, 0]
				},
				"head": {
					"rotation": ["20+math.sin(q.anim_time*90*4-270)*1", 0, 0]
				},
				"leg_right": {
					"rotation": [0, 27.5, 0],
					"position": [-0.4, "math.sin(q.anim_time*90*4)*0.225", 0]
				},
				"leg_left": {
					"rotation": [0, -27.5, 0],
					"position": [0.4, "math.sin(q.anim_time*90*4)*0.225", 0]
				},
				"arm_left": {
					"rotation": [0, 0, "35+math.sin(q.anim_time*90*4-115)*3"]
				},
				"arm_left2": {
					"rotation": [0, 0, "-15+math.sin(q.anim_time*90*4-175)*4"]
				},
				"arm_left3": {
					"rotation": [0, 0, "-15+math.sin(q.anim_time*90*4-215)*4"]
				},
				"arm_right": {
					"rotation": [0, 0, "-35-math.sin(q.anim_time*90*4-115)*3"]
				},
				"arm_right2": {
					"rotation": [0, 0, "15-math.sin(q.anim_time*90*4-175)*4"]
				},
				"arm_right3": {
					"rotation": [0, 0, "15-math.sin(q.anim_time*90*4-215)*4"]
				},
				"body": {
					"position": [0, "0.8-math.sin(q.anim_time*90*4)*0.3", "1+math.sin(q.anim_time*90*4)*0.1"]
				},
				"torso": {
					"rotation": ["math.sin(q.anim_time*90*4-45)*1", "math.sin(q.anim_time*90*2-45)*3", 0]
				},
				"foot_right": {
					"rotation": ["21.5-math.sin(q.anim_time*90*4)*4", "-math.sin(q.anim_time*90*4)*0.5", 0],
					"position": [0, -0.3, 0]
				},
				"foot_right2": {
					"rotation": ["-21+math.sin(q.anim_time*90*4)*4", 0, 0]
				},
				"foot_left": {
					"rotation": ["21.5-math.sin(q.anim_time*90*4)*4", "math.sin(q.anim_time*90*4)*0.5", 0],
					"position": [0, -0.3, 0]
				},
				"foot_left2": {
					"rotation": ["-21+math.sin(q.anim_time*90*4)*4", 0, 0]
				},
				"mouth_closed": {
					"position": [0, 0.1, 0]
				},
				"mouth_opened": {
					"position": [0, -0.03, 0]
				}
			}
		},
		"animation.sunflora.ground_walk": {
			"loop": true,
			"animation_length": 1,
			"bones": {
				"neck": {
					"rotation": ["15+math.sin(q.anim_time*90*8-115)*6", "0-math.sin(q.anim_time*90*4-25)*3", 0],
					"position": [0, 0, "-math.sin(q.anim_time*90*4-115)*0.05"]
				},
				"neck2": {
					"rotation": ["27.5+math.sin(q.anim_time*90*8-155)*3", 0, 0]
				},
				"neck3": {
					"rotation": ["25+math.sin(q.anim_time*90*8-200)*4", 0, 0]
				},
				"neck4": {
					"rotation": ["17.5+math.sin(q.anim_time*90*8-240)*6", 0, 0]
				},
				"head": {
					"rotation": ["math.sin(q.anim_time*90*8-270)*2", 0, 0]
				},
				"leg_right": {
					"rotation": ["math.clamp(-math.sin(q.anim_time*90*4-65)*26,-180,0)-math.sin(q.anim_time*90*4-155)*12", 15, 0],
					"position": [
						-0.4,
						"math.clamp(math.sin(q.anim_time*90*8)*0.225,0,90)+math.clamp(-math.sin(q.anim_time*90*4-250)*0.5,0,180)",
						"math.clamp(-math.sin(q.anim_time*90*4-65)*0.5,-180,0)-math.sin(q.anim_time*90*4-155)*1"
					]
				},
				"leg_left": {
					"rotation": ["math.clamp(math.sin(q.anim_time*90*4-65)*26,-180,0)+math.sin(q.anim_time*90*4-155)*12", -15, 0],
					"position": [
						0.4,
						"math.clamp(math.sin(q.anim_time*90*8)*0.225,0,90)+math.clamp(math.sin(q.anim_time*90*4-250)*0.5,0,180)",
						"math.clamp(math.sin(q.anim_time*90*4-65)*0.5,-180,0)+math.sin(q.anim_time*90*4-155)*1"
					]
				},
				"arm_left": {
					"rotation": [0, "math.sin(q.anim_time*90*4-135)*18", "25+math.sin(q.anim_time*90*8-115)*12"],
					"position": [-0.2, -0.1, 0]
				},
				"arm_left2": {
					"rotation": [0, 0, "-7.5+math.sin(q.anim_time*90*8-175)*10"]
				},
				"arm_left3": {
					"rotation": [0, 0, "-10+math.sin(q.anim_time*90*8-215)*12"]
				},
				"arm_right": {
					"rotation": [0, "math.sin(q.anim_time*90*4-135)*18", "-25-math.sin(q.anim_time*90*8-115)*12"],
					"position": [0.2, -0.1, 0]
				},
				"arm_right2": {
					"rotation": [0, 0, "7.5-math.sin(q.anim_time*90*8-175)*10"]
				},
				"arm_right3": {
					"rotation": [0, 0, "10-math.sin(q.anim_time*90*8-215)*12"]
				},
				"body": {
					"rotation": [1, 0, 0],
					"position": [0, "0.8-math.sin(q.anim_time*90*8)*0.3-math.clamp(-math.sin(q.anim_time*90*8)*0.17,0,90)", "2+math.sin(q.anim_time*90*8)*0.1"]
				},
				"torso": {
					"rotation": ["7.5+math.sin(q.anim_time*90*8-45)*6", "0+math.sin(q.anim_time*90*4-45)*6", "0+math.sin(q.anim_time*90*4-135)*4"],
					"position": ["math.sin(q.anim_time*90*4-90)*0.15", "-0.05+math.abs(math.sin(q.anim_time*90*4-45)*0.55)", 0]
				},
				"foot_right": {
					"rotation": [
						"21.5-math.sin(q.anim_time*90*8)*6+math.clamp(-math.sin(q.anim_time*90*4-65)*24,-180,0)+math.sin(q.anim_time*90*4-155)*12",
						"-math.sin(q.anim_time*90*8)*0.5",
						0
					],
					"position": [0, -0.3, 0]
				},
				"foot_right2": {
					"rotation": ["-21+math.sin(q.anim_time*90*8)*6-math.clamp(-math.sin(q.anim_time*90*4-65)*24,-180,0)", 0, 0]
				},
				"foot_left": {
					"rotation": [
						"21.5-math.sin(q.anim_time*90*8)*6+math.clamp(math.sin(q.anim_time*90*4-65)*24,-180,0)-math.sin(q.anim_time*90*4-155)*12",
						"math.sin(q.anim_time*90*8)*0.5",
						0
					],
					"position": [0, -0.3, 0]
				},
				"foot_left2": {
					"rotation": ["-21+math.sin(q.anim_time*90*8)*6-math.clamp(math.sin(q.anim_time*90*4-65)*24,-180,0)", 0, 0]
				},
				"petals1": {
					"rotation": [0, "math.sin(q.anim_time*90*4-250)*2", 0]
				},
				"petal_front_right": {
					"rotation": [0, 0, 0]
				},
				"mouth_closed": {
					"position": [0, 0.1, 0]
				},
				"mouth_opened": {
					"position": [0, -0.03, 0]
				}
			}
		},
		"animation.sunflora.battle_idle": {
			"loop": true,
			"animation_length": 2,
			"bones": {
				"neck": {
					"rotation": ["10+math.sin(q.anim_time*90*4-115)*6", "0-math.sin(q.anim_time*90*2-25)*3", 0],
					"position": [0, 0, "-0.5-math.sin(q.anim_time*90*4-115)*0.05"]
				},
				"neck2": {
					"rotation": ["15+math.sin(q.anim_time*90*4-155)*3", 0, 0]
				},
				"neck3": {
					"rotation": ["15+math.sin(q.anim_time*90*4-200)*4", 0, 0]
				},
				"neck4": {
					"rotation": ["20+math.sin(q.anim_time*90*4-240)*6", 0, 0]
				},
				"head": {
					"rotation": ["27.5+math.sin(q.anim_time*90*4-270)*2", 0, 0]
				},
				"leg_right": {
					"rotation": ["math.clamp(-math.sin(q.anim_time*90*2-65)*26,-180,0)", 27.5, 0],
					"position": [
						-0.4,
						"math.clamp(math.sin(q.anim_time*90*4)*0.225,0,90)+math.clamp(-math.sin(q.anim_time*90*2-250)*0.5,0,180)",
						"math.clamp(-math.sin(q.anim_time*90*2-65)*0.5,-180,0)"
					]
				},
				"leg_left": {
					"rotation": ["math.clamp(math.sin(q.anim_time*90*2-65)*26,-180,0)", -27.5, 0],
					"position": [
						0.4,
						"math.clamp(math.sin(q.anim_time*90*4)*0.225,0,90)+math.clamp(math.sin(q.anim_time*90*2-250)*0.5,0,180)",
						"math.clamp(math.sin(q.anim_time*90*2-65)*0.5,-180,0)"
					]
				},
				"arm_left": {
					"rotation": [0, 0, "25+math.sin(q.anim_time*90*4-115)*16"]
				},
				"arm_left2": {
					"rotation": [0, 0, "-7.5+math.sin(q.anim_time*90*4-175)*10"]
				},
				"arm_left3": {
					"rotation": [0, 0, "-10+math.sin(q.anim_time*90*4-215)*12"]
				},
				"arm_right": {
					"rotation": [0, 0, "-25-math.sin(q.anim_time*90*4-115)*16"]
				},
				"arm_right2": {
					"rotation": [0, 0, "7.5-math.sin(q.anim_time*90*4-175)*10"]
				},
				"arm_right3": {
					"rotation": [0, 0, "10-math.sin(q.anim_time*90*4-215)*12"]
				},
				"body": {
					"position": [0, "0.8-math.sin(q.anim_time*90*4)*0.3-math.clamp(-math.sin(q.anim_time*90*4)*0.17,0,90)", "1+math.sin(q.anim_time*90*4)*0.1"]
				},
				"torso": {
					"rotation": ["2.5+math.sin(q.anim_time*90*4-45)*6", "math.sin(q.anim_time*90*2-45)*6", "math.sin(q.anim_time*90*2-135)*4"],
					"position": ["math.sin(q.anim_time*90*2-90)*0.15", "math.abs(math.sin(q.anim_time*90*2-45)*0.55)", 0]
				},
				"foot_right": {
					"rotation": ["21.5-math.sin(q.anim_time*90*4)*6+math.clamp(-math.sin(q.anim_time*90*2-65)*24,-180,0)", "-math.sin(q.anim_time*90*4)*0.5", 0],
					"position": [0, -0.3, 0]
				},
				"foot_right2": {
					"rotation": ["-21+math.sin(q.anim_time*90*4)*6-math.clamp(-math.sin(q.anim_time*90*2-65)*24,-180,0)", 0, 0]
				},
				"foot_left": {
					"rotation": ["21.5-math.sin(q.anim_time*90*4)*6+math.clamp(math.sin(q.anim_time*90*2-65)*24,-180,0)", "math.sin(q.anim_time*90*4)*0.5", 0],
					"position": [0, -0.3, 0]
				},
				"foot_left2": {
					"rotation": ["-21+math.sin(q.anim_time*90*4)*6-math.clamp(math.sin(q.anim_time*90*2-65)*24,-180,0)", 0, 0]
				},
				"petals1": {
					"rotation": [0, "math.sin(q.anim_time*90*2-250)*2", 0]
				},
				"petal_front_right": {
					"rotation": [0, 0, 0]
				},
				"mouth_closed": {
					"position": [0, 0.1, 0]
				},
				"mouth_opened": {
					"position": [0, -0.03, 0]
				}
			}
		},
		"animation.sunflora.sleep": {
			"loop": true,
			"animation_length": 2,
			"bones": {
				"body": {
					"rotation": [-8, 0, 0],
					"position": [0, -1.5, 0]
				},
				"neck": {
					"rotation": ["19+math.sin(q.anim_time*90*2)*0.75", 0, 0],
					"position": [0, 0, -0.4]
				},
				"neck2": {
					"rotation": ["28.5+math.sin(q.anim_time*90*2-65)*0.5", 0, 0]
				},
				"neck3": {
					"rotation": ["27.5+math.sin(q.anim_time*90*2-125)*0.5", 0, 0]
				},
				"neck4": {
					"rotation": ["32+math.sin(q.anim_time*90*2-185)*0.5", 0, 0]
				},
				"head": {
					"rotation": ["1+math.sin(q.anim_time*90*2-205)*1", 0, 0]
				},
				"eye_right": {
					"position": [0, -0.1, 0]
				},
				"eye_right_closed": {
					"position": [0, 0.1, 0]
				},
				"eye_left": {
					"position": [0, -0.1, 0]
				},
				"eye_left_closed": {
					"position": [0, 0.1, 0]
				},
				"mouth_closed": {
					"position": [0, 0.1, 0]
				},
				"mouth_opened": {
					"position": [0, -0.03, 0]
				},
				"arm_left": {
					"rotation": [0, -5, "67.5+math.sin(q.anim_time*90*2)*0.5"],
					"position": [0, -0.15, 0]
				},
				"arm_left2": {
					"rotation": [0, 0, "-10-math.sin(q.anim_time*90*2-90)*0.5"]
				},
				"arm_left3": {
					"rotation": [0, 0, -30]
				},
				"arm_right": {
					"rotation": [0, 5, "-67.5+math.sin(q.anim_time*90*2)*0.5"],
					"position": [0, -0.15, 0]
				},
				"arm_right2": {
					"rotation": [0, 0, "10+math.sin(q.anim_time*90*2-90)*0.5"]
				},
				"arm_right3": {
					"rotation": [0, 0, 30]
				},
				"leg_right": {
					"rotation": [-69.74003, 26.80586, -0.07434],
					"position": [-1.3, 0.4, -2.8]
				},
				"foot_right": {
					"rotation": [25, 0, 0]
				},
				"leg_left": {
					"rotation": [-69.45501, -44.92866, -1.70383],
					"position": [1.3, 0.4, -2.8]
				},
				"foot_left": {
					"rotation": [25, 0, 0]
				}
			}
		},
		"animation.sunflora.blink": {
			"animation_length": 0.1667,
			"bones": {
				"eye_right": {
					"position": {
						"0.0": [0, -0.1, 0],
						"0.125": [0, -0.1, 0],
						"0.1667": {
							"pre": [0, -0.1, 0],
							"post": [0, 0, 0]
						}
					}
				},
				"eye_left": {
					"position": {
						"0.0": [0, -0.1, 0],
						"0.125": [0, -0.1, 0],
						"0.1667": {
							"pre": [0, -0.1, 0],
							"post": [0, 0, 0]
						}
					}
				},
				"eye_left_closed": {
					"position": {
						"0.0": [0, 0.1, 0],
						"0.125": [0, 0.1, 0],
						"0.1667": {
							"pre": [0, 0.1, 0],
							"post": [0, 0, 0]
						}
					}
				},
				"eye_right_closed": {
					"position": {
						"0.0": [0, 0.1, 0],
						"0.125": [0, 0.1, 0],
						"0.1667": {
							"pre": [0, 0.1, 0],
							"post": [0, 0, 0]
						}
					}
				}
			}
		},
		"animation.sunflora.cry": {
			"animation_length": 1,
			"bones": {
				"torso": {
					"rotation": {
						"0.0": {
							"post": [0, 0, 0],
							"lerp_mode": "catmullrom"
						},
						"0.0833": {
							"post": [2, 0, 0],
							"lerp_mode": "catmullrom"
						},
						"0.2083": {
							"post": [0, 0, 0],
							"lerp_mode": "catmullrom"
						},
						"0.2917": {
							"post": [-2, 0, 0],
							"lerp_mode": "catmullrom"
						},
						"0.4167": {
							"post": [2, 0, 0],
							"lerp_mode": "catmullrom"
						},
						"0.5": {
							"post": [0, 0, 0],
							"lerp_mode": "catmullrom"
						},
						"0.625": {
							"post": [-2, 0, 0],
							"lerp_mode": "catmullrom"
						},
						"0.8333": {
							"post": [0, 0, 0],
							"lerp_mode": "catmullrom"
						}
					}
				},
				"neck": {
					"rotation": {
						"0.0": {
							"post": [0, 0, 0],
							"lerp_mode": "catmullrom"
						},
						"0.0833": {
							"post": [2, 0, 0],
							"lerp_mode": "catmullrom"
						},
						"0.2083": {
							"post": [0, 0, 0],
							"lerp_mode": "catmullrom"
						},
						"0.2917": {
							"post": [-1, 0, 0],
							"lerp_mode": "catmullrom"
						},
						"0.4167": {
							"post": [2, 0, 0],
							"lerp_mode": "catmullrom"
						},
						"0.5": {
							"post": [0, 0, 0],
							"lerp_mode": "catmullrom"
						},
						"0.625": {
							"post": [-1, 0, 0],
							"lerp_mode": "catmullrom"
						},
						"0.8333": {
							"post": [0, 0, 0],
							"lerp_mode": "catmullrom"
						}
					}
				},
				"neck2": {
					"rotation": {
						"0.0417": {
							"pre": [0, 0, 0],
							"post": [0, 0, 0],
							"lerp_mode": "catmullrom"
						},
						"0.125": {
							"post": [4, 0, 0],
							"lerp_mode": "catmullrom"
						},
						"0.25": {
							"post": [0, 0, 0],
							"lerp_mode": "catmullrom"
						},
						"0.3333": {
							"post": [-2.5, 0, 0],
							"lerp_mode": "catmullrom"
						},
						"0.4583": {
							"post": [4, 0, 0],
							"lerp_mode": "catmullrom"
						},
						"0.5417": {
							"post": [0, 0, 0],
							"lerp_mode": "catmullrom"
						},
						"0.6667": {
							"post": [-2.5, 0, 0],
							"lerp_mode": "catmullrom"
						},
						"0.875": {
							"post": [0, 0, 0],
							"lerp_mode": "catmullrom"
						}
					}
				},
				"neck3": {
					"rotation": {
						"0.0833": {
							"pre": [0, 0, 0],
							"post": [0, 0, 0],
							"lerp_mode": "catmullrom"
						},
						"0.1667": {
							"post": [6, 0, 0],
							"lerp_mode": "catmullrom"
						},
						"0.2917": {
							"post": [0, 0, 0],
							"lerp_mode": "catmullrom"
						},
						"0.375": {
							"post": [-2.5, 0, 0],
							"lerp_mode": "catmullrom"
						},
						"0.5": {
							"post": [6, 0, 0],
							"lerp_mode": "catmullrom"
						},
						"0.5833": {
							"post": [0, 0, 0],
							"lerp_mode": "catmullrom"
						},
						"0.7083": {
							"post": [-2.5, 0, 0],
							"lerp_mode": "catmullrom"
						},
						"0.9167": {
							"post": [0, 0, 0],
							"lerp_mode": "catmullrom"
						}
					}
				},
				"neck4": {
					"rotation": {
						"0.125": {
							"pre": [0, 0, 0],
							"post": [0, 0, 0],
							"lerp_mode": "catmullrom"
						},
						"0.2083": {
							"post": [6, 0, 0],
							"lerp_mode": "catmullrom"
						},
						"0.3333": {
							"post": [0, 0, 0],
							"lerp_mode": "catmullrom"
						},
						"0.4167": {
							"post": [-2.5, 0, 0],
							"lerp_mode": "catmullrom"
						},
						"0.5417": {
							"post": [6, 0, 0],
							"lerp_mode": "catmullrom"
						},
						"0.625": {
							"post": [0, 0, 0],
							"lerp_mode": "catmullrom"
						},
						"0.75": {
							"post": [-2.5, 0, 0],
							"lerp_mode": "catmullrom"
						},
						"0.9583": {
							"post": [0, 0, 0],
							"lerp_mode": "catmullrom"
						}
					}
				},
				"head": {
					"rotation": {
						"0.1667": {
							"pre": [0, 0, 0],
							"post": [0, 0, 0],
							"lerp_mode": "catmullrom"
						},
						"0.25": {
							"post": [6, 0, 0],
							"lerp_mode": "catmullrom"
						},
						"0.375": {
							"post": [0, 0, 0],
							"lerp_mode": "catmullrom"
						},
						"0.4583": {
							"post": [-2.5, 0, 0],
							"lerp_mode": "catmullrom"
						},
						"0.5833": {
							"post": [6, 0, 0],
							"lerp_mode": "catmullrom"
						},
						"0.6667": {
							"post": [0, 0, 0],
							"lerp_mode": "catmullrom"
						},
						"0.7917": {
							"post": [-2.5, 0, 0],
							"lerp_mode": "catmullrom"
						},
						"1.0": {
							"post": [0, 0, 0],
							"lerp_mode": "catmullrom"
						}
					}
				},
				"mouth_closed": {
					"position": {
						"0.0": [0, 0, 0],
						"0.125": {
							"pre": [0, 0, 0],
							"post": [0, -0.04, 0]
						},
						"0.375": {
							"pre": [0, -0.04, 0],
							"post": [0, 0, 0]
						},
						"0.5": {
							"pre": [0, 0, 0],
							"post": [0, -0.04, 0]
						},
						"0.8333": {
							"pre": [0, -0.04, 0],
							"post": [0, 0, 0]
						}
					}
				},
				"mouth_opened": {
					"position": {
						"0.0": [0, 0, 0],
						"0.125": {
							"pre": [0, 0, 0],
							"post": [0, 0.03, 0]
						},
						"0.375": {
							"pre": [0, 0.03, 0],
							"post": [0, 0, 0]
						},
						"0.5": {
							"pre": [0, 0, 0],
							"post": [0, 0.03, 0]
						},
						"0.8333": {
							"pre": [0, 0.03, 0],
							"post": [0, 0, 0]
						}
					}
				},
				"arm_left": {
					"rotation": {
						"0.0": {
							"post": [0, 0, 0],
							"lerp_mode": "catmullrom"
						},
						"0.0833": {
							"post": [0, 0, 5],
							"lerp_mode": "catmullrom"
						},
						"0.25": {
							"post": [0, 0, -5],
							"lerp_mode": "catmullrom"
						},
						"0.3333": {
							"post": [0, 0, -7],
							"lerp_mode": "catmullrom"
						},
						"0.4583": {
							"post": [0, 0, 5],
							"lerp_mode": "catmullrom"
						},
						"0.625": {
							"post": [0, 0, -5],
							"lerp_mode": "catmullrom"
						},
						"0.7083": {
							"post": [0, 0, -7],
							"lerp_mode": "catmullrom"
						},
						"0.875": {
							"post": [0, 0, 0],
							"lerp_mode": "catmullrom"
						}
					}
				},
				"arm_left2": {
					"rotation": {
						"0.0833": {
							"pre": [0, 0, 0],
							"post": [0, 0, 0],
							"lerp_mode": "catmullrom"
						},
						"0.1667": {
							"post": [0, 0, 8],
							"lerp_mode": "catmullrom"
						},
						"0.3333": {
							"post": [0, 0, -8],
							"lerp_mode": "catmullrom"
						},
						"0.4167": {
							"post": [0, 0, -10],
							"lerp_mode": "catmullrom"
						},
						"0.5417": {
							"post": [0, 0, 8],
							"lerp_mode": "catmullrom"
						},
						"0.7083": {
							"post": [0, 0, -8],
							"lerp_mode": "catmullrom"
						},
						"0.7917": {
							"post": [0, 0, -10],
							"lerp_mode": "catmullrom"
						},
						"0.9583": {
							"post": [0, 0, 0],
							"lerp_mode": "catmullrom"
						}
					}
				},
				"arm_left3": {
					"rotation": {
						"0.125": {
							"pre": [0, 0, 0],
							"post": [0, 0, 0],
							"lerp_mode": "catmullrom"
						},
						"0.2083": {
							"post": [0, 0, 15],
							"lerp_mode": "catmullrom"
						},
						"0.375": {
							"post": [0, 0, -12],
							"lerp_mode": "catmullrom"
						},
						"0.4583": {
							"post": [0, 0, -16],
							"lerp_mode": "catmullrom"
						},
						"0.5833": {
							"post": [0, 0, 15],
							"lerp_mode": "catmullrom"
						},
						"0.75": {
							"post": [0, 0, -12],
							"lerp_mode": "catmullrom"
						},
						"0.8333": {
							"post": [0, 0, -16],
							"lerp_mode": "catmullrom"
						},
						"1.0": {
							"post": [0, 0, 0],
							"lerp_mode": "catmullrom"
						}
					}
				},
				"arm_right": {
					"rotation": {
						"0.0": {
							"post": [0, 0, 0],
							"lerp_mode": "catmullrom"
						},
						"0.0833": {
							"post": [0, 0, -5],
							"lerp_mode": "catmullrom"
						},
						"0.25": {
							"post": [0, 0, 5],
							"lerp_mode": "catmullrom"
						},
						"0.3333": {
							"post": [0, 0, 7],
							"lerp_mode": "catmullrom"
						},
						"0.4583": {
							"post": [0, 0, -5],
							"lerp_mode": "catmullrom"
						},
						"0.625": {
							"post": [0, 0, 5],
							"lerp_mode": "catmullrom"
						},
						"0.7083": {
							"post": [0, 0, 7],
							"lerp_mode": "catmullrom"
						},
						"0.875": {
							"post": [0, 0, 0],
							"lerp_mode": "catmullrom"
						}
					}
				},
				"arm_right2": {
					"rotation": {
						"0.0833": {
							"pre": [0, 0, 0],
							"post": [0, 0, 0],
							"lerp_mode": "catmullrom"
						},
						"0.1667": {
							"post": [0, 0, -8],
							"lerp_mode": "catmullrom"
						},
						"0.3333": {
							"post": [0, 0, 8],
							"lerp_mode": "catmullrom"
						},
						"0.4167": {
							"post": [0, 0, 10],
							"lerp_mode": "catmullrom"
						},
						"0.5417": {
							"post": [0, 0, -8],
							"lerp_mode": "catmullrom"
						},
						"0.7083": {
							"post": [0, 0, 8],
							"lerp_mode": "catmullrom"
						},
						"0.7917": {
							"post": [0, 0, 10],
							"lerp_mode": "catmullrom"
						},
						"0.9583": {
							"post": [0, 0, 0],
							"lerp_mode": "catmullrom"
						}
					}
				},
				"arm_right3": {
					"rotation": {
						"0.125": {
							"pre": [0, 0, 0],
							"post": [0, 0, 0],
							"lerp_mode": "catmullrom"
						},
						"0.2083": {
							"post": [0, 0, -15],
							"lerp_mode": "catmullrom"
						},
						"0.375": {
							"post": [0, 0, 12],
							"lerp_mode": "catmullrom"
						},
						"0.4583": {
							"post": [0, 0, 16],
							"lerp_mode": "catmullrom"
						},
						"0.5833": {
							"post": [0, 0, -15],
							"lerp_mode": "catmullrom"
						},
						"0.75": {
							"post": [0, 0, 12],
							"lerp_mode": "catmullrom"
						},
						"0.8333": {
							"post": [0, 0, 16],
							"lerp_mode": "catmullrom"
						},
						"1.0": {
							"post": [0, 0, 0],
							"lerp_mode": "catmullrom"
						}
					}
				}
			},
			"sound_effects": {
				"0.125": {
					"effect": "pokemon.sunflora.cry"
				}
			}
		}
	}
}