{
	"format_version": "1.8.0",
	"animations": {
		"animation.panpour.poser2": {
			"loop": true,
			"bones": {
				"left_ear": {
					"rotation": [0, -20, 0]
				},
				"right_ear": {
					"rotation": [0, 2.5, 0]
				},
				"right_arm": {
					"rotation": [-48.505, -23.97021, 13.99854]
				},
				"right_arm2": {
					"rotation": [101.21998, -24.32907, 3.47641]
				},
				"tail2": {
					"rotation": [-5.61126, 10.19724, 4.08621]
				},
				"tail3": {
					"rotation": [26.27408, 39.40865, 17.40119]
				},
				"right_thigh": {
					"rotation": [-25, 15, 0]
				},
				"body": {
					"rotation": [41.34396, -37.23537, -23.05452],
					"position": [0, 2, 0]
				},
				"happy": {
					"position": [0, 0, 1]
				},
				"shock": {
					"position": [0, 0, -1]
				},
				"open": {
					"position": [0, 0, -1]
				},
				"right_leg": {
					"rotation": [35, 0, 0]
				},
				"right_feet": {
					"rotation": [27.5, 0, 0]
				},
				"left_arm": {
					"rotation": [0, 0, 40]
				},
				"left_arm2": {
					"rotation": [55, 0, 0]
				}
			}
		},
		"animation.panpour.poser3": {
			"loop": true,
			"bones": {
				"body": {
					"rotation": [7.5, 0, 0]
				},
				"torso": {
					"rotation": [20, 0, 0]
				},
				"left_ear": {
					"rotation": [0, -20, 0]
				},
				"right_ear": {
					"rotation": [0, 2.5, 0]
				},
				"right_arm": {
					"rotation": [-2.89633, -38.52141, -23.21611]
				},
				"right_arm2": {
					"rotation": [79.79846, -25.77857, -24.19692]
				},
				"tail": {
					"rotation": [0, -35, 0]
				},
				"tail2": {
					"rotation": [-6.20692, -27.1178, 7.92074]
				},
				"tail3": {
					"rotation": [20, 0, 0]
				},
				"right_thigh": {
					"rotation": [-40, 20, 0],
					"position": [0, 0, -2]
				},
				"right_leg": {
					"rotation": [30, 0, 0],
					"position": [0, 0, 0.5]
				},
				"left_arm": {
					"rotation": [-2.89633, 38.52141, 23.21611]
				},
				"left_arm2": {
					"rotation": [79.79846, 25.77857, 24.19692]
				},
				"left_thigh": {
					"rotation": [-40, -20, 0],
					"position": [0, 0, -2]
				},
				"left_leg": {
					"rotation": [30, 0, 0],
					"position": [0, 0, 0.5]
				}
			}
		},
		"animation.panpour.cry": {
			"animation_length": 0.5417,
			"bones": {
				"open": {
					"position": {
						"0.0": [0, 0, 0],
						"0.0833": [0, 0, -1],
						"0.1667": [0, 0, -1],
						"0.25": [0, 0, 0],
						"0.3333": [0, 0, -1],
						"0.4167": [0, 0, -1],
						"0.5": [0, 0, 1]
					}
				},
				"head": {
					"rotation": {
						"0.0": [0, 0, 0],
						"0.0833": {
							"pre": [-2.5, 0, 0],
							"post": [-2.5, 0, 0],
							"lerp_mode": "catmullrom"
						},
						"0.2083": {
							"post": [-2.5, 0, 0],
							"lerp_mode": "catmullrom"
						},
						"0.2917": {
							"post": [-1.5, 0, 0],
							"lerp_mode": "catmullrom"
						},
						"0.4167": {
							"post": [-2.5, 0, 0],
							"lerp_mode": "catmullrom"
						},
						"0.5417": [0, 0, 0]
					}
				}
			},
			"sound_effects": {
				"0.0417": {
					"effect": "pansage"
				}
			}
		},
		"animation.panpour.recoil": {
			"animation_length": 0.7083,
			"bones": {
				"torso": {
					"rotation": {
						"0.0": [0, 0, 0],
						"0.0417": {
							"pre": [2.5, 0, 0],
							"post": [2.5, 0, 0],
							"lerp_mode": "catmullrom"
						},
						"0.1667": {
							"post": [-5, 0, 0],
							"lerp_mode": "catmullrom"
						},
						"0.4583": [0, 0, 0]
					}
				},
				"head": {
					"rotation": {
						"0.0": [0, 0, 0],
						"0.0417": {
							"pre": [5, 0, 0],
							"post": [5, 0, 0],
							"lerp_mode": "catmullrom"
						},
						"0.1667": {
							"post": [-5, 0, 0],
							"lerp_mode": "catmullrom"
						},
						"0.625": [0, 0, 0]
					}
				},
				"eye": {
					"position": {
						"0.0417": [0, 0, 0],
						"0.0833": [0, 0, 1],
						"0.6667": [0, 0, 1],
						"0.7083": [0, 0, 0]
					}
				},
				"shock": {
					"position": {
						"0.0417": [0, 0, 0],
						"0.0833": [0, 0, -2],
						"0.6667": [0, 0, -2],
						"0.7083": [0, 0, 0]
					}
				},
				"close": {
					"position": {
						"0.0417": [0, 0, 0],
						"0.0833": [0, 0, 1],
						"0.6667": [0, 0, 1],
						"0.7083": [0, 0, 0]
					}
				},
				"open": {
					"position": {
						"0.0": [0, 0, 0],
						"0.0833": [0, 0, -1],
						"0.625": [0, 0, -1],
						"0.6667": [0, 0, 1]
					}
				}
			}
		},
		"animation.panpour.physical": {
			"animation_length": 1.125,
			"bones": {
				"body": {
					"rotation": {
						"0.4583": [7.5, 0, 0],
						"0.6667": [41.34396, -37.23537, -23.05452],
						"0.9167": [7.5, 0, 0]
					},
					"position": {
						"0.4583": [0, 0, 0],
						"0.6667": [0, 2, 0],
						"0.9167": [0, 0, 0]
					}
				},
				"torso": {
					"rotation": {
						"0.0": ["20+math.sin(q.anim_time*90*2-0)*-1.5", 0, "math.sin(q.anim_time*90*1-90)*-2.8405"],
						"0.875": [20, 0, 0],
						"1.125": ["20+math.sin(q.anim_time*90*2-0)*-1.5", 0, "math.sin(q.anim_time*90*1-90)*-2.8405"]
					},
					"position": {
						"0.0": [0, 0, 0],
						"0.4583": [0, -1, 1.58],
						"0.75": [0, 0, 2],
						"0.875": [0, 0, 0],
						"0.9583": [0, -1.67, 0],
						"1.125": [0, 0, 0]
					}
				},
				"head": {
					"rotation": {
						"0.0": [-15, 0, 0],
						"0.6667": [-19.27896, 38.3808, -12.25294],
						"1.125": [-15, 0, 0]
					}
				},
				"left_ear": {
					"rotation": [0, -20, 0]
				},
				"right_ear": {
					"rotation": {
						"0.0": [0, 20, 0],
						"1.0": [0, 2.5, 0],
						"1.125": [0, 20, 0]
					}
				},
				"angry": {
					"position": [0, 0, -0.5]
				},
				"happy": {
					"position": {
						"0.4583": [0, 0, 0],
						"0.5": [0, 0, 1],
						"1.125": [0, 0, 0]
					}
				},
				"shock": {
					"position": {
						"0.0": [0, 0, 0],
						"0.5": [0, 0, -1],
						"1.0833": [0, 0, -1],
						"1.125": [0, 0, 0]
					}
				},
				"open": {
					"position": {
						"0.5417": [0, 0, 0],
						"0.5833": [0, 0, -1],
						"0.75": [0, 0, -1],
						"0.7917": [0, 0, 0],
						"0.8333": [0, 0, -1]
					}
				},
				"right_arm": {
					"rotation": {
						"0.0": [-2.89633, -38.52141, "-23.2161099519-math.sin(q.anim_time*90*2-0)*-1.5"],
						"0.5417": [-106.89425, 50.66323, -51.09886],
						"0.625": [-56.52149, -3.62258, 36.41461],
						"0.7083": [10.61115, -51.97925, -69.61191],
						"0.7917": [-2.89633, -38.52141, -23.21611],
						"1.125": [-2.89633, -38.52141, "-23.2161099519-math.sin(q.anim_time*90*2-0)*-1.5"]
					}
				},
				"right_arm2": {
					"rotation": {
						"0.0": [79.79846, 0, "0-math.sin(q.anim_time*90*2-0)*-5"],
						"1.0": [101.21998, -24.32907, 3.47641],
						"1.125": [79.79846, 0, "0-math.sin(q.anim_time*90*2-0)*-5"]
					}
				},
				"tail": {
					"rotation": {
						"0.0": ["math.sin(q.anim_time*60*2-80)*3", -35, 0],
						"0.25": ["-0.2533+math.sin(q.anim_time*60*2-80)*3", 42.45003, -3.04142],
						"0.5": ["math.sin(q.anim_time*60*2-80)*3", -35, 0],
						"0.75": ["-0.2533+math.sin(q.anim_time*60*2-80)*3", 42.45003, -3.04142],
						"1.125": ["math.sin(q.anim_time*60*2-80)*3", -35, 0]
					}
				},
				"tail2": {
					"rotation": {
						"0.0": ["-6.2069209863+math.sin(q.anim_time*60*2-80)*3", -27.1178, 7.92074],
						"0.25": ["-5.3844+math.sin(q.anim_time*60*2-80)*3", 10.03529, 2.67467],
						"0.5": ["-6.2069209863+math.sin(q.anim_time*60*2-80)*3", -27.1178, 7.92074],
						"0.75": ["-5.3844+math.sin(q.anim_time*60*2-80)*3", 10.03529, 2.67467],
						"1.125": ["-6.2069209863+math.sin(q.anim_time*60*2-80)*3", -27.1178, 7.92074]
					}
				},
				"tail3": {
					"rotation": {
						"0.0": ["20+math.sin(q.anim_time*60*2-160)*6", 0, 0],
						"0.25": ["22.2442+math.sin(q.anim_time*60*2-160)*6", 28.81866, 8.7187],
						"0.5": ["20+math.sin(q.anim_time*60*2-160)*6", 0, 0],
						"0.75": ["22.2442+math.sin(q.anim_time*60*2-160)*6", 28.81866, 8.7187],
						"1.125": ["20+math.sin(q.anim_time*60*2-160)*6", 0, 0]
					}
				},
				"right_thigh": {
					"rotation": {
						"0.0": ["-40+math.sin(q.anim_time*90*2)*2", 20, 0],
						"0.4583": [-73.125, 16.04167, 0],
						"0.6667": [-25, 15, 0],
						"0.8333": [-77.95455, 16.81818, 0],
						"1.125": ["-40+math.sin(q.anim_time*90*2)*2", 20, 0]
					},
					"position": {
						"0.0": [0, 0.2, -2],
						"0.4583": [0, -0.96, -0.42],
						"0.6667": [0, 0, 0],
						"1.0417": [0, 0, -1.63],
						"1.125": [0, 0.2, -2]
					}
				},
				"right_leg": {
					"rotation": {
						"0.0": ["30+math.sin(q.anim_time*90*2)*-3", 0, 0],
						"0.4583": [83.96, 0, 0],
						"0.6667": [35, 0, 0],
						"1.125": ["30+math.sin(q.anim_time*90*2)*-3", 0, 0]
					},
					"position": [0, 0, 0.5]
				},
				"right_feet": {
					"rotation": {
						"0.0": ["7.4816+math.sin(q.anim_time*90*2)*-1.5", -0.6483, -2.4195],
						"0.4583": [-24.1705, -0.13506, -0.50406],
						"0.6667": [27.5, 0, 0],
						"1.125": ["7.4816+math.sin(q.anim_time*90*2)*-1.5", -0.6483, -2.4195]
					}
				},
				"left_arm": {
					"rotation": {
						"0.0": [-2.89633, 38.52141, "23.2161-math.sin(q.anim_time*90*2-0)*-1.5"],
						"0.4583": [-19.42141, 83.17194, "5.7269-math.sin(q.anim_time*90*2-0)*-1.5"],
						"0.7083": [-2.81559, -36.40983, "26.6927-math.sin(q.anim_time*90*2-0)*-1.5"],
						"1.125": [-2.89633, 38.52141, "23.2161-math.sin(q.anim_time*90*2-0)*-1.5"]
					}
				},
				"left_arm2": {
					"rotation": {
						"0.0": [79.79846, 0, "0-math.sin(q.anim_time*90*2-0)*-5"],
						"0.4583": [77.21987, 36.80815, "-7.739-math.sin(q.anim_time*90*2-0)*-5"],
						"0.7083": [79.79846, 0, "0-math.sin(q.anim_time*90*2-0)*-5"]
					}
				},
				"left_thigh": {
					"rotation": {
						"0.0": ["-40+math.sin(q.anim_time*90*2)*2", -20, 0],
						"0.0833": [-25, -15, 0],
						"0.25": [-77.95455, -16.81818, 0],
						"0.5417": ["-80+math.sin(q.anim_time*90*2)*2", -20, 0],
						"0.5833": ["-40+math.sin(q.anim_time*90*2)*2", -20, 0],
						"1.0417": [-73.125, -16.04167, 0],
						"1.125": ["-40+math.sin(q.anim_time*90*2)*2", -20, 0]
					},
					"position": {
						"0.0": [0, 0.2, -2],
						"0.0833": [0, 0, -2],
						"0.4167": [0, -0.85, -0.45],
						"0.5417": [0, -1.2, 0],
						"0.5833": [0, -1, 0],
						"1.0417": [0, -0.26, -2.12],
						"1.125": [0, 0.2, -2]
					}
				},
				"left_leg": {
					"rotation": {
						"0.0": ["30+math.sin(q.anim_time*90*2)*-3", 0, 0],
						"0.0833": [35, 0, 0],
						"0.5417": ["30+math.sin(q.anim_time*90*2)*-3", 0, 0],
						"0.5833": ["30+math.sin(q.anim_time*90*2)*-3", 0, 0],
						"1.0417": [83.96, 0, 0],
						"1.125": ["30+math.sin(q.anim_time*90*2)*-3", 0, 0]
					},
					"position": [0, 0, 0.5]
				},
				"left_feet": {
					"rotation": {
						"0.0": ["7.4816+math.sin(q.anim_time*90*2)*-1.5", 0.6483, 2.4195],
						"0.0833": [27.5, 0, 0],
						"0.5417": ["7.4816+math.sin(q.anim_time*90*2)*-1.5", 0.6483, 2.4195],
						"0.5833": ["7.4816+math.sin(q.anim_time*90*2)*-1.5", 0.6483, 2.4195],
						"1.0417": [-24.1705, 0.13506, 0.50406],
						"1.125": ["7.4816+math.sin(q.anim_time*90*2)*-1.5", 0.6483, 2.4195]
					}
				}
			}
		},
		"animation.panpour.special": {
			"animation_length": 3,
			"bones": {
				"left_eye2": {
					"position": [0, 0, 1]
				},
				"right_eye2": {
					"position": [0, 0, 1]
				},
				"body": {
					"rotation": [7.5, 0, 0]
				},
				"torso": {
					"rotation": {
						"0.0": [20, 0, 0],
						"0.0833": [-10, 0, 0],
						"0.4583": [15, 0, 0],
						"2.7083": [15, 0, 0],
						"2.875": [0, 0, 0],
						"3.0": [20, 0, 0]
					},
					"position": {
						"0.0": [0, 0, 0],
						"0.0833": [0, 1, -1],
						"0.4583": [0, 0, 2],
						"0.5833": [0, -0.1, 2],
						"0.6667": [0, 0.1, 2],
						"0.75": [0, -0.1, 2],
						"0.8333": [0, 0.2, 2],
						"0.9167": [0, -0.4, 2],
						"1.0": [0, 0.4, 2],
						"1.0833": [0, -0.4, 2],
						"1.1667": [0, 0.4, 2],
						"1.25": [0, -0.4, 2],
						"1.3333": [0, -0.4, 2],
						"1.4167": [0, 0.4, 2],
						"1.5": [0, -0.4, 2],
						"1.5833": [0, 0.4, 2],
						"1.6667": [0, -0.4, 2],
						"1.75": [0, 0.4, 2],
						"1.8333": [0, -0.4, 2],
						"1.9167": [0, -0.1, 2],
						"2.0": [0, 0.1, 2],
						"2.7083": [0, 0, 2],
						"2.875": [0, 0, 0]
					}
				},
				"head": {
					"rotation": {
						"0.0": [-15, 0, 0],
						"0.125": [-7.5, 0, 0],
						"0.2083": [-32.5, 0, 0],
						"2.8333": [-32.5, 0, 0],
						"3.0": [-15, 0, 0]
					}
				},
				"left_ear": {
					"rotation": [0, -2.5, 0]
				},
				"right_ear": {
					"rotation": [0, 2.5, 0]
				},
				"angry": {
					"position": [0, 0, -0.5]
				},
				"shock": {
					"position": {
						"0.5417": [0, 0, 0],
						"0.5833": [0, 0, -0.5],
						"2.875": [0, 0, -0.5],
						"2.9583": [0, 0, 0]
					}
				},
				"left_eye": {
					"position": {
						"0.2083": [0, 0, 0],
						"0.25": [0, 0, 1],
						"3.0": [0, 0, 0]
					}
				},
				"right_eye": {
					"position": {
						"0.2083": [0, 0, 0],
						"0.25": [0, 0, 1],
						"3.0": [0, 0, 0]
					}
				},
				"close": {
					"position": {
						"0.0": [0, 0, 0],
						"3.0": [0, 0, 1]
					}
				},
				"open": {
					"position": {
						"0.375": [0, 0, 0],
						"0.4583": [0, 0, -1]
					}
				},
				"right_arm": {
					"rotation": {
						"0.0": [-2.89633, -38.52141, -23.21611],
						"0.0417": [0, -36.07, -27.5],
						"0.2917": [0, 27.5, -27.5],
						"2.625": [0, 27.5, -27.5],
						"2.875": [0, 0, -27.5],
						"3.0": [-2.89633, -38.52141, -23.21611]
					}
				},
				"right_arm2": {
					"rotation": {
						"0.0": [79.79846, -25.77857, -24.19692],
						"2.875": [21.741, -17.26588, 9.15996],
						"3.0": [79.79846, -25.77857, -24.19692]
					}
				},
				"tail": {
					"rotation": ["math.sin(q.anim_time*60*2-80)*3", -35, 0]
				},
				"tail2": {
					"rotation": ["-6.2069209863+math.sin(q.anim_time*60*2-80)*3", -27.1178, 7.92074]
				},
				"left_arm": {
					"rotation": {
						"0.0": [-2.89633, 38.52141, 23.21611],
						"0.0417": [0, 36.07, 27.5],
						"0.2917": [0, -27.5, 27.5],
						"2.625": [0, -27.5, 27.5],
						"2.875": [0, 0, 27.5],
						"3.0": [-2.89633, 38.52141, 23.21611]
					}
				},
				"left_arm2": {
					"rotation": {
						"0.0": [79.79846, 25.77857, 24.19692],
						"2.875": [21.741, 17.26588, -9.15996],
						"3.0": [79.79846, 25.77857, 24.19692]
					}
				},
				"right_thigh": {
					"rotation": {
						"0.0": [-40, 20, 0],
						"0.2083": [5, 20, 0],
						"0.5": [0, 15, 0],
						"2.6667": [0, 15, 0],
						"2.7917": [-40, 20, 0]
					},
					"position": {
						"0.0": [0, 0.2, -2],
						"0.0833": [0, 0.2, -0.1],
						"0.2083": [0, 1, 0],
						"0.3333": [0, 1, 0],
						"0.5": [0, 0, 1],
						"2.6667": [0, 0, 1],
						"2.7917": [0, 0.2, -2]
					}
				},
				"right_leg": {
					"rotation": {
						"0.0": [30, 0, 0],
						"0.0833": [52.5, 0, 0],
						"0.1667": [52.5, 0, 0],
						"0.4583": [0, 0, 0],
						"2.875": [0, 0, 0],
						"3.0": [30, 0, 0]
					},
					"position": [0, 0, 0.5]
				},
				"right_feet": {
					"rotation": [7.4816, -0.6483, -2.4195]
				},
				"left_thigh": {
					"rotation": {
						"0.2083": [-40, -20, 0],
						"0.5": [-82.5, -15, 0],
						"0.7917": [0, -15, 0],
						"2.875": [0, -15, 0],
						"3.0": [-40, -20, 0]
					},
					"position": {
						"0.0": [0, 0.2, -2],
						"0.2083": [0, 0.2, -0.1],
						"0.4167": [0, 0.47, 0.67],
						"0.5": [0, 0.5, 0],
						"0.7917": [0, 0, 1],
						"2.875": [0, 0, 1],
						"3.0": [0, 0.2, -2]
					}
				},
				"left_leg": {
					"rotation": {
						"0.0": [30, 0, 0],
						"0.0833": [52.5, 0, 0],
						"0.1667": [52.5, 0, 0],
						"0.4583": [0, 0, 0],
						"2.875": [0, 0, 0],
						"3.0": [30, 0, 0]
					},
					"position": [0, 0, 0.5]
				}
			}
		},
		"animation.panpour.faint": {
			"animation_length": 2.2917,
			"bones": {
				"body": {
					"rotation": {
						"1.25": [7.5, 0, 0],
						"1.7083": [12.5, 0, 0],
						"1.875": [70, 0, 0],
						"2.0833": [80, 0, 0]
					},
					"position": {
						"0.0": [0, 0, 0],
						"1.2917": [0, 0, 9],
						"1.5417": [0, 0, 9],
						"1.625": [0, -1, 9],
						"1.7083": [0, 0, 9],
						"2.0417": [0, 0, 9],
						"2.1667": [0, 0.5, 9],
						"2.2917": [0, 0, 9]
					}
				},
				"torso": {
					"rotation": {
						"0.0": [20, 0, 0],
						"0.0833": [0, 0, 0],
						"0.125": {
							"pre": [2.5, 0, 0],
							"post": [2.5, 0, 0],
							"lerp_mode": "catmullrom"
						},
						"0.7083": {
							"post": [-5, 0, 0],
							"lerp_mode": "catmullrom"
						},
						"1.0": [0, 0, 0]
					}
				},
				"head": {
					"rotation": {
						"0.0": [-15, 0, 0],
						"0.0833": {
							"pre": [5, 0, 0],
							"post": [5, 0, 0],
							"lerp_mode": "catmullrom"
						},
						"0.125": {
							"post": [15, 0, 0],
							"lerp_mode": "catmullrom"
						},
						"0.7083": {
							"post": [-5, 0, 0],
							"lerp_mode": "catmullrom"
						},
						"1.125": [-2.29, 0, 0],
						"1.1667": [0, 0, 0],
						"1.2917": [-25, 0, 0]
					}
				},
				"left_ear": {
					"rotation": [0, -2.5, 0]
				},
				"right_ear": {
					"rotation": [0, 2.5, 0]
				},
				"angry": {
					"position": {
						"0.0833": [0, 0, -0.5],
						"0.125": [0, 0, 0]
					}
				},
				"happy": {
					"position": {
						"1.4167": [0, 0, 0],
						"1.4583": [0, 0, 1]
					}
				},
				"shock": {
					"position": {
						"1.4167": [0, 0, 0],
						"1.4583": [0, 0, -1]
					}
				},
				"sad": {
					"position": {
						"1.4167": [0, 0, 0],
						"1.4583": [0, 0, -1]
					}
				},
				"left_eye": {
					"position": {
						"1.4167": [0, 0, 0],
						"1.4583": [0, 0, 1]
					}
				},
				"right_eye": {
					"position": {
						"1.4167": [0, 0, 0],
						"1.4583": [0, 0, 1]
					}
				},
				"close": {
					"position": {
						"0.2083": [0, 0, 0],
						"0.25": [0, 0, 1]
					}
				},
				"open": {
					"position": {
						"0.0833": [0, 0, 0],
						"0.1667": [0, 0, -0.5]
					}
				},
				"right_arm": {
					"rotation": {
						"0.0": [-2.89633, -38.52141, "-23.2161099519-math.sin(q.anim_time*90*2-0)*-1.5"],
						"1.9167": [-5.40102, -7.02097, "-2.0198+math.sin(q.anim_time*90*2-0)*-1.5"]
					}
				},
				"right_arm2": {
					"rotation": {
						"0.0": [79.79846, "-25.7785687294-math.sin(q.anim_time*90*2-0)*-5", "-24.1969204654-math.sin(q.anim_time*90*2-0)*-5"],
						"1.9167": [-8.30437, -24.44393, "51.4857+math.sin(q.anim_time*90*2-0)*-5"]
					}
				},
				"tail": {
					"rotation": {
						"0.0": ["math.sin(q.anim_time*60*2-80)*3", -35, 0],
						"0.25": ["-0.2533+math.sin(q.anim_time*60*2-80)*3", 42.45003, -3.04142],
						"0.5": ["math.sin(q.anim_time*60*2-80)*3", -35, 0],
						"0.75": ["-0.2533+math.sin(q.anim_time*60*2-80)*3", 42.45003, -3.04142],
						"1.125": ["math.sin(q.anim_time*60*2-80)*3", 0, -3.04],
						"1.5417": ["-15+math.sin(q.anim_time*60*2-80)*3", 0, -3.04],
						"1.5833": ["-25+math.sin(q.anim_time*60*2-80)*3", 0, -3.04],
						"1.625": ["-42.5+math.sin(q.anim_time*60*2-80)*3", 0, -3.04],
						"1.7917": ["-67.5+math.sin(q.anim_time*60*2-80)*3", 0, -3.04]
					},
					"position": {
						"0.0": [0, 0, 0],
						"1.7917": [0, 0, -1]
					}
				},
				"tail2": {
					"rotation": {
						"0.0": ["-6.2069209863+math.sin(q.anim_time*60*2-80)*3", -27.1178, 7.92074],
						"0.25": ["-5.3844+math.sin(q.anim_time*60*2-80)*3", 10.03529, 2.67467],
						"0.5": ["-6.2069209863+math.sin(q.anim_time*60*2-80)*3", -27.1178, 7.92074],
						"1.125": ["-5+math.sin(q.anim_time*60*2-80)*3", 0, 0],
						"1.5833": ["-15+math.sin(q.anim_time*60*2-80)*3", 0, 0],
						"1.625": ["5+math.sin(q.anim_time*60*2-80)*3", 0, 0],
						"2.1667": ["-27.5+math.sin(q.anim_time*60*2-80)*3", 0, 0],
						"2.25": ["-17.5+math.sin(q.anim_time*60*2-80)*3", 0, 0]
					}
				},
				"tail3": {
					"rotation": {
						"0.0": ["20+math.sin(q.anim_time*60*2-160)*6", 0, 0],
						"0.25": ["22.2442+math.sin(q.anim_time*60*2-160)*6", 28.81866, 8.7187],
						"0.5": ["20+math.sin(q.anim_time*60*2-160)*6", 0, 0],
						"0.75": ["22.2442+math.sin(q.anim_time*60*2-160)*6", 28.81866, 8.7187],
						"1.125": ["30+math.sin(q.anim_time*60*2-160)*6", 0, 0],
						"1.5833": ["-22.5+math.sin(q.anim_time*60*2-160)*6", 0, 0],
						"1.625": ["25+math.sin(q.anim_time*60*2-160)*6", 0, 0],
						"2.0417": ["-2.5+math.sin(q.anim_time*60*2-160)*6", 0, 0]
					}
				},
				"right_thigh": {
					"rotation": {
						"0.0": [-40, 20, 0],
						"0.125": [-67.5, 20, 0],
						"0.375": [-20, 20, 0],
						"0.5417": [-120, 20, 0],
						"0.75": [35, 20, 0],
						"1.125": [-70, 20, 0],
						"1.2917": [2.49988, 18.75006, 0],
						"1.9167": [0, 0, 0]
					},
					"position": {
						"0.0": [0, 0.2, -2],
						"0.0833": [0, 0.2, -0.89],
						"0.75": [0, 0.2, 1],
						"1.9167": [0, 0, 0]
					}
				},
				"right_leg": {
					"rotation": {
						"0.0": [30, 0, 0],
						"0.1667": [62.5, 0, 0],
						"0.3333": [30, 0, 0],
						"0.75": [30, 0, 0],
						"1.2917": [-5.36, 0, 0],
						"1.625": [62.5, 0, 0],
						"1.9167": [0, 0, 0]
					},
					"position": {
						"0.75": [0, 0, 0.5],
						"1.2917": [0, 0, 0.29],
						"1.9167": [0, 0, 0]
					}
				},
				"right_feet": {
					"rotation": {
						"0.5": [7.4816, -0.6483, -2.4195],
						"0.75": [22.4816, -0.6483, -2.4195],
						"1.25": [2.1, -0.65, -2.42],
						"1.9167": [0, 0, 0]
					}
				},
				"left_thigh": {
					"rotation": {
						"0.0": [-51.88, -19.69, 0],
						"0.125": [2.49988, -18.75006, 0],
						"0.375": [-91.00007, -11.25004, 0],
						"0.5417": [-23.61115, -6.25002, 0],
						"0.75": [-47.5, 0, 0],
						"1.1667": [-40, -20, 0],
						"1.2917": [-67.5, -20, 0],
						"1.5417": [-20, -20, 0],
						"1.7083": [-22.5, -20, 0],
						"1.7917": [-36.5, -20, 0],
						"1.9167": [12.5, -20, 0],
						"2.25": [2.5, -20, 0]
					},
					"position": {
						"0.0": [0, 0.13, -2.64],
						"0.0833": [0, 0.12, -0.35],
						"0.75": [0, 0, 0],
						"1.1667": [0, 0.2, 0],
						"1.9167": [0, 0.2, -1]
					}
				},
				"left_leg": {
					"rotation": {
						"0.0": [2.8, 0, 0],
						"0.125": [-5.36, 0, 0],
						"0.4583": [62.5, 0, 0],
						"0.75": [0, 0, 0],
						"1.1667": [30, 0, 0],
						"1.3333": [62.5, 0, 0],
						"1.4583": [30, 0, 0],
						"1.625": [62.5, 0, 0],
						"1.7083": [30, 0, 0]
					},
					"position": {
						"0.0": [0, 0, 0.34],
						"0.75": [0, 0, 0],
						"1.1667": [0, 0, 0.5]
					}
				},
				"left_feet": {
					"rotation": {
						"0.0": [5.5, 0.65, 2.42],
						"0.0833": [2.1, 0.65, 2.42],
						"0.75": [0, 0, 0],
						"1.1667": [7.4816, 0.6483, 2.4195],
						"1.6667": [7.4816, 0.6483, 2.4195],
						"1.9167": [22.4816, 0.6483, 2.4195]
					}
				},
				"left_arm": {
					"rotation": {
						"0.0": [-2.89633, 38.52141, "23.2161-math.sin(q.anim_time*90*2-0)*-1.5"],
						"1.9167": [-5.40102, 7.02097, "2.0198+math.sin(q.anim_time*90*2-0)*-1.5"]
					}
				},
				"left_arm2": {
					"rotation": {
						"0.0": [79.79846, "25.7786-math.sin(q.anim_time*90*2-0)*-5", "24.1969-math.sin(q.anim_time*90*2-0)*-5"],
						"1.9167": [-8.30437, 24.44393, "-51.4857+math.sin(q.anim_time*90*2-0)*-5"]
					}
				}
			}
		},
		"animation.panpour.status": {
			"animation_length": 1.7083,
			"bones": {
				"body": {
					"rotation": [7.5, 0, 0]
				},
				"torso": {
					"rotation": ["20+math.sin(q.anim_time*90*2-0)*-1.5", 0, "math.sin(q.anim_time*90*1-90)*-2.8405"]
				},
				"head": {
					"rotation": [-15, 0, 0]
				},
				"left_ear": {
					"rotation": [0, -20, 0]
				},
				"right_ear": {
					"rotation": [0, 20, 0]
				},
				"open": {
					"position": {
						"0.625": [0, 0, 0],
						"0.6667": [0, 0, -1],
						"1.0417": [0, 0, -1],
						"1.0833": [0, 0, 0],
						"1.125": [0, 0, -1],
						"1.4583": [0, 0, -1],
						"1.5": [0, 0, 0]
					}
				},
				"right_arm": {
					"rotation": {
						"0.0": [-2.89633, -38.52141, "-23.2161099519-math.sin(q.anim_time*90*2-0)*-1.5"],
						"0.5833": [-19.42141, -83.17194, "-5.727-math.sin(q.anim_time*90*2-0)*-1.5"],
						"1.4583": [-19.42141, -83.17194, "-5.727-math.sin(q.anim_time*90*2-0)*-1.5"],
						"1.7083": [-2.89633, -38.52141, "-23.2161099519-math.sin(q.anim_time*90*2-0)*-1.5"]
					}
				},
				"right_arm2": {
					"rotation": {
						"0.0": [79.79846, 0, "0-math.sin(q.anim_time*90*2-0)*-5"],
						"0.5833": [80.73687, 4.29263, "24.6521-math.sin(q.anim_time*90*2-0)*-5"],
						"1.4583": [80.73687, 4.29263, "24.6521-math.sin(q.anim_time*90*2-0)*-5"],
						"1.7083": [79.79846, 0, "0-math.sin(q.anim_time*90*2-0)*-5"]
					}
				},
				"right_hand": {
					"rotation": {
						"0.0": [0, 0, 0],
						"0.5833": [0, 65, 0],
						"1.4583": [0, 65, 0],
						"1.7083": [0, 0, 0]
					},
					"position": {
						"0.0": [0, 0, 0],
						"0.5833": [0, 0, 1],
						"1.4583": [0, 0, 1],
						"1.7083": [0, 0, 0]
					}
				},
				"tail": {
					"rotation": ["math.sin(q.anim_time*60*2-80)*3", -35, 0]
				},
				"tail2": {
					"rotation": ["-6.2069209863+math.sin(q.anim_time*60*2-80)*3", -27.1178, 7.92074]
				},
				"tail3": {
					"rotation": ["20+math.sin(q.anim_time*60*2-160)*6", 0, 0]
				},
				"right_thigh": {
					"rotation": ["-40+math.sin(q.anim_time*90*2)*2", 20, 0],
					"position": [0, 0.2, -2]
				},
				"right_leg": {
					"rotation": ["30+math.sin(q.anim_time*90*2)*-3", 0, 0],
					"position": [0, 0, 0.5]
				},
				"right_feet": {
					"rotation": ["7.4816+math.sin(q.anim_time*90*2)*-1.5", -0.6483, -2.4195]
				},
				"left_arm": {
					"rotation": {
						"0.0": [-2.89633, 38.52141, "23.2161-math.sin(q.anim_time*90*2-0)*-1.5"],
						"0.5833": [-19.42141, 83.17194, "5.727-math.sin(q.anim_time*90*2-0)*-1.5"],
						"1.4583": [-19.42141, 83.17194, "5.727-math.sin(q.anim_time*90*2-0)*-1.5"],
						"1.7083": [-2.89633, 38.52141, "23.2161-math.sin(q.anim_time*90*2-0)*-1.5"]
					}
				},
				"left_arm2": {
					"rotation": {
						"0.0": [79.79846, 0, "0-math.sin(q.anim_time*90*2-0)*-5"],
						"0.5833": [80.73687, -4.29263, "-24.6521-math.sin(q.anim_time*90*2-0)*-5"],
						"1.4583": [80.73687, -4.29263, "-24.6521-math.sin(q.anim_time*90*2-0)*-5"],
						"1.7083": [79.79846, 0, "0-math.sin(q.anim_time*90*2-0)*-5"]
					}
				},
				"left_hand": {
					"rotation": {
						"0.0": [0, 0, 0],
						"0.5833": [0, -65, 0],
						"1.4583": [0, -65, 0],
						"1.7083": [0, 0, 0]
					},
					"position": {
						"0.0": [0, 0, 0],
						"0.5833": [0, 0, 1],
						"1.4583": [0, 0, 1],
						"1.7083": [0, 0, 0]
					}
				},
				"left_thigh": {
					"rotation": ["-40+math.sin(q.anim_time*90*2)*2", -20, 0],
					"position": [0, 0.2, -2]
				},
				"left_leg": {
					"rotation": ["30+math.sin(q.anim_time*90*2)*-3", 0, 0],
					"position": [0, 0, 0.5]
				},
				"left_feet": {
					"rotation": ["7.4816+math.sin(q.anim_time*90*2)*-1.5", 0.6483, 2.4195]
				}
			}
		},
		"animation.panpour.battle_idle": {
			"loop": true,
			"bones": {
				"body": {
					"rotation": [7.5, 0, 0]
				},
				"torso": {
					"rotation": ["20+math.sin(q.anim_time*90*2-0)*-1.5", 0, "math.sin(q.anim_time*90*1-90)*-2.8405"]
				},
				"head": {
					"rotation": [-15, 0, 0]
				},
				"left_ear": {
					"rotation": [0, -20, 0]
				},
				"right_ear": {
					"rotation": [0, 20, 0]
				},
				"right_arm": {
					"rotation": [-2.89633, -38.52141, "-23.2161099519-math.sin(q.anim_time*90*2-0)*-1.5"]
				},
				"right_arm2": {
					"rotation": [79.79846, 0, "0-math.sin(q.anim_time*90*2-0)*-5"]
				},
				"tail": {
					"rotation": ["math.sin(q.anim_time*60*2-80)*3", -35, 0]
				},
				"tail2": {
					"rotation": ["-6.2069209863+math.sin(q.anim_time*60*2-80)*3", -27.1178, 7.92074]
				},
				"tail3": {
					"rotation": ["20+math.sin(q.anim_time*60*2-160)*6", 0, 0]
				},
				"right_thigh": {
					"rotation": ["-40+math.sin(q.anim_time*90*2)*2", 20, 0],
					"position": [0, 0.2, -2]
				},
				"right_leg": {
					"rotation": ["30+math.sin(q.anim_time*90*2)*-3", 0, 0],
					"position": [0, 0, 0.5]
				},
				"right_feet": {
					"rotation": ["7.4816+math.sin(q.anim_time*90*2)*-1.5", -0.6483, -2.4195]
				},
				"left_arm": {
					"rotation": [-2.89633, 38.52141, "23.2161+math.sin(q.anim_time*90*2-0)*-1.5"]
				},
				"left_arm2": {
					"rotation": [79.79846, 0, "math.sin(q.anim_time*90*2-0)*-5"]
				},
				"left_thigh": {
					"rotation": ["-40+math.sin(q.anim_time*90*2)*2", -20, 0],
					"position": [0, 0.2, -2]
				},
				"left_leg": {
					"rotation": ["30+math.sin(q.anim_time*90*2)*-3", 0, 0],
					"position": [0, 0, 0.5]
				},
				"left_feet": {
					"rotation": ["7.4816+math.sin(q.anim_time*90*2)*-1.5", 0.6483, 2.4195]
				}
			}
		},
		"animation.panpour.ground_walk": {
			"loop": true,
			"animation_length": 1,
			"bones": {
				"pansage": {
					"position": [0, 0, "0+math.sin(q.anim_time*90*8+210)*0.2"]
				},
				"body": {
					"position": {
						"0.125": {
							"pre": [0, 0, 0],
							"post": [0, 0, 0],
							"lerp_mode": "catmullrom"
						},
						"0.25": {
							"post": [0, -0.25, 0],
							"lerp_mode": "catmullrom"
						},
						"0.375": {
							"post": [0, 0, 0],
							"lerp_mode": "catmullrom"
						},
						"0.625": {
							"post": [0, 0, 0],
							"lerp_mode": "catmullrom"
						},
						"0.75": {
							"post": [0, -0.25, 0],
							"lerp_mode": "catmullrom"
						},
						"0.8333": {
							"post": [0, 0, 0],
							"lerp_mode": "catmullrom"
						}
					}
				},
				"torso": {
					"rotation": ["-2.5+math.sin(q.anim_time*90*8+30)*2", "math.sin(q.anim_time*90*4+90)*10", "math.sin(q.anim_time*90*4+270)*3"],
					"position": [0, "0+math.sin(q.anim_time*90*8+130)*0.3", 0]
				},
				"head": {
					"rotation": ["2.5+math.sin(q.anim_time*90*8-60)*1.5", "0+math.sin(q.anim_time*90*4+0)*5", "0+math.sin(q.anim_time*90*4+0+180)*3"]
				},
				"right_arm": {
					"rotation": [10.08453, "7.3854+math.sin(q.anim_time*90*4-90)*25", "-48.6904+math.sin(q.anim_time*90*4+0)*2.5"]
				},
				"right_arm2": {
					"rotation": [105, "-42.5+math.sin(q.anim_time*90*4-120)*20", 0]
				},
				"right_hand": {
					"rotation": [0, "62.5+math.sin(q.anim_time*90*4-150)*2.5", "-22.5+math.sin(q.anim_time*90*4-150)*5"],
					"position": [0.1, -0.34, 0.85]
				},
				"tail": {
					"rotation": ["-17.5+math.sin(q.anim_time*90*8-35)*4", "math.sin(q.anim_time*90*4+30)*14", 0]
				},
				"tail2": {
					"rotation": ["27.5+math.sin(q.anim_time*90*8-65)*4", "math.sin(q.anim_time*90*4+0)*16", 0]
				},
				"tail3": {
					"rotation": ["50+math.sin(q.anim_time*90*8-95)*4", "math.sin(q.anim_time*90*4-30)*18", 0]
				},
				"right_thigh": {
					"rotation": {
						"0.0": {
							"post": [36.50677, 8.43184, 4.42536],
							"lerp_mode": "catmullrom"
						},
						"0.1667": {
							"post": [24.86042, 8.76111, 3.97209],
							"lerp_mode": "catmullrom"
						},
						"0.5": {
							"post": [-61.31845, 9.91358, 2.38565],
							"lerp_mode": "catmullrom"
						},
						"0.75": {
							"post": [1.18155, 9.91358, 2.38565],
							"lerp_mode": "catmullrom"
						},
						"1.0": {
							"post": [36.50677, 8.43184, 4.42536],
							"lerp_mode": "catmullrom"
						}
					},
					"position": {
						"0.0": {
							"post": [0, 0.5, 1],
							"lerp_mode": "catmullrom"
						},
						"0.25": {
							"post": [0, 0.75, 0.13],
							"lerp_mode": "catmullrom"
						},
						"0.5": {
							"post": [0, 0, -0.75],
							"lerp_mode": "catmullrom"
						},
						"0.75": {
							"post": [0, 0, 0],
							"lerp_mode": "catmullrom"
						},
						"0.875": {
							"post": [0, 0.75, 0.5],
							"lerp_mode": "catmullrom"
						},
						"1.0": {
							"post": [0, 0.5, 1],
							"lerp_mode": "catmullrom"
						}
					}
				},
				"right_leg": {
					"rotation": {
						"0.0": {
							"post": [15, 0, 0],
							"lerp_mode": "catmullrom"
						},
						"0.1667": {
							"post": [55, 0, 0],
							"lerp_mode": "catmullrom"
						},
						"0.3333": {
							"post": [92.5, 0, 0],
							"lerp_mode": "catmullrom"
						},
						"0.5": {
							"post": [47.5, 0, 0],
							"lerp_mode": "catmullrom"
						},
						"0.75": {
							"post": [0, 0, 0],
							"lerp_mode": "catmullrom"
						},
						"1.0": {
							"post": [15, 0, 0],
							"lerp_mode": "catmullrom"
						}
					}
				},
				"right_feet": {
					"rotation": {
						"0.0": {
							"post": [-30.4165, -7.26605, 3.29302],
							"lerp_mode": "catmullrom"
						},
						"0.25": {
							"post": [-0.4165, -7.26605, 3.29302],
							"lerp_mode": "catmullrom"
						},
						"0.5": {
							"post": [24.37394, -0.4385, 6.40588],
							"lerp_mode": "catmullrom"
						},
						"0.6667": {
							"post": [11.9438, -2.71435, 5.36826],
							"lerp_mode": "catmullrom"
						},
						"0.8333": {
							"post": [-35.48635, -4.9902, 4.33064],
							"lerp_mode": "catmullrom"
						},
						"1.0": {
							"post": [-30.4165, -7.26605, 3.29302],
							"lerp_mode": "catmullrom"
						}
					}
				},
				"right_finger": {
					"position": [-0.75, -0.5, 0]
				},
				"left_arm": {
					"rotation": [10.08, "-7.3854+math.sin(q.anim_time*90*4-90)*25", "48.6904+math.sin(q.anim_time*90*4+0)*2.5"]
				},
				"left_arm2": {
					"rotation": [105, "42.5+math.sin(q.anim_time*90*4-120)*20", 0]
				},
				"left_hand": {
					"rotation": [0, "-62.5+math.sin(q.anim_time*90*4-150)*2.5", "22.5+math.sin(q.anim_time*90*4-150)*5"],
					"position": [-0.1, -0.34, 0.85]
				},
				"left_finger": {
					"position": [0.75, -0.5, 0]
				},
				"left_thigh": {
					"rotation": {
						"0.0": {
							"post": [-61.31845, -9.91358, -2.38565],
							"lerp_mode": "catmullrom"
						},
						"0.25": {
							"post": [1.18155, -9.91358, -2.38565],
							"lerp_mode": "catmullrom"
						},
						"0.5": {
							"post": [36.50677, -8.43184, -4.42536],
							"lerp_mode": "catmullrom"
						},
						"0.6667": {
							"post": [24.86042, -8.76111, -3.97209],
							"lerp_mode": "catmullrom"
						},
						"1.0": {
							"post": [-61.31845, -9.91358, -2.38565],
							"lerp_mode": "catmullrom"
						}
					},
					"position": {
						"0.0": {
							"post": [0, 0, -0.75],
							"lerp_mode": "catmullrom"
						},
						"0.25": {
							"post": [0, 0, 0],
							"lerp_mode": "catmullrom"
						},
						"0.375": {
							"post": [0, 0.75, 0.5],
							"lerp_mode": "catmullrom"
						},
						"0.5": {
							"post": [0, 0.5, 1],
							"lerp_mode": "catmullrom"
						},
						"0.75": {
							"post": [0, 0.75, 0.13],
							"lerp_mode": "catmullrom"
						},
						"1.0": {
							"post": [0, 0, -0.75],
							"lerp_mode": "catmullrom"
						}
					}
				},
				"left_leg": {
					"rotation": {
						"0.0": {
							"post": [47.5, 0, 0],
							"lerp_mode": "catmullrom"
						},
						"0.25": {
							"post": [0, 0, 0],
							"lerp_mode": "catmullrom"
						},
						"0.5": {
							"post": [15, 0, 0],
							"lerp_mode": "catmullrom"
						},
						"0.6667": {
							"post": [55, 0, 0],
							"lerp_mode": "catmullrom"
						},
						"0.8333": {
							"post": [92.5, 0, 0],
							"lerp_mode": "catmullrom"
						},
						"1.0": {
							"post": [47.5, 0, 0],
							"lerp_mode": "catmullrom"
						}
					}
				},
				"left_feet": {
					"rotation": {
						"0.0": {
							"post": [24.37394, 0.4385, -6.40588],
							"lerp_mode": "catmullrom"
						},
						"0.1667": {
							"post": [11.9438, 2.71435, -5.36826],
							"lerp_mode": "catmullrom"
						},
						"0.3333": {
							"post": [-35.48635, 4.9902, -4.33064],
							"lerp_mode": "catmullrom"
						},
						"0.5": {
							"post": [-30.4165, 7.26605, -3.29302],
							"lerp_mode": "catmullrom"
						},
						"0.75": {
							"post": [-0.4165, 7.26605, -3.29302],
							"lerp_mode": "catmullrom"
						},
						"1.0": {
							"post": [24.37394, 0.4385, -6.40588],
							"lerp_mode": "catmullrom"
						}
					}
				}
			}
		},
		"animation.panpour.ground_idle": {
			"loop": true,
			"bones": {
				"head": {
					"rotation": ["-7.5-math.sin(q.anim_time*90*2+20)*-2", 0, "math.sin(q.anim_time*90*1-20+180)*-1"]
				},
				"left_ear": {
					"rotation": [0, -20, 0]
				},
				"right_ear": {
					"rotation": [0, 20, 0]
				},
				"right_arm": {
					"rotation": [0, 0, "-32.5+math.sin(q.anim_time*90*2-10)*6"]
				},
				"right_arm2": {
					"rotation": [92.5, 0, "math.sin(q.anim_time*90*2-70)*4"]
				},
				"tail": {
					"rotation": ["-10+math.sin(q.anim_time*90*2)*4", "0+math.sin(q.anim_time*45*2)*20", 0]
				},
				"tail2": {
					"rotation": ["22.5+math.sin(q.anim_time*90*2)*5", "0+math.sin(q.anim_time*45*2)*22", 0]
				},
				"tail3": {
					"rotation": ["17.5+math.sin(q.anim_time*90*2)*6", "0+math.sin(q.anim_time*45*2)*24", 0]
				},
				"right_thigh": {
					"rotation": [0, 15, 0]
				},
				"right_hand": {
					"rotation": [0, 65, 0],
					"position": [0, 0, 0.6]
				},
				"right_finger": {
					"position": [-0.6, -0.4, 0]
				},
				"torso": {
					"position": [0, "0-math.sin(q.anim_time*90*2)*0.3", 0]
				},
				"left_arm": {
					"rotation": [0, 0, "32.5-math.sin(q.anim_time*90*2-10)*6"]
				},
				"left_arm2": {
					"rotation": [92.5, 0, "-(math.sin(q.anim_time*90*2-70)*4)"]
				},
				"left_hand": {
					"rotation": [0, -65, 0],
					"position": [0, 0, 0.6]
				},
				"left_finger": {
					"position": [0.6, -0.4, 0]
				}
			}
		},
		"animation.panpour.sleep": {
			"loop": true,
			"bones": {
				"body": {
					"rotation": [-77.5, 0, 0]
				},
				"torso": {
					"rotation": [0, "math.sin(q.anim_time*90*2-0)*-0.5", 0]
				},
				"head": {
					"rotation": ["-10+math.sin(q.anim_time*90*1-90)*-1", 0, 0]
				},
				"right_ear": {
					"rotation": ["1-math.sin(q.anim_time*90*1-90)*-1", -12.5, 0]
				},
				"eye": {
					"position": [0, 0, 1]
				},
				"sleepy": {
					"position": [0, 0, -2]
				},
				"right_arm": {
					"rotation": [-42.60882, 3.68425, -33.38262],
					"position": [0.25, 0, 0]
				},
				"right_arm2": {
					"rotation": [182.21783, -1.15408, -152.52234],
					"position": [-0.25, 0, 0]
				},
				"tail": {
					"rotation": [-104.94548, 1.29256, 4.83045]
				},
				"tail2": {
					"rotation": [0, 22.5, 0]
				},
				"tail3": {
					"rotation": ["-1.7284-math.sin(q.anim_time*90*1-90)*-1", 24.92168, -3.62674]
				},
				"right_thigh": {
					"rotation": [-13.4936, 21.93857, -5.123]
				},
				"right_hand": {
					"rotation": [0, 25, 0],
					"position": [0, 0, 0.35]
				},
				"left_arm": {
					"rotation": [0, 0, 20]
				},
				"left_arm2": {
					"rotation": [0, 0, -37.5]
				}
			}
		},
		"animation.panpour.blink": {
			"animation_length": 0.2917,
			"bones": {
				"happy": {
					"position": {
						"0.0": [0, 0, 0],
						"0.0417": [0, 0, 1],
						"0.2083": [0, 0, 1],
						"0.25": [0, 0, 0]
					}
				},
				"left_eye": {
					"position": {
						"0.0": [0, 0, 0],
						"0.0417": [0, 0, -1],
						"0.2083": [0, 0, -1],
						"0.25": [0, 0, 0]
					}
				},
				"right_eye": {
					"position": {
						"0.0": [0, 0, 0],
						"0.0417": [0, 0, -1],
						"0.2083": [0, 0, -1],
						"0.25": [0, 0, 0]
					}
				}
			}
		}
	}
}