{
  "format_version": "1.8.0",
  "animations": {
    "animation.muk_alolan.ground_idle": {
      "loop": true,
      "bones": {
        "arm_right": {
          "rotation": [45, 0, -15.5]
        },
        "arm_right2": {
          "rotation": [22.5, 0, 0]
        },
        "arm_right3": {
          "rotation": [22.5, 0, 0]
        },
        "hand_right": {
          "rotation": [22.5, 0, 0]
        },
        "arm_left": {
          "rotation": [0, 0, 15.5]
        },
        "arm_left3": {
          "rotation": [22.5, 0, 0]
        },
        "hand_left": {
          "rotation": [45, 0, 0]
        }
      }
    },
    "animation.muk_alolan.blink": {
      "animation_length": 0.1667,
      "bones": {
        "eyelid_right": {
          "position": {
            "0.0": [-0.1, 0, -0.1],
            "0.125": [-0.1, 0, -0.1],
            "0.1667": [0, 0, 0]
          }
        },
        "eyelid_left": {
          "position": {
            "0.0": [0.1, 0, -0.1],
            "0.125": [0.1, 0, -0.1],
            "0.1667": [0, 0, 0]
          }
        }
      }
    }
  }
}
