{
	"format_version": "1.8.0",
	"animations": {
		"animation.bulkup.actor": {
			"animation_length": 2,
			"bones": {
				"root_part": {
					"scale": {
						"0.0": {
							"post": [1, 1, 1],
							"lerp_mode": "catmullrom"
						},
						"0.2917": {
							"post": [1.25, 1.25, 1.25],
							"lerp_mode": "catmullrom"
						},
						"0.5417": {
							"post": [1.1, 1.1, 1.1],
							"lerp_mode": "catmullrom"
						},
						"0.7917": {
							"post": [1.5, 1.5, 1.5],
							"lerp_mode": "catmullrom"
						},
						"1.0417": {
							"post": [1.3, 1.3, 1.3],
							"lerp_mode": "catmullrom"
						},
						"1.2917": {
							"post": [1.75, 1.75, 1.75],
							"lerp_mode": "catmullrom"
						},
						"1.75": {
							"post": [1.75, 1.75, 1.75],
							"lerp_mode": "catmullrom"
						},
						"2.0": {
							"post": [1, 1, 1],
							"lerp_mode": "catmullrom"
						}
					}
				}
			},
			"particle_effects": {
				"0.9167": {
					"effect": "cobblemon:bulkup_actor",
					"locator": "root"
				}
			}
		}
	}
}