{
	"format_version": "1.8.0",
	"animations": {
		"animation.rhydon.ground_idle": {
			"loop": true,
			"bones": {
				"torso": {
					"rotation": [-2.5, 0, 0]
				},
				"upper_torso": {
					"rotation": [5, 0, 0]
				},
				"head_angle": {
					"rotation": [5, 0, 0]
				},
				"jaw": {
					"rotation": [0, 0, 0]
				},
				"left_shoulder": {
					"rotation": [8.88163, 21.93588, 25.70343]
				},
				"left_upper_arm": {
					"rotation": [4.6379, 3.12174, 5.23562]
				},
				"left_lower_arm": {
					"rotation": [0, 32.5, 0]
				},
				"left_upper_leg": {
					"rotation": [0, 0, 0]
				},
				"left_lower_leg": {
					"rotation": [0, 0, 0]
				},
				"tail": {
					"rotation": [-10, 0, 0]
				},
				"tail2": {
					"rotation": [10, 0, 0]
				},
				"tail3": {
					"rotation": [12.5, 0, 0]
				},
				"right_upper_leg": {
					"rotation": [0, 0, 0]
				},
				"right_shoulder": {
					"rotation": [8.88163, -21.93588, -25.70343]
				},
				"right_upper_arm": {
					"rotation": [4.6379, -3.12174, -5.23562]
				},
				"right_lower_arm": {
					"rotation": [0, -32.5, 0]
				},
				"tail4": {
					"rotation": [15, 0, 0]
				}
			}
		},
		"animation.rhydon.pose": {
			"loop": true,
			"bones": {
				"torso": {
					"rotation": [0, -10, 0]
				},
				"upper_torso": {
					"rotation": [-5, -5, 0]
				},
				"head_angle": {
					"rotation": [-2.67995, 12.39135, -1.6575]
				},
				"jaw": {
					"rotation": [32.5, 0, 0]
				},
				"left_shoulder": {
					"rotation": [0, -7.5, 25]
				},
				"left_upper_arm": {
					"rotation": [0, -5, 2.5]
				},
				"left_lower_arm": {
					"rotation": [5.43327, 47.2626, 7.37872]
				},
				"right_shoulder": {
					"rotation": [-7.84797, -12.10493, -16.95446]
				},
				"right_upper_arm": {
					"rotation": [0, -7.5, 0]
				},
				"right_lower_arm": {
					"rotation": [-5, -37.5, 0]
				},
				"tail": {
					"rotation": [-10.26886, -2.30239, 4.21882]
				},
				"tail2": {
					"rotation": [10.52027, -11.84189, -2.4673]
				},
				"tail3": {
					"rotation": [13.4952, -21.93762, -2.63136]
				},
				"tail4": {
					"rotation": [15, -20, 0]
				},
				"left_upper_leg": {
					"rotation": [5, -12.5, 0],
					"position": [1, 0, 0]
				},
				"left_lower_leg": {
					"rotation": [2.5, 0, 0]
				},
				"left_foot": {
					"rotation": [-7.5, 0, 0]
				},
				"right_upper_leg": {
					"rotation": [-7.5, 0, 0],
					"position": [0, 0, -2]
				},
				"right_lower_leg": {
					"rotation": [-5, 0, 0]
				},
				"right_foot": {
					"rotation": [12.5, 0, 0]
				},
				"backspike4": {
					"rotation": [-0.44192, -9.98078, 5.05766]
				},
				"backspike2": {
					"rotation": [2.5, 0, 0]
				},
				"backspike3": {
					"rotation": [0, 2.5, 2.5]
				},
				"backspike": {
					"rotation": [-5, 0, 0]
				},
				"horn": {
					"rotation": [0, 0, 0]
				},
				"horn_rotation": {
					"rotation": [0, 0, "0*1-q.anim_time*90*8"]
				}
			}
		},
		"animation.rhydon.blink": {
			"animation_length": 0.1667,
			"bones": {
				"left_eyelid": {
					"position": {
						"0.0": [0.1, 0, 0],
						"0.125": {"pre": [0.1, 0, 0], "post": [0.1, 0, 0]},
						"0.1667": {"pre": [0.1, 0, 0], "post": [0, 0, 0]}
					}
				},
				"right_eyelid": {
					"position": {
						"0.0": [-0.1, 0, 0],
						"0.125": {"pre": [-0.1, 0, 0], "post": [-0.1, 0, 0]},
						"0.1667": {"pre": [-0.1, 0, 0], "post": [0, 0, 0]}
					}
				}
			}
		},
		"animation.rhydon.expressions": {
			"loop": true,
			"animation_length": 1.25,
			"bones": {
				"left_eyebrow": {
					"rotation": {
						"0.0": [-15, 0, 0],
						"0.25": {"pre": [-15, 0, 0], "post": [-27.5, 0, 0]},
						"0.5": {"pre": [-27.5, 0, 0], "post": [10, 0, 0]},
						"0.75": {"pre": [10, 0, 0], "post": [-30, 0, 0]},
						"1.0": {"pre": [-30, 0, 0], "post": [5, 0, 0]}
					},
					"position": {
						"0.0": [0, 0.75, 0],
						"0.25": {"pre": [0, 0.75, 0], "post": [0, 0.65, 0]},
						"0.5": {"pre": [0, 0.65, 0], "post": [0, -0.25, -0.25]},
						"0.75": {"pre": [0, -0.25, -0.25], "post": [0, -0.5, 0]},
						"1.0": {"pre": [0, -0.5, 0], "post": [0, -0.5, 0]}
					}
				},
				"right_eyebrow": {
					"rotation": {
						"0.0": [-15, 0, 0],
						"0.25": {"pre": [-15, 0, 0], "post": [-27.5, 0, 0]},
						"0.5": {"pre": [-27.5, 0, 0], "post": [10, 0, 0]},
						"0.75": {"pre": [10, 0, 0], "post": [-30, 0, 0]},
						"1.0": {"pre": [-30, 0, 0], "post": [5, 0, 0]}
					},
					"position": {
						"0.0": [0, 0.75, 0],
						"0.25": {"pre": [0, 0.75, 0], "post": [0, 0.65, 0]},
						"0.5": {"pre": [0, 0.65, 0], "post": [0, -0.25, -0.25]},
						"0.75": {"pre": [0, -0.25, -0.25], "post": [0, -0.5, 0]},
						"1.0": {"pre": [0, -0.5, 0], "post": [0, -0.5, 0]}
					}
				},
				"jaw": {
					"rotation": {
						"0.0": [40, 0, 0],
						"0.25": {"pre": [40, 0, 0], "post": [40, 0, 0]},
						"0.5": {"pre": [40, 0, 0], "post": [0, 0, 0]},
						"0.75": {"pre": [0, 0, 0], "post": [0, 0, 0]},
						"1.0": {"pre": [0, 0, 0], "post": [0, 0, 0]}
					}
				},
				"left_eye": {
					"position": {
						"0.0": [0, 0, 0],
						"0.25": [0, 0, 0]
					}
				},
				"left_eyelid": {
					"position": {
						"0.0": [0, 0, 0],
						"1.0": {"pre": [0, 0, 0], "post": [0.1, 0, 0]}
					}
				},
				"left_eyelid_angry": {
					"position": {
						"0.0": [0, 0, 0],
						"0.5": {"pre": [0, 0, 0], "post": [0.1, 0, 0]},
						"0.75": {"pre": [0.1, 0, 0], "post": [0, 0, 0]}
					}
				},
				"right_eyelid": {
					"rotation": [0, 0, 0],
					"position": {
						"0.0": [0, 0, 0],
						"1.0": {"pre": [0, 0, 0], "post": [-0.1, 0, 0]}
					}
				},
				"right_eye": {
					"position": {
						"0.0": [0, 0, 0],
						"0.25": [0, 0, 0]
					}
				},
				"right_eyelid_angry": {
					"position": {
						"0.0": [0, 0, 0],
						"0.5": {"pre": [0, 0, 0], "post": [-0.1, 0, 0]},
						"0.75": {"pre": [-0.1, 0, 0], "post": [0, 0, 0]}
					}
				},
				"left_eyelid_sad": {
					"position": {
						"0.0": [0, 0, 0],
						"0.75": {"pre": [0, 0, 0], "post": [0.1, 0, 0]},
						"1.0": {"pre": [0.1, 0, 0], "post": [0, 0, 0]}
					}
				},
				"right_eyelid_sad": {
					"position": {
						"0.0": [0, 0, 0],
						"0.75": {"pre": [0, 0, 0], "post": [-0.1, 0, 0]},
						"1.0": {"pre": [-0.1, 0, 0], "post": [0, 0, 0]}
					}
				},
				"left_eyelid_happy": {
					"position": {
						"0.0": [0.1, 0, 0],
						"0.25": {"pre": [0.1, 0, 0], "post": [0, 0, 0]},
						"0.5": {"pre": [0, 0, 0], "post": [0, 0, 0]},
						"0.75": {"pre": [0, 0, 0], "post": [0, 0, 0]},
						"1.0": {"pre": [0, 0, 0], "post": [0, 0, 0]}
					}
				},
				"right_eyelid_happy": {
					"position": {
						"0.0": [-0.1, 0, 0],
						"0.25": {"pre": [-0.1, 0, 0], "post": [0, 0, 0]},
						"0.5": {"pre": [0, 0, 0], "post": [0, 0, 0]},
						"0.75": {"pre": [0, 0, 0], "post": [0, 0, 0]},
						"1.0": {"pre": [0, 0, 0], "post": [0, 0, 0]}
					}
				},
				"right_pupil": {
					"position": {
						"0.0": [0, 0, 0],
						"0.25": {"pre": [0, 0, 0], "post": [0, 0, 0]},
						"0.5": {"pre": [0, 0, 0], "post": [0, 0, 0]}
					},
					"scale": {
						"0.0": [1, 1, 1],
						"0.25": {"pre": [1, 1, 1], "post": [1, 0.7, 0.7]},
						"0.5": {"pre": [1, 0.7, 0.7], "post": [1, 1, 1]},
						"0.75": {"pre": [1, 1, 1], "post": [1, 1, 1]},
						"1.0": {"pre": [1, 1, 1], "post": [1, 1, 1]}
					}
				},
				"left_pupil": {
					"position": {
						"0.0": [0, 0, 0],
						"0.25": {"pre": [0, 0, 0], "post": [0, 0, -0.25]},
						"0.5": {"pre": [0, 0, -0.25], "post": [0, 0, 0]}
					},
					"scale": {
						"0.0": [1, 1, 1],
						"0.25": {"pre": [1, 1, 1], "post": [1, 0.7, 0.7]},
						"0.5": {"pre": [1, 0.7, 0.7], "post": [1, 1, 1]},
						"0.75": {"pre": [1, 1, 1], "post": [1, 1, 1]},
						"1.0": {"pre": [1, 1, 1], "post": [1, 1, 1]}
					}
				},
				"head_angle": {
					"rotation": {
						"0.0": [-10, 0, 0],
						"0.25": {"pre": [-10, 0, 0], "post": [-10, 0, 0]},
						"0.5": {"pre": [-10, 0, 0], "post": [0, 0, 0]},
						"0.75": {"pre": [0, 0, 0], "post": [0, 0, 0]},
						"1.0": {"pre": [0, 0, 0], "post": [0, 0, 0]}
					}
				}
			}
		},
		"animation.rhydon.size": {
			"loop": true,
			"bones": {
				"body": {
					"scale": 1.25
				}
			}
		},
		"animation.rhydon.cry": {
			"animation_length": 1.2,
			"sound_effects": {
				"0.04": {
					"effect": "pokemon.rhydon.cry"
				}
			}
		}
	}
}