{
	"format_version": "1.8.0",
	"animations": {
		"animation.corphish.ground_idle": {
			"loop": true,
			"bones": {
				"arm_right": {
					"rotation": [-10.50079, -6.92618, 25.71011],
					"position": [0, 0, 1]
				},
				"hand_right_bottom": {
					"rotation": [0, 0, -25]
				},
				"hand_right0": {
					"rotation": [-8.38081, -17.57476, -3.53267]
				},
				"arm_left": {
					"rotation": [0, 0, -35]
				},
				"hand_left_bottom": {
					"rotation": [0, 0, 35]
				}
			}
		},
		"animation.corphish.blink": {
			"animation_length": 0.1667,
			"bones": {
				"pupil_blink_right": {
					"position": {
						"0.0": [-0.1, 0, 0],
						"0.125": [-0.1, 0, 0],
						"0.1667": [0, 0, 0]
					}
				},
				"pupil_blink_left": {
					"position": {
						"0.0": [-0.1, 0, 0],
						"0.125": [-0.1, 0, 0],
						"0.1667": [0, 0, 0]
					}
				}
			}
		},
		"animation.corphish.embarrassed": {
			"animation_length": 0.1667,
			"bones": {
				"pupil_embarrassed_right": {
					"position": {
						"0.0": [-0.1, 0, 0],
						"0.125": [-0.1, 0, 0],
						"0.1667": [0, 0, 0]
					}
				},
				"pupil_right": {
					"position": {
						"0.0": [0.1, 0, 0],
						"0.0833": [0.1, 0, 0],
						"0.125": [0, 0, 0]
					}
				}
			}
		},
		"animation.corphish.happy": {
			"loop": true,
			"bones": {
				"pupil_embarrassed_right": {
					"rotation": [-90, 0, 0],
					"position": [-0.1, -0.25, 0]
				},
				"pupil_right": {
					"position": [0.1, 0, 0]
				}
			}
		},
		"animation.corphish.sleepy": {
			"loop": true,
			"bones": {
				"eyelid_right": {
					"position": [-0.5, 0, 0]
				}
			}
		},
		"animation.corphish.angry": {
			"loop": true,
			"bones": {
				"eyebrow_blink_right": {
					"rotation": [22.5, 0, 0],
					"position": [-0.1, 0.2, 0]
				}
			}
		},
		"animation.corphish.sad": {
			"loop": true,
			"bones": {
				"eyebrow_blink_right": {
					"rotation": [-22.5, 0, 0],
					"position": [-0.1, -0.2, 0.5]
				}
			}
		},
		"animation.corphish.cry": {
			"animation_length": 1.2,
			"sound_effects": {
				"0.04": {
					"effect": "pokemon.corphish.cry"
				}
			}
		}
	}
}