{
	"format_version": "1.8.0",
	"animations": {
		"animation.wartortle.ground_idle": {
			"loop": true,
			"bones": {
				"tail": {
					"rotation": [0, "8*(math.sin(q.anim_time*90*1.5-90)*1)", "8-8*(math.sin(q.anim_time*90*1.5-60)*1+1)"]
				},
				"arm_left": {
					"rotation": [3.73703, 6.94494, "31.9103-2*math.sin(q.anim_time*90*3)"]
				},
				"arm_right": {
					"rotation": [3.73703, -6.94494, "-31.9103+2*math.sin(q.anim_time*90*3)"]
				},
				"leg_left": {
					"rotation": [-5, -32.5, 0],
					"position": [-0.4, 0.6, -0.5]
				},
				"leg_right": {
					"rotation": [-5, 32.5, 0],
					"position": [0.4, 0.6, -0.5]
				},
				"head_angle": {
					"rotation": ["10.5-math.sin(q.anim_time*90*3-90)*2", "0-1*math.sin(q.anim_time*90*1+60)", 0]
				},
				"torso": {
					"rotation": ["-7.5+math.sin(q.anim_time*90*3-90)*1", "1*math.sin(q.anim_time*90*1)", "0.2*math.cos(q.anim_time*90*1-60)"],
					"position": [0, "0.6-0.15*math.sin(q.anim_time*90*3)*1", -0.8]
				},
				"body2": {
					"position": [0, -1, 0]
				},
				"elbow_right": {
					"rotation": [0, -22.5, 0]
				},
				"knee_right": {
					"rotation": [2.5, 0, 0]
				},
				"knee_right2": {
					"rotation": [2.5, 0, 0]
				},
				"knee_left": {
					"rotation": [2.5, 0, 0]
				},
				"knee_left2": {
					"rotation": [2.5, 0, 0]
				},
				"elbow_left": {
					"rotation": [0, 22.5, 0]
				},
				"tail_bend": {
					"rotation": [0, "-12*(math.sin(q.anim_time*90*1.5-60)*1)+4*(math.sin(q.anim_time*90*1.5/2)*1)", 0]
				},
				"ear_right": {
					"rotation": ["math.sin(q.anim_time*90*3-70)*2", 0, 0]
				},
				"ear_left": {
					"rotation": ["math.sin(q.anim_time*90*3-70)*2", 0, 0]
				}
			}
		},
		"animation.wartortle.battle_idle": {
			"loop": true,
			"animation_length": 8,
			"bones": {
				"tail": {
					"rotation": [0, "8*(math.sin(q.anim_time*90*4-90)*1)", "8-8*(math.sin(q.anim_time*90*4-60)*1+1)"]
				},
				"arm_left": {
					"rotation": [0, 12.5, "25-5*(math.sin(q.anim_time*90*4)*1+1)"]
				},
				"arm_right": {
					"rotation": [0, -12.5, "-25+5*(math.sin(q.anim_time*90*4)*1+1)"]
				},
				"leg_left": {
					"rotation": [-20, -45, 0],
					"position": [0, 0, -0.5]
				},
				"leg_right": {
					"rotation": [-20, 45, 0],
					"position": [0, 0, -0.5]
				},
				"head_angle": {
					"rotation": [-5, 0, 0]
				},
				"ear_right": {
					"rotation": ["-math.sin(q.anim_time*90*1-90)*2", 0, "math.sin(q.anim_time*90*4-90)*2"]
				},
				"ear_left": {
					"rotation": ["math.sin(q.anim_time*90*1-90)*2", 0, "-(math.sin(q.anim_time*90*4-90)*2)"]
				},
				"torso": {
					"rotation": ["5+math.sin(q.anim_time*90*4-150)*1", "math.sin(q.anim_time*90*0.5-150)*2", "math.sin(q.anim_time*90*1-150)*2"],
					"position": [0, "0.8-0.15*(math.sin(q.anim_time*90*4-90)*1+1)", -0.7]
				},
				"body2": {
					"position": [0, -1, 0]
				},
				"head": {
					"rotation": ["3.5+2*math.sin(q.anim_time*90*4-240)", 0, "0-math.sin(q.anim_time*90*1-120)*2"]
				},
				"elbow_right": {
					"rotation": [0, "-15+3*(math.sin(q.anim_time*90*4-60)*1+1)", 0]
				},
				"knee_right": {
					"rotation": [17.5, 0, 0]
				},
				"knee_right2": {
					"rotation": [2.5, 0, 0]
				},
				"knee_left": {
					"rotation": [17.5, 0, 0]
				},
				"knee_left2": {
					"rotation": [2.5, 0, 0]
				},
				"elbow_left": {
					"rotation": [0, "15-3*(math.sin(q.anim_time*90*4-60)*1+1)", 0]
				},
				"tail_bend": {
					"rotation": [0, "-12*(math.sin(q.anim_time*90*4-60)*1)+4*(math.sin(q.anim_time*90*4/2)*1)", 0]
				}
			}
		},
		"animation.wartortle.ground_walk": {
			"loop": true,
			"animation_length": 4,
			"bones": {
				"tail": {
					"rotation": [0, "-math.sin(query.anim_time*90*4-160)*8", "math.sin(query.anim_time*90*4)*4"]
				},
				"arm_left": {
					"rotation": [10.5887, "26.1376-math.sin(q.anim_time*90*4)*20", "15.1417-math.sin(q.anim_time*90*8)*5"],
					"position": [0, 0, "math.sin(q.anim_time*90*4)*0.5"]
				},
				"arm_right": {
					"rotation": [10.5887, "-26.1376-math.sin(q.anim_time*90*4)*20", "-15.1417+math.sin(q.anim_time*90*8)*5"],
					"position": [0, 0, "-math.sin(q.anim_time*90*4)*0.5"]
				},
				"leg_left": {
					"rotation": {
						"0.0": {
							"post": [-1.71, -1.93, -7.25],
							"lerp_mode": "catmullrom"
						},
						"0.0833": {
							"post": [-14.78217, -2.57594, -9.6658],
							"lerp_mode": "catmullrom"
						},
						"0.25": {
							"post": [-17.5, -12.5, 0],
							"lerp_mode": "catmullrom"
						},
						"0.75": {
							"post": [19.58318, -15.11159, -7.40857],
							"lerp_mode": "catmullrom"
						},
						"1.0833": {
							"post": [-14.78217, -2.57594, -9.6658],
							"lerp_mode": "catmullrom"
						},
						"1.25": {
							"post": [-17.5, -12.5, 0],
							"lerp_mode": "catmullrom"
						},
						"1.75": {
							"post": [19.58318, -15.11159, -7.40857],
							"lerp_mode": "catmullrom"
						},
						"2.0833": {
							"post": [-14.78217, -2.57594, -9.6658],
							"lerp_mode": "catmullrom"
						},
						"2.25": {
							"post": [-17.5, -12.5, 0],
							"lerp_mode": "catmullrom"
						},
						"2.75": {
							"post": [19.58318, -15.11159, -7.40857],
							"lerp_mode": "catmullrom"
						},
						"3.0833": {
							"post": [-14.78217, -2.57594, -9.6658],
							"lerp_mode": "catmullrom"
						},
						"3.25": {
							"post": [-17.5, -12.5, 0],
							"lerp_mode": "catmullrom"
						},
						"3.75": {
							"post": [19.58318, -15.11159, -7.40857],
							"lerp_mode": "catmullrom"
						},
						"4.0": {
							"post": [-1.71, -1.93, -7.25],
							"lerp_mode": "catmullrom"
						}
					},
					"position": {
						"0.0": [0, 1.08, -0.04],
						"0.1667": [0, 0.53, -0.73],
						"0.25": [0, -1, -1.1],
						"0.75": [0, -0.3, 1],
						"0.9583": [0, 1.22, 0.13],
						"1.1667": [0, 0.53, -0.73],
						"1.25": [0, -1, -1.1],
						"1.75": [0, -0.3, 1],
						"1.9583": [0, 1.22, 0.13],
						"2.1667": [0, 0.53, -0.73],
						"2.25": [0, -1, -1.1],
						"2.75": [0, -0.3, 1],
						"2.9583": [0, 1.22, 0.13],
						"3.1667": [0, 0.53, -0.73],
						"3.25": [0, -1, -1.1],
						"3.75": [0, -0.3, 1],
						"3.9583": [0, 1.22, 0.13],
						"4.0": [0, 1.08, -0.04]
					}
				},
				"leg_right": {
					"rotation": {
						"0.0": {
							"post": [2.2, 15.25, 3.11],
							"lerp_mode": "catmullrom"
						},
						"0.25": {
							"post": [19.58318, 15.11159, 7.40857],
							"lerp_mode": "catmullrom"
						},
						"0.5833": {
							"post": [-14.78217, 2.57594, 9.6658],
							"lerp_mode": "catmullrom"
						},
						"0.75": {
							"post": [-17.5, 12.5, 0],
							"lerp_mode": "catmullrom"
						},
						"1.25": {
							"post": [19.58318, 15.11159, 7.40857],
							"lerp_mode": "catmullrom"
						},
						"1.5833": {
							"post": [-14.78217, 2.57594, 9.6658],
							"lerp_mode": "catmullrom"
						},
						"1.75": {
							"post": [-17.5, 12.5, 0],
							"lerp_mode": "catmullrom"
						},
						"2.25": {
							"post": [19.58318, 15.11159, 7.40857],
							"lerp_mode": "catmullrom"
						},
						"2.5833": {
							"post": [-14.78217, 2.57594, 9.6658],
							"lerp_mode": "catmullrom"
						},
						"2.75": {
							"post": [-17.5, 12.5, 0],
							"lerp_mode": "catmullrom"
						},
						"3.25": {
							"post": [19.58318, 15.11159, 7.40857],
							"lerp_mode": "catmullrom"
						},
						"3.5833": {
							"post": [-14.78217, 2.57594, 9.6658],
							"lerp_mode": "catmullrom"
						},
						"3.75": {
							"post": [-17.5, 12.5, 0],
							"lerp_mode": "catmullrom"
						},
						"4.0": {
							"post": [2.2, 15.25, 3.11],
							"lerp_mode": "catmullrom"
						}
					},
					"position": {
						"0.0": [0, -0.65, -0.05],
						"0.25": [0, -0.3, 1],
						"0.4583": [0, 1.22, 0.13],
						"0.5": [0, 1.08, -0.04],
						"0.6667": [0, 0.53, -0.73],
						"0.75": [0, -1, -1.1],
						"1.25": [0, -0.3, 1],
						"1.4583": [0, 1.22, 0.13],
						"1.6667": [0, 0.53, -0.73],
						"1.75": [0, -1, -1.1],
						"2.25": [0, -0.3, 1],
						"2.4583": [0, 1.22, 0.13],
						"2.6667": [0, 0.53, -0.73],
						"2.75": [0, -1, -1.1],
						"3.25": [0, -0.3, 1],
						"3.4583": [0, 1.22, 0.13],
						"3.6667": [0, 0.53, -0.73],
						"3.75": [0, -1, -1.1],
						"4.0": [0, -0.65, -0.05]
					}
				},
				"ear_right": {
					"rotation": ["math.sin(q.anim_time*90*8-70)*4", "(math.sin(q.anim_time*90*4)*4)", 0]
				},
				"ear_left": {
					"rotation": ["math.sin(q.anim_time*90*8-70)*4", "math.sin(q.anim_time*90*4)*4", 0]
				},
				"head": {
					"rotation": ["2.5+math.sin(query.anim_time*90*8-60)*-2", "-math.sin(query.anim_time*90*4)*6", "math.sin(query.anim_time*90*4+210)*-6"]
				},
				"torso": {
					"rotation": ["7.5-math.cos(query.anim_time*90*8-50)*3", "0+math.sin(query.anim_time*90*4+0)*6", "0-math.cos(query.anim_time*90*4-20)*12"],
					"position": [0, "math.cos(query.anim_time*90*8+20)*0.4", "-math.sin(query.anim_time*90*8+20)*0.2"]
				},
				"head_angle": {
					"rotation": [-5, 0, 0]
				},
				"ears": {
					"rotation": [-15, 0, 0]
				},
				"elbow_right": {
					"rotation": [0, "-20+math.sin(q.anim_time*90*4+60)*5", 0]
				},
				"elbow_left": {
					"rotation": [0, "20+math.sin(q.anim_time*90*4+60)*5", 0]
				},
				"knee_right": {
					"rotation": {
						"0.0": [0, 0, 0],
						"0.25": [0, 0, 0],
						"0.5": [45, 0, 0],
						"0.5833": [45, 0, 0],
						"0.75": [0, 0, 0],
						"1.25": [15, 0, 0],
						"1.5833": [45, 0, 0],
						"1.75": [0, 0, 0],
						"2.25": [0, 0, 0],
						"2.5833": [45, 0, 0],
						"2.75": [0, 0, 0],
						"3.25": [0, 0, 0],
						"3.5833": [45, 0, 0],
						"3.75": [0, 0, 0],
						"4.0": [0, 0, 0]
					}
				},
				"knee_left": {
					"rotation": {
						"0.0": [45, 0, 0],
						"0.0833": [45, 0, 0],
						"0.25": [0, 0, 0],
						"0.75": [15, 0, 0],
						"1.0833": [45, 0, 0],
						"1.25": [0, 0, 0],
						"1.75": [0, 0, 0],
						"2.0833": [45, 0, 0],
						"2.25": [0, 0, 0],
						"2.75": [0, 0, 0],
						"3.0833": [45, 0, 0],
						"3.25": [0, 0, 0],
						"3.75": [0, 0, 0],
						"4.0": [45, 0, 0]
					}
				},
				"knee_left2": {
					"rotation": {
						"0.0": [8.75, 0, 0],
						"0.25": [17.5, 0, 0],
						"0.75": [0, 0, 0],
						"1.25": [17.5, 0, 0],
						"1.75": [0, 0, 0],
						"2.25": [17.5, 0, 0],
						"2.75": [0, 0, 0],
						"3.25": [17.5, 0, 0],
						"3.75": [0, 0, 0],
						"4.0": [8.75, 0, 0]
					}
				},
				"knee_right2": {
					"rotation": {
						"0.0": [8.75, 0, 0],
						"0.25": [0, 0, 0],
						"0.5": [8.75, 0, 0],
						"0.75": [17.5, 0, 0],
						"1.25": [0, 0, 0],
						"1.75": [17.5, 0, 0],
						"2.25": [0, 0, 0],
						"2.75": [17.5, 0, 0],
						"3.25": [0, 0, 0],
						"3.75": [17.5, 0, 0],
						"4.0": [8.75, 0, 0]
					}
				},
				"tail_bend": {
					"rotation": [0, "-math.sin(query.anim_time*90*4-290)*16", 0]
				}
			}
		},
		"animation.wartortle.ground_run": {
			"loop": true,
			"bones": {
				"body2": {
					"rotation": ["90+math.sin(q.anim_time*90*2+60)*2", "math.mod(q.anim_time*2, 1)*360", "7*math.sin(q.anim_time*90*1+60)"],
					"position": ["-2*math.sin(q.anim_time*90*1+60)", -4.5, "-3.25-math.cos(q.anim_time*90*2)*0.5"]
				},
				"torso": {
					"rotation": [-12.5, 0, 0]
				},
				"head_angle": {
					"rotation": [-77.5, 0, 0],
					"position": [0, -3.5, 0],
					"scale": 0
				},
				"arm_right": {
					"position": [6.4, 0, 0],
					"scale": 0
				},
				"arm_left": {
					"position": [-6.4, 0, 0],
					"scale": 0
				},
				"tail": {
					"rotation": [-90, 0, 0],
					"position": [0, 8.5, 0],
					"scale": 0
				},
				"leg_right": {
					"rotation": [0, 0, 50],
					"position": [6, 4, 0],
					"scale": 0
				},
				"leg_left": {
					"rotation": [0, 0, -50],
					"position": [-6, 4, 0],
					"scale": 0
				},
				"body": {
					"position": [0, "math.sin(q.anim_time*90*12+60)*0.1", 0]
				}
			}
		},
		"animation.wartortle.water_idle": {
			"loop": true,
			"bones": {
				"tail": {
					"rotation": [-40, "8*(math.sin(q.anim_time*90*0.5-90)*1)", "8-8*(math.sin(q.anim_time*90*0.5-60)*1+1)"],
					"position": [0.00228, 1.01374, -0.24964]
				},
				"arm_left": {
					"rotation": [-75.44758, 18.51221, "-18.913-6*math.sin(q.anim_time*90*1)"],
					"position": [0.21469, -1.16426, 1.65482]
				},
				"arm_right": {
					"rotation": [-75.44758, -18.51221, "18.913-6*math.sin(q.anim_time*90*1)"],
					"position": [-0.21469, -1.16426, 1.65482]
				},
				"leg_left": {
					"rotation": ["-23.2216-math.sin(q.anim_time*90*2+70)*6", -20.68411, -4.19008],
					"position": [-0.40535, -0.48484, -0.06058]
				},
				"leg_right": {
					"rotation": ["-23.2216+math.sin(q.anim_time*90*2+70)*6", 20.68411, 4.19008],
					"position": [0.40535, -0.48484, -0.06058]
				},
				"head_angle": {
					"rotation": ["-39.5-math.sin(q.anim_time*90*1-90)*2", "-1*math.sin(q.anim_time*90*1+60)", 0],
					"position": [-0.01074, 1.27181, -2.00808]
				},
				"body2": {
					"rotation": ["49.5-math.sin(q.anim_time*90*1+130)*2", 0, "0-math.sin(q.anim_time*90*1+130)*1"],
					"position": ["0-math.cos(q.anim_time*90*1+70)*0.2", "0.5-math.sin(q.anim_time*90*1+70)*0.2", 0]
				},
				"elbow_right": {
					"rotation": [0, -22.5, 0]
				},
				"knee_right": {
					"rotation": ["10+math.sin(q.anim_time*90*2)*6", 0, 0]
				},
				"knee_right2": {
					"rotation": [2.5, 0, 0]
				},
				"knee_left": {
					"rotation": ["10-math.sin(q.anim_time*90*2)*6", 0, 0]
				},
				"knee_left2": {
					"rotation": [2.5, 0, 0]
				},
				"elbow_left": {
					"rotation": [0, 22.5, 0]
				},
				"tail_bend": {
					"rotation": [0, "-12*math.sin(q.anim_time*90*0.5-60)", 0]
				},
				"ear_right": {
					"rotation": ["math.sin(q.anim_time*90*1-70)*2", 0, 0]
				},
				"ear_left": {
					"rotation": ["math.sin(q.anim_time*90*1-70)*2", 0, 0]
				}
			}
		},
		"animation.wartortle.water_swim": {
			"loop": true,
			"bones": {
				"tail": {
					"rotation": ["-84.5986+math.cos(q.anim_time*90*12+70)*0.3", 0, "8*math.sin(q.anim_time*90*1)"],
					"position": [0.00535, 1.60922, -0.32311]
				},
				"arm_left": {
					"rotation": ["-92.4742-6*math.sin(q.anim_time*90*1)", -2.32575, "49.1961-6*math.sin(q.anim_time*90*1)"],
					"position": [-1.59976, -1.73453, 1.79087]
				},
				"arm_right": {
					"rotation": ["-92.4742-6*math.sin(q.anim_time*90*1)", 2.32575, "-49.1961-6*math.sin(q.anim_time*90*1)"],
					"position": [1.59976, -1.73453, 1.79087]
				},
				"leg_left": {
					"rotation": ["-0.2435-math.sin(q.anim_time*90*6+70)*30", -5.66105, -3.2585],
					"position": [-0.40535, -0.48484, -0.06058]
				},
				"leg_right": {
					"rotation": ["0.5893+math.sin(q.anim_time*90*6+70)*30", 5.9713, 3.09324],
					"position": [0.40535, -0.48484, -0.06058]
				},
				"head_angle": {
					"rotation": ["-74.4831-math.sin(q.anim_time*90*1-90)*2", 0.0184, "1.2981-math.sin(q.anim_time*90*1+50)*7"],
					"position": [0.03551, 4.46105, -2.43801]
				},
				"body2": {
					"rotation": [
						"77.0175-math.sin(q.anim_time*90*1+130)*2-math.cos(q.anim_time*90*12+70)*0.3",
						"-0.4257-math.sin(q.anim_time*90*1+130)*7",
						"math.sin(q.anim_time*90*6+100)*2+math.sin(q.anim_time*90*1+130)*7"
					],
					"position": ["0-math.cos(q.anim_time*90*1+70)*2", "0.5-math.sin(q.anim_time*90*1+70)*0.2", 0]
				},
				"elbow_right": {
					"rotation": [0, 0, 0]
				},
				"knee_right": {
					"rotation": ["20+math.sin(q.anim_time*90*6-60)*20", 0, 0]
				},
				"knee_right2": {
					"rotation": [2.5, 0, 0]
				},
				"knee_left": {
					"rotation": ["20-math.sin(q.anim_time*90*6-60)*20", 0, 0]
				},
				"knee_left2": {
					"rotation": [2.5, 0, 0]
				},
				"elbow_left": {
					"rotation": [0, 0, 0]
				},
				"tail_bend": {
					"rotation": [0, "8*math.sin(q.anim_time*90*1-120)", 0]
				},
				"ear_right": {
					"rotation": [-30.9749, "2.9079-math.sin(q.anim_time*90*12-70)*2", 21.46162]
				},
				"ear_left": {
					"rotation": [-30.9749, "-2.9079+math.sin(q.anim_time*90*12-70)*2", -21.46162]
				}
			}
		},
		"animation.wartortle.surfacewater_idle": {
			"loop": true,
			"bones": {
				"tail": {
					"rotation": [-27.5, "0+8*(math.sin(q.anim_time*90*0.5-90)*1)", "8-8*(math.sin(q.anim_time*90*0.5-60)*1+1)"],
					"position": [0.00228, 1.01374, -0.24964]
				},
				"arm_left": {
					"rotation": [-62.94758, 18.51221, "-18.913-6*math.sin(q.anim_time*90*1)"],
					"position": [0.21469, -1.16426, 1.65482]
				},
				"arm_right": {
					"rotation": [-62.94758, -18.51221, "18.913-6*math.sin(q.anim_time*90*1)"],
					"position": [-0.21469, -1.16426, 1.65482]
				},
				"leg_left": {
					"rotation": ["-23.2216-math.sin(q.anim_time*90*2+70)*6", -20.68411, -4.19008],
					"position": [-0.40535, -0.48484, -0.06058]
				},
				"leg_right": {
					"rotation": ["-23.2216+math.sin(q.anim_time*90*2+70)*6", 20.68411, 4.19008],
					"position": [0.40535, -0.48484, -0.06058]
				},
				"head_angle": {
					"rotation": ["-39.5-math.sin(q.anim_time*90*1-90)*2", "-1*math.sin(q.anim_time*90*1+60)", 0],
					"position": [-0.01074, 1.27181, -2.00808]
				},
				"body2": {
					"rotation": ["49.5-math.sin(q.anim_time*90*1+130)*2", 0, "0-math.sin(q.anim_time*90*1+130)*1"],
					"position": ["0-math.cos(q.anim_time*90*1+70)*0.2", "0.5-math.sin(q.anim_time*90*1+70)*0.2", 0]
				},
				"elbow_right": {
					"rotation": [0, -22.5, 0]
				},
				"knee_right": {
					"rotation": ["10+math.sin(q.anim_time*90*2)*6", 0, 0]
				},
				"knee_right2": {
					"rotation": [2.5, 0, 0]
				},
				"knee_left": {
					"rotation": ["10-math.sin(q.anim_time*90*2)*6", 0, 0]
				},
				"knee_left2": {
					"rotation": [2.5, 0, 0]
				},
				"elbow_left": {
					"rotation": [0, 22.5, 0]
				},
				"tail_bend": {
					"rotation": [0, "-12*math.sin(q.anim_time*90*0.5-60)", 0]
				},
				"ear_right": {
					"rotation": ["math.sin(q.anim_time*90*1-70)*2", 0, 0]
				},
				"ear_left": {
					"rotation": ["math.sin(q.anim_time*90*1-70)*2", 0, 0]
				},
				"body": {
					"rotation": [-30, 0, 0],
					"position": [0, -11.4, 0]
				},
				"head": {
					"rotation": [17.5, 0, 0],
					"position": [0, -0.5, 0]
				}
			}
		},
		"animation.wartortle.surfacewater_swim": {
			"loop": true,
			"bones": {
				"tail": {
					"rotation": ["-59.5986+math.cos(q.anim_time*90*12+70)*0.3", 0, "8*math.sin(q.anim_time*90*1)"],
					"position": [0.00535, 1.60922, -0.32311]
				},
				"arm_left": {
					"rotation": ["-92.4742-6*math.sin(q.anim_time*90*1)", -2.32575, "49.1961-6*math.sin(q.anim_time*90*1)"],
					"position": [-1.59976, -1.73453, 1.79087]
				},
				"arm_right": {
					"rotation": ["-93.1364-6*math.sin(q.anim_time*90*1)", -4.79913, "-41.3525-6*math.sin(q.anim_time*90*1)"],
					"position": [1.59976, -1.73453, 1.79087]
				},
				"leg_left": {
					"rotation": ["-0.2435-math.sin(q.anim_time*90*6+70)*30", -5.66105, -3.2585],
					"position": [-0.40535, -0.48484, -0.06058]
				},
				"leg_right": {
					"rotation": ["0.5893+math.sin(q.anim_time*90*6+70)*30", 5.9713, 3.09324],
					"position": [0.40535, -0.48484, -0.06058]
				},
				"body2": {
					"rotation": [
						"77.0175-math.sin(q.anim_time*90*1+130)*2-math.cos(q.anim_time*90*12+70)*0.3",
						"-0.4257-math.sin(q.anim_time*90*1+130)*3",
						"math.sin(q.anim_time*90*6+100)*1+math.sin(q.anim_time*90*1+130)*3"
					],
					"position": ["0-math.cos(q.anim_time*90*1+70)*1", "0.5-math.sin(q.anim_time*90*1+70)*0.2", 0]
				},
				"elbow_right": {
					"rotation": [0, 0, 0]
				},
				"knee_right": {
					"rotation": ["20+math.sin(q.anim_time*90*6-60)*20", 0, 0]
				},
				"knee_right2": {
					"rotation": [2.5, 0, 0]
				},
				"knee_left": {
					"rotation": ["20-math.sin(q.anim_time*90*6-60)*20", 0, 0]
				},
				"knee_left2": {
					"rotation": [2.5, 0, 0]
				},
				"elbow_left": {
					"rotation": [0, 0, 0]
				},
				"tail_bend": {
					"rotation": [0, "8*math.sin(q.anim_time*90*1-120)", 0]
				},
				"ear_right": {
					"rotation": [-10, "2.9079-math.sin(q.anim_time*90*10-70)*2", 5]
				},
				"ear_left": {
					"rotation": [-10, "-2.9079-math.sin(q.anim_time*90*10-30)*2", -5]
				},
				"body": {
					"rotation": [-45, 0, 0],
					"position": [0, -10, -1]
				},
				"head": {
					"rotation": ["-31.9831-math.sin(q.anim_time*90*1-90)*2", 0.0184, "1.2981-math.sin(q.anim_time*90*1)*-4"],
					"position": [0, 1.5, -1.75]
				}
			}
		},
		"animation.wartortle.sleep": {
			"loop": true,
			"bones": {
				"body2": {
					"rotation": [82.5, 0, 0],
					"position": [0, -4, -7]
				},
				"arm_right": {
					"rotation": ["-7.1756-math.sin(q.anim_time*90*0.5)*2", "-17.4367-math.sin(q.anim_time*90*0.5)*2", 52.0264],
					"position": [1, 0.05, 0.1]
				},
				"arm_left": {
					"rotation": [-6.2732, "14.7703-math.sin(q.anim_time*90*0.5)*2", "-41.9603+math.sin(q.anim_time*90*0.5)*2"],
					"position": [-1.65, -0.25, 0]
				},
				"torso": {
					"rotation": [-5, "math.sin(q.anim_time*90*0.5)*2", 0]
				},
				"mouth_open": {
					"position": [0, 0, "math.clamp(math.sin(q.anim_time*90*0.5)*5,-0.1,0)"]
				},
				"eyelid_right": {
					"position": [0, 0, -0.1]
				},
				"ear_right": {
					"rotation": [0, "-math.sin(q.anim_time*90*1)*1", 0]
				},
				"ear_left": {
					"rotation": [0, "-math.sin(q.anim_time*90*1)*1", 0]
				},
				"tail": {
					"rotation": [-100, 0, "2*math.sin(q.anim_time*90*1)"]
				},
				"leg_right": {
					"rotation": [-10.09534, 31.44555, -2.05913],
					"position": [-1, 0, 0]
				},
				"leg_left": {
					"rotation": [-10.09534, -31.44555, 2.05913],
					"position": [1, 0, 0]
				},
				"eyelid_left": {
					"position": [0, 0, -0.1]
				},
				"head": {
					"rotation": [-36.25, -17.5, -2.5],
					"position": [0, 0.75, 0]
				},
				"head_angle": {
					"rotation": [2.63745, "-22.108-math.sin(q.anim_time*90*0.5)*2", 17.83858],
					"position": [0.9235, 0.90284, 0.3137]
				},
				"elbow_right": {
					"rotation": [0, 0, 60]
				},
				"elbow_left": {
					"rotation": [0, 0, -50]
				},
				"knee_right": {
					"rotation": [15, 0, 0]
				},
				"knee_right2": {
					"rotation": [22.5, 0, 0]
				},
				"knee_left": {
					"rotation": [15, 0, 0]
				},
				"knee_left2": {
					"rotation": [22.5, 0, 0]
				},
				"tail_bend": {
					"rotation": [0, "-2*math.sin(q.anim_time*90*1-120)", 0]
				}
			}
		},
		"animation.wartortle.cry": {
			"animation_length": 2.5,
			"bones": {
				"head": {
					"rotation": {
						"0.0": {
							"post": [0, 0, 0],
							"lerp_mode": "catmullrom"
						},
						"0.2083": {
							"post": [10, 0, 0],
							"lerp_mode": "catmullrom"
						},
						"0.375": {
							"post": [3.50317, -0.31288, -1.97538],
							"lerp_mode": "catmullrom"
						},
						"0.5417": {
							"post": [-1.45751, 0.54801, 1.80021],
							"lerp_mode": "catmullrom"
						},
						"0.75": {
							"post": [-5, 0, 0],
							"lerp_mode": "catmullrom"
						},
						"0.9167": {
							"post": [10.77209, -0.03858, -0.12675],
							"lerp_mode": "catmullrom"
						},
						"1.6667": {
							"post": [-3, 0, 0],
							"lerp_mode": "catmullrom"
						},
						"2.4167": {
							"post": [0, 0, 0],
							"lerp_mode": "catmullrom"
						}
					}
				},
				"mouth_open": {
					"position": {
						"0.0833": [0, 0, 0],
						"0.2083": {"pre": [0, 0, 0], "post": [0, 0, -0.1]},
						"0.7917": {"pre": [0, 0, -0.1], "post": [0, 0, -0.1]},
						"0.9167": {"pre": [0, 0, -0.1], "post": [0, 0, 0]}
					}
				},
				"torso": {
					"rotation": {
						"0.0": {
							"post": [0, 0, 0],
							"lerp_mode": "catmullrom"
						},
						"0.1667": {
							"post": [3, 0, 0],
							"lerp_mode": "catmullrom"
						},
						"0.7917": {
							"post": [-4, 0, 0],
							"lerp_mode": "catmullrom"
						},
						"1.3333": {
							"post": [2.5, 0, 0],
							"lerp_mode": "catmullrom"
						},
						"2.3333": {
							"post": [0, 0, 0],
							"lerp_mode": "catmullrom"
						}
					}
				}
			},
			"sound_effects": {
				"0.2083": {
					"effect": "pokemon.wartortle.cry"
				}
			}
		},
		"animation.wartortle.blink": {
			"animation_length": 0.16667,
			"bones": {
				"eyelid_right": {
					"position": {
						"0.0": [0, 0, -0.1],
						"0.125": [0, 0, -0.1],
						"0.1667": [0, 0, 0]
					}
				},
				"eyelid_left": {
					"position": {
						"0.0": [0, 0, -0.1],
						"0.125": [0, 0, -0.1],
						"0.1667": [0, 0, 0]
					}
				}
			}
		},
		"animation.wartortle.faint": {
			"animation_length": 3,
			"bones": {
				"tail": {
					"rotation": {
						"0.0": [0, -8, 6.9282],
						"0.6667": {
							"pre": [0, 2, 11.93],
							"post": [0, 2, 11.93],
							"lerp_mode": "catmullrom"
						},
						"1.125": {
							"post": [0, -4.47, -18.81],
							"lerp_mode": "catmullrom"
						},
						"1.375": {
							"post": [0, -8, 6.93],
							"lerp_mode": "catmullrom"
						},
						"1.5833": {
							"post": [23.6334, 57.18451, 36.74507],
							"lerp_mode": "catmullrom"
						},
						"1.9167": [23.63, 71.58, 36.75],
						"2.0417": [-55.52305, 66.95205, 55.27962]
					},
					"position": {
						"1.9583": [0, 0, 0],
						"2.0833": [0, 5.6, 0]
					},
					"scale": {
						"1.9583": [1, 1, 1],
						"2.0833": [0, 0, 0]
					}
				},
				"arm_left": {
					"rotation": {
						"0.0": [3.73703, 6.94494, 31.9103],
						"0.5417": {
							"pre": [2.01, 20.69, 22.15],
							"post": [2.01, 20.69, 22.15],
							"lerp_mode": "catmullrom"
						},
						"0.9583": {
							"post": [1.13, -1.34, 17.27],
							"lerp_mode": "catmullrom"
						},
						"1.0417": {
							"post": [1.02, 1.77, 23.64],
							"lerp_mode": "catmullrom"
						},
						"1.25": {
							"post": [0.81, 14.82, 5.52],
							"lerp_mode": "catmullrom"
						},
						"1.4167": {
							"post": [-0.26, -12.9, 20.18],
							"lerp_mode": "catmullrom"
						},
						"1.6667": {
							"post": [-1.59, 3.07, 17.26],
							"lerp_mode": "catmullrom"
						},
						"1.7917": {
							"post": [-1.97, -23.04, 40.12],
							"lerp_mode": "catmullrom"
						},
						"1.875": {
							"post": [-2.21, 2.62, 49.05],
							"lerp_mode": "catmullrom"
						},
						"1.9583": [-3.24948, -9.88142, 5.04815]
					},
					"position": {
						"1.9583": [0, 0, 0],
						"2.0833": [-3.6, 0, 0]
					},
					"scale": {
						"1.9583": [1, 1, 1],
						"2.0833": [0, 0, 0]
					}
				},
				"arm_right": {
					"rotation": {
						"0.0": [3.73703, -6.94494, -31.9103],
						"0.625": {
							"pre": [-3.76, 20.56, -31.91],
							"post": [-3.76, 20.56, -31.91],
							"lerp_mode": "catmullrom"
						},
						"1.1667": {
							"post": [-3.76, -11.94, -6.91],
							"lerp_mode": "catmullrom"
						},
						"1.5": {
							"post": [-3.76, -11.94, -29.41],
							"lerp_mode": "catmullrom"
						},
						"1.625": {
							"post": [-3.76, -11.94, -29.41],
							"lerp_mode": "catmullrom"
						},
						"1.7917": {
							"post": [-3.76, 25.56, 0.59],
							"lerp_mode": "catmullrom"
						},
						"1.9583": [-3.76, 25.56, -41.91]
					},
					"position": {
						"1.9583": [0, 0, 0],
						"2.0833": [3.6, 0, 0]
					},
					"scale": {
						"1.9583": [1, 1, 1],
						"2.0833": [0, 0, 0]
					}
				},
				"leg_left": {
					"rotation": {
						"0.0": [-5, -32.5, 0],
						"0.8333": {
							"pre": [-5, -42.79, -23.5],
							"post": [-5, -42.79, -23.5],
							"lerp_mode": "catmullrom"
						},
						"0.9583": {
							"post": [7.5, -52.5, -10],
							"lerp_mode": "catmullrom"
						},
						"1.25": [7.5, -52.5, -10],
						"1.4583": {
							"pre": [-5, -62.5, -17.5],
							"post": [-5, -62.5, -17.5],
							"lerp_mode": "catmullrom"
						},
						"1.6667": {
							"post": [39.34549, -17.58359, -27.2384],
							"lerp_mode": "catmullrom"
						},
						"1.875": {
							"post": [18.64491, -29.82237, -18.79226],
							"lerp_mode": "catmullrom"
						},
						"1.9583": [10.9634, -28.33851, -27.96814],
						"2.0833": [-2.35587, 2.72206, -103.18142]
					},
					"position": {
						"0.0": [-0.4, 0.6, -0.5],
						"0.8333": {
							"pre": [-0.61, 3.21, -0.1],
							"post": [-0.61, 3.21, -0.1],
							"lerp_mode": "catmullrom"
						},
						"0.9583": {
							"post": [-1, 0.6, 1.3],
							"lerp_mode": "catmullrom"
						},
						"1.25": {
							"post": [-1, 0.6, 1.3],
							"lerp_mode": "catmullrom"
						},
						"1.4583": {
							"post": [-1, 3.8, -0.5],
							"lerp_mode": "catmullrom"
						},
						"1.6667": [-0.4, 0.6, -0.5],
						"1.9583": [-0.4, 0.6, -0.5],
						"2.0833": [-5.8, 0.6, -0.5]
					},
					"scale": {
						"1.9583": [1, 1, 1],
						"2.0833": [0, 0, 0]
					}
				},
				"leg_right": {
					"rotation": {
						"0.0": [-5, 32.5, 0],
						"0.5": [-8.75, 32.5, 10],
						"1.3333": [-15, 32.5, 0],
						"1.5417": {
							"pre": [43.9877, 27.27607, 23.04689],
							"post": [43.9877, 27.27607, 23.04689],
							"lerp_mode": "catmullrom"
						},
						"1.7917": {
							"post": [-1.61634, 29.00508, 0.61442],
							"lerp_mode": "catmullrom"
						},
						"1.9583": [-9.0366, 28.33851, 20.46814],
						"2.0833": [-2.35587, -2.72206, 103.18142]
					},
					"position": {
						"0.0": [0.4, 0.6, -0.5],
						"0.5": [1.2, 0.41, -0.5],
						"1.3333": [0.4, 0.1, -0.5],
						"1.9583": [0.4, 0.6, -0.5],
						"2.0833": [5.8, 0.6, -0.5]
					},
					"scale": {
						"1.9583": [1, 1, 1],
						"2.0833": [0, 0, 0]
					}
				},
				"head_angle": {
					"rotation": {
						"0.0": [15, -0.86603, 0],
						"0.1667": {
							"pre": [30.74, -10.56, -0.82],
							"post": [30.74, -10.56, -0.82],
							"lerp_mode": "catmullrom"
						},
						"0.3333": {
							"post": [25.47601, -18.10484, -1.46265],
							"lerp_mode": "catmullrom"
						},
						"0.6667": {
							"post": [19.9, -3.04, 4],
							"lerp_mode": "catmullrom"
						},
						"1.0": {
							"post": [5.00028, -0.86957, -0.03853],
							"lerp_mode": "catmullrom"
						},
						"1.125": {
							"post": [25.97, 2.07, -2.59],
							"lerp_mode": "catmullrom"
						},
						"1.375": {
							"post": [37.61246, 8.46023, -6.65155],
							"lerp_mode": "catmullrom"
						},
						"1.6667": {
							"post": [53.96, -1.51, 9.19],
							"lerp_mode": "catmullrom"
						},
						"1.75": {
							"post": [18.89, 8.74, 4.39],
							"lerp_mode": "catmullrom"
						},
						"1.9167": {
							"post": [39.00927, 10.62946, 19.61029],
							"lerp_mode": "catmullrom"
						},
						"1.9583": {
							"post": [16.76, 8.49, -8.31],
							"lerp_mode": "catmullrom"
						},
						"2.125": [6.40038, -0.08818, -0.63508]
					},
					"position": {
						"1.9583": [0, 0, 0],
						"2.125": [0, -5.9, 5.5]
					},
					"scale": {
						"1.9583": [1, 1, 1],
						"2.0417": [0, 0, 0]
					}
				},
				"torso": {
					"rotation": {
						"0.0": [-8.5, 0, 0.1],
						"0.5417": {
							"pre": [-19.66556, 2.49432, -12.40658],
							"post": [-19.66556, 2.49432, -12.40658],
							"lerp_mode": "catmullrom"
						},
						"1.0": {
							"post": [1.92, -6.08, 0.16],
							"lerp_mode": "catmullrom"
						},
						"1.1667": {
							"post": [19.57, -4.69, 0.45],
							"lerp_mode": "catmullrom"
						},
						"1.4583": {
							"post": [14, 0.00436, -14.9001],
							"lerp_mode": "catmullrom"
						},
						"1.6667": [-11, 0.00436, 0.0999]
					},
					"position": {
						"0.0": [0, 0.6, -0.8],
						"0.5417": {
							"pre": [1.2, 1.6, -0.5],
							"post": [1.2, 1.6, -0.5],
							"lerp_mode": "catmullrom"
						},
						"1.0833": {
							"post": [-0.5, 2, -0.5],
							"lerp_mode": "catmullrom"
						},
						"1.2917": {
							"post": [-0.5, 1.4, -0.5],
							"lerp_mode": "catmullrom"
						},
						"1.4167": {
							"post": [-0.5, 3.2, -0.5],
							"lerp_mode": "catmullrom"
						},
						"1.5833": [0, 0.6, -0.8]
					}
				},
				"body2": {
					"rotation": {
						"0.0": [0, 0, 0],
						"1.3333": [0, 0, 0],
						"1.5": {
							"pre": [-45, -4.75, -5],
							"post": [-45, -4.75, -5],
							"lerp_mode": "catmullrom"
						},
						"1.6667": {
							"post": [-90, -9.5, 4.5],
							"lerp_mode": "catmullrom"
						},
						"1.7083": {
							"post": [-95, -4.5, 10.4],
							"lerp_mode": "catmullrom"
						},
						"1.8333": {
							"post": [-90, 2.5, 15],
							"lerp_mode": "catmullrom"
						},
						"1.9583": [-75.10047, 1.48301, -6.89684],
						"2.25": {
							"pre": [-90, -169.5, 10],
							"post": [-90, -169.5, 10],
							"lerp_mode": "catmullrom"
						},
						"2.5": {
							"post": [-90, -245.9, 0],
							"lerp_mode": "catmullrom"
						},
						"2.75": [-90, -264.5, 0],
						"3.0": [-90, -266.6, 0]
					},
					"position": {
						"0.0": [0, -1, 0],
						"1.3333": [0, -1, 0],
						"1.6667": [-2.5, -6.6, 7.9],
						"1.7083": [-2.5, -6.2, 8.35],
						"1.75": [-2.5, -6.6, 8.8],
						"1.9583": [-2.5, -6.6, 8.8],
						"2.125": {
							"pre": [-5, -6.6, 7.1],
							"post": [-5, -6.6, 7.1],
							"lerp_mode": "catmullrom"
						},
						"2.3333": {
							"post": [-6, -6.6, 2.5],
							"lerp_mode": "catmullrom"
						},
						"2.5417": {
							"post": [-3.4, -6.6, -1.3],
							"lerp_mode": "catmullrom"
						},
						"2.7917": [-2.4, -6.6, -2.1]
					}
				},
				"elbow_right": {
					"rotation": {
						"0.0": [0, -22.5, 0],
						"0.5": {
							"pre": [0, 0, 0],
							"post": [0, 0, 0],
							"lerp_mode": "catmullrom"
						},
						"1.4167": {
							"post": [0, -25, 0],
							"lerp_mode": "catmullrom"
						},
						"1.75": {
							"post": [0, -42.5, 0],
							"lerp_mode": "catmullrom"
						},
						"1.9167": [0, -20, 0]
					}
				},
				"knee_right": {
					"rotation": {
						"0.0": [2.5, 0, 0],
						"0.6667": [17.5, 0, 0]
					}
				},
				"knee_right2": {
					"rotation": [2.5, 0, 0]
				},
				"knee_left": {
					"rotation": {
						"0.0": [2.5, 0, 0],
						"0.7083": [30, 0, 0],
						"0.9583": [2.5, 0, 0],
						"1.1667": [2.5, 0, 0],
						"1.375": [30, 0, 0]
					}
				},
				"knee_left2": {
					"rotation": [2.5, 0, 0]
				},
				"elbow_left": {
					"rotation": {
						"0.0": [0, 22.5, 0],
						"0.3333": {
							"pre": [0, 10, 0],
							"post": [0, 10, 0],
							"lerp_mode": "catmullrom"
						},
						"1.0417": {
							"post": [0, 32.5, 0],
							"lerp_mode": "catmullrom"
						},
						"1.5833": {
							"post": [0, 32.5, 0],
							"lerp_mode": "catmullrom"
						},
						"1.7083": [0, 7.5, 0]
					}
				},
				"tail_bend": {
					"rotation": {
						"0.0": [0, 10.3923, 0],
						"0.25": {
							"pre": [0, 3.26, 0],
							"post": [0, 3.26, 0],
							"lerp_mode": "catmullrom"
						},
						"0.9167": {
							"post": [0, 25.39, 0],
							"lerp_mode": "catmullrom"
						},
						"1.5417": [0, 11.3923, 0],
						"1.625": [0, 23.49, 0],
						"1.75": [0, 35.39, 0]
					}
				},
				"ear_right": {
					"rotation": {
						"0.0": [-1.87939, 0, 0],
						"0.4167": {
							"pre": [-1.88, 0, -15],
							"post": [-1.88, 0, -15],
							"lerp_mode": "catmullrom"
						},
						"0.875": {
							"post": [3.12, -10, 0],
							"lerp_mode": "catmullrom"
						},
						"1.4167": {
							"post": [3.12, -17.5, -12.5],
							"lerp_mode": "catmullrom"
						},
						"1.8333": {
							"post": [3.12, -12.5, 7.5],
							"lerp_mode": "catmullrom"
						},
						"1.9583": [20.62, -7.5, 7.5]
					}
				},
				"ear_left": {
					"rotation": {
						"0.0": [-1.87939, 0, 0],
						"0.5417": {
							"pre": [-1.88, 0, -7.5],
							"post": [-1.88, 0, -7.5],
							"lerp_mode": "catmullrom"
						},
						"0.9167": {
							"post": [5.62, 0, 12.5],
							"lerp_mode": "catmullrom"
						},
						"1.375": {
							"post": [15.62, 0, 12.5],
							"lerp_mode": "catmullrom"
						},
						"1.6667": {
							"post": [15.62, 0, 12.5],
							"lerp_mode": "catmullrom"
						},
						"1.8333": {
							"post": [-24.38, 0, 12.5],
							"lerp_mode": "catmullrom"
						},
						"1.9583": [15.62, 0, 12.5]
					}
				},
				"mouth_open": {
					"position": {
						"0.2083": [0, 0, 0],
						"0.25": {"pre": [0, 0, 0], "post": [0, 0, -0.1]},
						"0.6667": {"pre": [0, 0, -0.1], "post": [0, 0, -0.1]},
						"0.7083": {"pre": [0, 0, -0.1], "post": [0, 0, 0]},
						"1.2917": {"pre": [0, 0, 0], "post": [0, 0, 0]},
						"1.3333": {"pre": [0, 0, 0], "post": [0, 0, -0.1]},
						"1.5417": {"pre": [0, 0, -0.1], "post": [0, 0, -0.1]},
						"1.5833": {"pre": [0, 0, -0.1], "post": [0, 0, 0]},
						"1.7083": {"pre": [0, 0, 0], "post": [0, 0, 0]},
						"1.75": {"pre": [0, 0, 0], "post": [0, 0, -0.1]},
						"1.9167": {"pre": [0, 0, -0.1], "post": [0, 0, -0.1]},
						"1.9583": {"pre": [0, 0, -0.1], "post": [0, 0, 0]}
					}
				},
				"eyelid_right": {
					"position": {
						"0.0": [0, 0, -0.1],
						"0.0417": {"pre": [0, 0, -0.1], "post": [0, 0, 0]},
						"0.1667": {"pre": [0, 0, 0], "post": [0, 0, 0]},
						"0.2083": {"pre": [0, 0, 0], "post": [0, 0, -0.1]},
						"0.2917": {"pre": [0, 0, -0.1], "post": [0, 0, -0.1]},
						"0.3333": {"pre": [0, 0, -0.1], "post": [0, 0, 0]},
						"1.0833": {"pre": [0, 0, 0], "post": [0, 0, 0]},
						"1.125": {"pre": [0, 0, 0], "post": [0, 0, -0.1]},
						"1.7083": {"pre": [0, 0, -0.1], "post": [0, 0, -0.1]},
						"1.75": {"pre": [0, 0, -0.1], "post": [0, 0, 0]},
						"1.9167": {"pre": [0, 0, 0], "post": [0, 0, 0]},
						"1.9583": {"pre": [0, 0, 0], "post": [0, 0, -0.1]}
					}
				},
				"eyelid_left": {
					"position": {
						"0.0": [0, 0, -0.1],
						"0.0417": {"pre": [0, 0, -0.1], "post": [0, 0, 0]},
						"0.1667": {"pre": [0, 0, 0], "post": [0, 0, 0]},
						"0.2083": {"pre": [0, 0, 0], "post": [0, 0, -0.1]},
						"0.2917": {"pre": [0, 0, -0.1], "post": [0, 0, -0.1]},
						"0.3333": {"pre": [0, 0, -0.1], "post": [0, 0, 0]},
						"1.0833": {"pre": [0, 0, 0], "post": [0, 0, 0]},
						"1.125": {"pre": [0, 0, 0], "post": [0, 0, -0.1]},
						"1.7083": {"pre": [0, 0, -0.1], "post": [0, 0, -0.1]},
						"1.75": {"pre": [0, 0, -0.1], "post": [0, 0, 0]},
						"1.9167": {"pre": [0, 0, 0], "post": [0, 0, 0]},
						"1.9583": {"pre": [0, 0, 0], "post": [0, 0, -0.1]}
					}
				}
			}
		},
		"animation.wartortle.quirk_idle": {
			"animation_length": 3.04167,
			"bones": {
				"torso": {
					"rotation": {
						"0.0": [0, 0, 0],
						"0.4583": {
							"pre": [2.5, -2.5, 0],
							"post": [2.5, -2.5, 0],
							"lerp_mode": "catmullrom"
						},
						"0.875": {
							"post": [-5, -5, -2.5],
							"lerp_mode": "catmullrom"
						},
						"1.4583": {
							"post": [-2.5, 2.5, 2.5],
							"lerp_mode": "catmullrom"
						},
						"1.9583": {
							"post": [-2.5, 1.3, 2.5],
							"lerp_mode": "catmullrom"
						},
						"2.4167": {
							"post": [-1.44, -0.04, 1.44],
							"lerp_mode": "catmullrom"
						},
						"3.0": [0, 0, 0]
					}
				},
				"head_angle": {
					"rotation": {
						"0.0": [0, 0, 0],
						"0.5": {
							"pre": [8.5, -7.2, -10],
							"post": [8.5, -7.2, -10],
							"lerp_mode": "catmullrom"
						},
						"0.9167": {
							"post": [-9.3, 3.2, 0],
							"lerp_mode": "catmullrom"
						},
						"1.2917": {
							"post": [0, 15, 10],
							"lerp_mode": "catmullrom"
						},
						"1.625": {
							"post": [0.4, 10.4, 4],
							"lerp_mode": "catmullrom"
						},
						"1.9583": {
							"post": [-2, -4.97, -0.77],
							"lerp_mode": "catmullrom"
						},
						"2.3333": {
							"post": [-0.6, -1.5, -0.8],
							"lerp_mode": "catmullrom"
						},
						"2.7083": {
							"post": [0, 2.4, 0],
							"lerp_mode": "catmullrom"
						},
						"3.0417": [0, 0, 0]
					}
				},
				"eyelid_right": {
					"position": {
						"0.375": [0, 0, 0],
						"0.4167": {"pre": [0, 0, 0], "post": [0, 0, -0.1]},
						"1.6667": {"pre": [0, 0, -0.1], "post": [0, 0, -0.1]},
						"1.7083": {"pre": [0, 0, -0.1], "post": [0, 0, 0]}
					}
				},
				"eyelid_left": {
					"position": {
						"0.375": [0, 0, 0],
						"0.4167": {"pre": [0, 0, 0], "post": [0, 0, -0.1]},
						"1.6667": {"pre": [0, 0, -0.1], "post": [0, 0, -0.1]},
						"1.7083": {"pre": [0, 0, -0.1], "post": [0, 0, 0]}
					}
				},
				"ear_right": {
					"rotation": {
						"0.0": [0, 0, 0],
						"0.6667": {
							"pre": [2.3664, 4.76137, 2.0761],
							"post": [2.3664, 4.76137, 2.0761],
							"lerp_mode": "catmullrom"
						},
						"1.4167": {
							"post": [-6.75733, -8.82845, -1.20896],
							"lerp_mode": "catmullrom"
						},
						"2.25": {
							"post": [-3.54492, 0.77773, 1.09816],
							"lerp_mode": "catmullrom"
						},
						"2.9583": [0, 0, 0]
					}
				},
				"ear_left": {
					"rotation": {
						"0.0": [0, 0, 0],
						"0.6667": {
							"pre": [2.3664, -4.76137, -2.0761],
							"post": [2.3664, -4.76137, -2.0761],
							"lerp_mode": "catmullrom"
						},
						"1.4167": {
							"post": [-8.47769, -4.31004, -11.44917],
							"lerp_mode": "catmullrom"
						},
						"2.25": {
							"post": [-3.54492, -0.77773, -1.09816],
							"lerp_mode": "catmullrom"
						},
						"2.9583": [0, 0, 0]
					}
				},
				"arm_right": {
					"rotation": {
						"0.0": [0, 0, 0],
						"0.9583": {
							"pre": [0, -10, 10],
							"post": [0, -10, 10],
							"lerp_mode": "catmullrom"
						},
						"1.875": {
							"post": [0, 15, 0],
							"lerp_mode": "catmullrom"
						},
						"2.7083": [0, 0, 0]
					}
				},
				"elbow_right": {
					"rotation": {
						"0.0": [0, 0, 0],
						"1.1667": {
							"pre": [0, -12.5, 0],
							"post": [0, -12.5, 0],
							"lerp_mode": "catmullrom"
						},
						"2.1667": {
							"post": [0, 7.5, 0],
							"lerp_mode": "catmullrom"
						},
						"2.9583": [0, 0, 0]
					}
				},
				"arm_left": {
					"rotation": {
						"0.0": [0, 0, 0],
						"0.7083": {
							"pre": [0, -27.5, 0],
							"post": [0, -27.5, 0],
							"lerp_mode": "catmullrom"
						},
						"1.9167": {
							"post": [0, 8.2, 0],
							"lerp_mode": "catmullrom"
						},
						"3.0": [0, 0, 0]
					}
				},
				"elbow_left": {
					"rotation": {
						"0.0": [0, 0, 0],
						"0.5": {
							"pre": [0, 15, 0],
							"post": [0, 15, 0],
							"lerp_mode": "catmullrom"
						},
						"1.5833": {
							"post": [0, -10, 0],
							"lerp_mode": "catmullrom"
						},
						"2.3333": [0, 0, 0]
					}
				}
			}
		},
		"animation.wartortle.physical": {
			"animation_length": 3,
			"bones": {
				"tail": {
					"rotation": {
						"0.0": [0, -8, 6.9282],
						"0.5": {
							"pre": [0, -8, 6.9282],
							"post": [0, -8, 6.9282],
							"lerp_mode": "catmullrom"
						},
						"1.0417": {
							"post": [17.51337, 7.96994, -40.60894],
							"lerp_mode": "catmullrom"
						},
						"1.2083": {
							"post": [14.2236, 6.76536, -38.21926],
							"lerp_mode": "catmullrom"
						},
						"1.5": {
							"post": [0, -8, 6.9282],
							"lerp_mode": "catmullrom"
						},
						"2.0": {
							"post": [0, -12.88143, 6.9282],
							"lerp_mode": "catmullrom"
						},
						"3.0": [0, -8, 6.9282]
					}
				},
				"arm_left": {
					"rotation": {
						"0.0": [0, 12.5, 20],
						"1.125": {
							"pre": [-6.43088, 57.95797, -23.61888],
							"post": [-6.43088, 57.95797, -23.61888],
							"lerp_mode": "catmullrom"
						},
						"1.25": {
							"post": [0, -7.5, 20],
							"lerp_mode": "catmullrom"
						},
						"1.75": {
							"post": [0, -7.5, 20],
							"lerp_mode": "catmullrom"
						},
						"2.125": {
							"post": [-6.1384, 4.44431, 35.41318],
							"lerp_mode": "catmullrom"
						},
						"3.0": [0, 12.5, 20]
					}
				},
				"arm_right": {
					"rotation": {
						"0.0": [0, -12.5, -20],
						"1.125": {
							"pre": [-6.43088, -57.95797, 23.61888],
							"post": [-6.43088, -57.95797, 23.61888],
							"lerp_mode": "catmullrom"
						},
						"1.25": {
							"post": [0, 40, -20],
							"lerp_mode": "catmullrom"
						},
						"1.75": {
							"post": [0, 40, -20],
							"lerp_mode": "catmullrom"
						},
						"2.125": {
							"post": [-6.1384, -4.44431, -35.41318],
							"lerp_mode": "catmullrom"
						},
						"3.0": [0, -12.5, -20]
					}
				},
				"leg_left": {
					"rotation": {
						"0.0": [-20, -45, 0],
						"1.1667": {
							"pre": [-20, -45, 0],
							"post": [-20, -45, 0],
							"lerp_mode": "catmullrom"
						},
						"1.2917": {
							"post": [1.94393, -53.244, -14.63258],
							"lerp_mode": "catmullrom"
						},
						"1.7917": [-20, -45, 0]
					},
					"position": {
						"0.0": [0, 0, -0.5],
						"1.1667": {
							"pre": [0, 0, -0.5],
							"post": [0, 0, -0.5],
							"lerp_mode": "catmullrom"
						},
						"1.2917": {
							"post": [0, 0.2, -2],
							"lerp_mode": "catmullrom"
						},
						"1.7917": [0, 0, -0.5]
					}
				},
				"leg_right": {
					"rotation": {
						"0.0": [-20, 45, 0],
						"0.4583": [-20, 45, 0],
						"0.75": {
							"pre": [-7.83259, 46.26238, -0.81403],
							"post": [-7.83259, 46.26238, -0.81403],
							"lerp_mode": "catmullrom"
						},
						"1.0833": {
							"post": [-52.54003, 47.30352, -1.48541],
							"lerp_mode": "catmullrom"
						},
						"1.1667": {
							"post": [-52.54003, 47.30352, -1.48541],
							"lerp_mode": "catmullrom"
						},
						"1.25": [-20, 26, 0],
						"1.5": [-20, 26, 0],
						"1.75": {
							"pre": [-7.82475, 47.86886, 16.73796],
							"post": [-7.82475, 47.86886, 16.73796],
							"lerp_mode": "catmullrom"
						},
						"2.0417": {
							"post": [-20, 45, 0],
							"lerp_mode": "catmullrom"
						},
						"2.375": [-20, 45, 0]
					},
					"position": {
						"0.0": [0, 0, -0.5],
						"0.4583": [0, 0, -0.5],
						"0.9583": {
							"pre": [0, 2.4, 0.6],
							"post": [0, 2.4, 0.6],
							"lerp_mode": "catmullrom"
						},
						"1.1667": {
							"post": [0, 2.4, 0.6],
							"lerp_mode": "catmullrom"
						},
						"1.25": [0, 0, -4],
						"1.5": [0, 0, -4],
						"1.875": [0, 1.1, -0.5],
						"2.0417": [0, 0, -0.5]
					}
				},
				"head_angle": {
					"rotation": {
						"0.0": [-5, 0, 0],
						"0.6667": {
							"pre": [14.87739, 1.93597, -7.24721],
							"post": [14.87739, 1.93597, -7.24721],
							"lerp_mode": "catmullrom"
						},
						"1.0833": {
							"post": [-20.54, 0, 0],
							"lerp_mode": "catmullrom"
						},
						"1.2083": {
							"post": [52.5, 0, 0],
							"lerp_mode": "catmullrom"
						},
						"1.2917": {
							"post": [28.85139, 3.38648, -6.14068],
							"lerp_mode": "catmullrom"
						},
						"1.375": {
							"post": [31.37096, 5.65335, -6.0233],
							"lerp_mode": "catmullrom"
						},
						"1.4583": {
							"post": [30.52741, 5.22631, -6.52674],
							"lerp_mode": "catmullrom"
						},
						"1.5833": {
							"post": [28.85139, 3.38648, -6.14068],
							"lerp_mode": "catmullrom"
						},
						"2.5": {
							"post": [2, 0, 0],
							"lerp_mode": "catmullrom"
						},
						"3.0": [-5, 0, 0]
					},
					"position": {
						"0.0": [0, 0, 0],
						"1.125": {
							"pre": [0, 0, 0],
							"post": [0, 0, 0],
							"lerp_mode": "catmullrom"
						},
						"1.2083": {
							"post": [0, 0, -0.5],
							"lerp_mode": "catmullrom"
						},
						"1.4167": {
							"post": [0, 0, 0],
							"lerp_mode": "catmullrom"
						},
						"2.2083": [0, 0, 0]
					}
				},
				"ear_right": {
					"rotation": {
						"0.0": [2, 0, -2],
						"0.9167": {
							"pre": [-11.298, -18.97523, 9.25496],
							"post": [-11.298, -18.97523, 9.25496],
							"lerp_mode": "catmullrom"
						},
						"1.1667": {
							"post": [-5.3011, -9.61119, 2.30558],
							"lerp_mode": "catmullrom"
						},
						"1.4167": {
							"post": [-27.32204, 10.813, -0.00648],
							"lerp_mode": "catmullrom"
						},
						"1.7083": {
							"post": [-12.4279, 5.8823, 0.36471],
							"lerp_mode": "catmullrom"
						},
						"2.4583": {
							"post": [-4.48834, -7.70259, 1.29669],
							"lerp_mode": "catmullrom"
						},
						"3.0": [2, 0, -2]
					}
				},
				"ear_left": {
					"rotation": {
						"0.0": [-2, 0, 2],
						"0.9167": {
							"pre": [-11.298, 18.97523, -9.25496],
							"post": [-11.298, 18.97523, -9.25496],
							"lerp_mode": "catmullrom"
						},
						"1.1667": {
							"post": [-5.3011, 9.61119, -2.30558],
							"lerp_mode": "catmullrom"
						},
						"1.4167": {
							"post": [-27.32204, -10.813, 0.00648],
							"lerp_mode": "catmullrom"
						},
						"1.7083": {
							"post": [-12.4279, -5.8823, -0.36471],
							"lerp_mode": "catmullrom"
						},
						"2.4583": {
							"post": [-4.48834, 7.70259, -1.29669],
							"lerp_mode": "catmullrom"
						},
						"3.0": [-2, 0, 2]
					}
				},
				"torso": {
					"rotation": {
						"0.0": [4.5, -1, -1],
						"0.2917": {
							"pre": [6.5, -1, -1],
							"post": [6.5, -1, -1],
							"lerp_mode": "catmullrom"
						},
						"1.2083": {
							"post": [-39.0288, 7.77303, 3.67154],
							"lerp_mode": "catmullrom"
						},
						"1.25": {
							"post": [22.15417, -8.85788, -7.64435],
							"lerp_mode": "catmullrom"
						},
						"1.3333": {
							"post": [23.20246, -10.67717, -8.80702],
							"lerp_mode": "catmullrom"
						},
						"1.5": {
							"post": [27.40087, -10.64124, -8.69072],
							"lerp_mode": "catmullrom"
						},
						"1.9167": {
							"post": [17.54181, -9.53203, 1.09361],
							"lerp_mode": "catmullrom"
						},
						"2.2917": {
							"post": [1.42513, -0.951, -1.01202],
							"lerp_mode": "catmullrom"
						},
						"3.0": [4.5, -1, -1]
					},
					"position": {
						"0.0": [0, 0.8, -0.7],
						"1.1667": {
							"pre": [0, 0.8, -0.7],
							"post": [0, 0.8, -0.7],
							"lerp_mode": "catmullrom"
						},
						"1.25": {
							"post": [0, 0.8, -2.5],
							"lerp_mode": "catmullrom"
						},
						"1.4167": {
							"post": [0, 0.8, -2.5],
							"lerp_mode": "catmullrom"
						},
						"1.7083": {
							"post": [0, 1.6, -1.78],
							"lerp_mode": "catmullrom"
						},
						"2.0417": [0, 0.8, -0.7]
					}
				},
				"body2": {
					"rotation": {
						"0.0": [0, 0, 0],
						"0.4167": {
							"pre": [0, 0, 0],
							"post": [0, 0, 0],
							"lerp_mode": "catmullrom"
						},
						"1.0833": {
							"post": [0, 0, 7],
							"lerp_mode": "catmullrom"
						},
						"1.25": [0, 0, 0]
					},
					"position": {
						"0.0": [0, -1, 0],
						"0.4167": {
							"pre": [0, -1, 0],
							"post": [0, -1, 0],
							"lerp_mode": "catmullrom"
						},
						"1.0833": {
							"post": [0.9, -0.1, 0],
							"lerp_mode": "catmullrom"
						},
						"1.25": [0, -1, 0]
					}
				},
				"head": {
					"rotation": [7.73205, 0, 1.73205]
				},
				"elbow_right": {
					"rotation": {
						"0.0": [0, -14.59808, 0],
						"1.1667": {
							"pre": [0, -47.1, 0],
							"post": [0, -47.1, 0],
							"lerp_mode": "catmullrom"
						},
						"1.2917": {
							"post": [0, -2.1, 0],
							"lerp_mode": "catmullrom"
						},
						"2.0": {
							"post": [0, -21.03, 0],
							"lerp_mode": "catmullrom"
						},
						"3.0": [0, -14.59808, 0]
					}
				},
				"knee_right": {
					"rotation": {
						"0.0": [17.5, 0, 0],
						"0.4583": [17.5, 0, 0],
						"0.9167": {
							"pre": [37.5, 0, 0],
							"post": [37.5, 0, 0],
							"lerp_mode": "catmullrom"
						},
						"1.125": {
							"post": [57.5, 0, 0],
							"lerp_mode": "catmullrom"
						},
						"1.25": [2.5, 0, 0],
						"1.5": [2.5, 0, 0],
						"1.7083": {
							"pre": [32.5, 0, 0],
							"post": [32.5, 0, 0],
							"lerp_mode": "catmullrom"
						},
						"1.875": {
							"post": [32.5, 0, 0],
							"lerp_mode": "catmullrom"
						},
						"2.0417": [17.5, 0, 0]
					}
				},
				"knee_right2": {
					"rotation": {
						"0.0": [2.5, 0, 0],
						"0.5833": [2.5, 0, 0],
						"1.25": [15.5, 0, 0],
						"1.5": [15.5, 0, 0],
						"2.0833": [2.5, 0, 0]
					}
				},
				"knee_left": {
					"rotation": {
						"0.0": [17.5, 0, 0],
						"1.1667": {
							"pre": [17.5, 0, 0],
							"post": [17.5, 0, 0],
							"lerp_mode": "catmullrom"
						},
						"1.3333": {
							"post": [12.5, 0, 0],
							"lerp_mode": "catmullrom"
						},
						"1.6667": [17.5, 0, 0]
					}
				},
				"knee_left2": {
					"rotation": [2.5, 0, 0]
				},
				"elbow_left": {
					"rotation": {
						"0.0": [0, 14.59808, 0],
						"1.1667": {
							"pre": [0, 47.1, 0],
							"post": [0, 47.1, 0],
							"lerp_mode": "catmullrom"
						},
						"1.2917": {
							"post": [0, 2.1, 0],
							"lerp_mode": "catmullrom"
						},
						"2.0": {
							"post": [0, 21.03, 0],
							"lerp_mode": "catmullrom"
						},
						"2.9167": [0, 14.59808, 0]
					}
				},
				"tail_bend": {
					"rotation": {
						"0.0": [0, 10.3923, 0],
						"0.5417": {
							"pre": [0, 2.89, 0],
							"post": [0, 2.89, 0],
							"lerp_mode": "catmullrom"
						},
						"1.2083": {
							"post": [0, 17.89, 0],
							"lerp_mode": "catmullrom"
						},
						"1.6667": {
							"post": [0, -5.11, 0],
							"lerp_mode": "catmullrom"
						},
						"2.875": [0, 10.3923, 0]
					}
				},
				"eyelid_right": {
					"position": {
						"0.5": [0, 0, 0],
						"0.5417": {"pre": [0, 0, 0], "post": [0, 0, -0.1]},
						"1.75": {"pre": [0, 0, -0.1], "post": [0, 0, -0.1]},
						"1.7917": {"pre": [0, 0, -0.1], "post": [0, 0, 0]}
					}
				},
				"eyelid_left": {
					"position": {
						"0.5": [0, 0, 0],
						"0.5417": {"pre": [0, 0, 0], "post": [0, 0, -0.1]},
						"1.75": {"pre": [0, 0, -0.1], "post": [0, 0, -0.1]},
						"1.7917": {"pre": [0, 0, -0.1], "post": [0, 0, 0]}
					}
				},
				"mouth_open": {
					"position": {
						"0.0833": [0, 0, 0],
						"0.125": {"pre": [0, 0, 0], "post": [0, 0, -0.1]},
						"0.5": {"pre": [0, 0, -0.1], "post": [0, 0, -0.1]},
						"0.5417": {"pre": [0, 0, -0.1], "post": [0, 0, 0]},
						"1.75": {"pre": [0, 0, 0], "post": [0, 0, 0]},
						"1.7917": {"pre": [0, 0, 0], "post": [0, 0, -0.1]},
						"2.2917": {"pre": [0, 0, -0.1], "post": [0, 0, -0.1]},
						"2.3333": {"pre": [0, 0, -0.1], "post": [0, 0, 0]}
					}
				}
			}
		},
		"animation.wartortle.special": {
			"animation_length": 3,
			"bones": {
				"tail": {
					"rotation": {
						"0.0": [0, -8, 6.9282],
						"0.5833": {
							"pre": [-0.26116, 1.98288, -0.57632],
							"post": [-0.26116, 1.98288, -0.57632],
							"lerp_mode": "catmullrom"
						},
						"1.25": {
							"post": [-0.26391, -8.51701, -0.52819],
							"lerp_mode": "catmullrom"
						},
						"1.4583": {
							"post": [-0.26125, 2.48288, -0.5786],
							"lerp_mode": "catmullrom"
						},
						"1.7083": {
							"post": [-0.26391, -8.51701, -0.52819],
							"lerp_mode": "catmullrom"
						},
						"2.0833": {
							"post": [-0.26125, 2.48288, -0.5786],
							"lerp_mode": "catmullrom"
						},
						"2.4583": {
							"post": [-0.26101, 0.4829, -0.56948],
							"lerp_mode": "catmullrom"
						},
						"3.0": [0, -8, 6.9282]
					}
				},
				"arm_left": {
					"rotation": {
						"0.0": [0, 12.5, 20],
						"0.4167": {
							"pre": [10.6741, 26.82142, 24.59377],
							"post": [10.6741, 26.82142, 24.59377],
							"lerp_mode": "catmullrom"
						},
						"0.9583": {
							"post": [1.29923, 44.01094, -15.5823],
							"lerp_mode": "catmullrom"
						},
						"1.2917": {
							"post": [0, -12.5, 20],
							"lerp_mode": "catmullrom"
						},
						"1.6667": {
							"post": [0, -12.5, 20],
							"lerp_mode": "catmullrom"
						},
						"3.0": [0, 12.5, 20]
					}
				},
				"arm_right": {
					"rotation": {
						"0.0": [0, -12.5, -20],
						"0.4167": {
							"pre": [10.6741, -26.82142, -24.59377],
							"post": [10.6741, -26.82142, -24.59377],
							"lerp_mode": "catmullrom"
						},
						"0.9583": {
							"post": [1.29923, -44.01094, 15.5823],
							"lerp_mode": "catmullrom"
						},
						"1.2917": {
							"post": [0, 12.5, -20],
							"lerp_mode": "catmullrom"
						},
						"1.6667": {
							"post": [0, 12.5, -20],
							"lerp_mode": "catmullrom"
						},
						"3.0": [0, -12.5, -20]
					},
					"position": {
						"0.0": [0, 0, 0],
						"3.0": [0, 0, 0]
					}
				},
				"leg_left": {
					"rotation": {
						"0.0": [-20, -45, 0],
						"0.7083": [-20, -45, 0],
						"0.7917": {
							"pre": [-23.75, -45, 0],
							"post": [-23.75, -45, 0],
							"lerp_mode": "catmullrom"
						},
						"1.0417": {
							"post": [-35, -45, 0],
							"lerp_mode": "catmullrom"
						},
						"1.25": [-20, -45, 0]
					},
					"position": {
						"0.0": [0, 0, -0.5],
						"0.7083": [0, 0, -0.5],
						"1.125": [0, 1.9, -0.5],
						"1.25": [0, 0, -0.5]
					}
				},
				"leg_right": {
					"rotation": [-20, 45, 0],
					"position": [0, 0, -0.5]
				},
				"head_angle": {
					"rotation": {
						"0.0": [-5, 0, 0],
						"0.25": {
							"pre": [-14, 0, 0],
							"post": [-14, 0, 0],
							"lerp_mode": "catmullrom"
						},
						"1.0833": {
							"post": [31.852, -2.64348, 4.24557],
							"lerp_mode": "catmullrom"
						},
						"1.25": {
							"post": [-26, 0, 0],
							"lerp_mode": "catmullrom"
						},
						"1.5": {
							"post": [-26, 0, 0],
							"lerp_mode": "catmullrom"
						},
						"1.8333": {
							"post": [-26, 0, 0],
							"lerp_mode": "catmullrom"
						},
						"2.9583": [-5, 0, 0]
					},
					"position": {
						"0.0": [0, 0, 0],
						"1.125": {
							"pre": [-0.01722, -0.47631, -0.73518],
							"post": [-0.01722, -0.47631, -0.73518],
							"lerp_mode": "catmullrom"
						},
						"1.25": {
							"post": [-0.03919, 0.58572, -0.93027],
							"lerp_mode": "catmullrom"
						},
						"2.9583": [0, 0, 0]
					}
				},
				"ear_right": {
					"rotation": {
						"0.0": [2, 0, -2],
						"1.125": {
							"pre": [6.14192, -14.93541, 0.32308],
							"post": [6.14192, -14.93541, 0.32308],
							"lerp_mode": "catmullrom"
						},
						"1.2917": {
							"post": [-7, 0, -2],
							"lerp_mode": "catmullrom"
						},
						"1.4167": {
							"post": [-1, 0, -2],
							"lerp_mode": "catmullrom"
						},
						"1.875": {
							"post": [-6, 0, -2],
							"lerp_mode": "catmullrom"
						},
						"2.25": {
							"post": [-1, 0, -2],
							"lerp_mode": "catmullrom"
						},
						"2.9583": [2, 0, -2]
					}
				},
				"ear_left": {
					"rotation": {
						"0.0": [-2, 0, 2],
						"1.125": {
							"pre": [6.95465, 9.96221, 0.64019],
							"post": [6.95465, 9.96221, 0.64019],
							"lerp_mode": "catmullrom"
						},
						"1.2917": {
							"post": [-7, 0, 2],
							"lerp_mode": "catmullrom"
						},
						"1.4167": {
							"post": [-1, 0, 2],
							"lerp_mode": "catmullrom"
						},
						"1.875": {
							"post": [-6, 0, 2],
							"lerp_mode": "catmullrom"
						},
						"2.25": {
							"post": [-1, 0, 2],
							"lerp_mode": "catmullrom"
						},
						"2.9583": [-2, 0, 2]
					}
				},
				"torso": {
					"rotation": {
						"0.0": [4.5, -1, -1],
						"0.4167": {
							"pre": [10.4402, -1.97576, 1.30252],
							"post": [10.4402, -1.97576, 1.30252],
							"lerp_mode": "catmullrom"
						},
						"1.125": {
							"post": [-12.41269, -3.49619, -6.00457],
							"lerp_mode": "catmullrom"
						},
						"1.25": {
							"post": [20.5, -1, -1],
							"lerp_mode": "catmullrom"
						},
						"1.4167": {
							"post": [22.5, -1, -1],
							"lerp_mode": "catmullrom"
						},
						"1.625": {
							"post": [19.5, -1, -1],
							"lerp_mode": "catmullrom"
						},
						"2.125": {
							"post": [20.48813, -0.70582, 0.3834],
							"lerp_mode": "catmullrom"
						},
						"2.9583": [4.5, -1, -1]
					},
					"position": [0, 0.8, -0.7]
				},
				"body2": {
					"rotation": {
						"0.0": [0, 0, 0],
						"0.7083": [0, 0, 0],
						"1.125": [0, 0, -4],
						"1.25": [0, 0, 0]
					},
					"position": {
						"0.0": [0, -1, 0],
						"0.7083": [0, -1, 0],
						"1.125": [-0.7, -0.5, 0],
						"1.25": [0, -1, 0]
					}
				},
				"head": {
					"rotation": [7.73205, 0, 1.73205]
				},
				"elbow_right": {
					"rotation": {
						"0.0": [0, -14.59808, 0],
						"1.2083": {
							"pre": [0, -47.1, 0],
							"post": [0, -47.1, 0],
							"lerp_mode": "catmullrom"
						},
						"1.2917": {
							"post": [0, -4.6, 0],
							"lerp_mode": "catmullrom"
						},
						"1.6667": {
							"post": [0, -4.6, 0],
							"lerp_mode": "catmullrom"
						},
						"2.5417": {
							"post": [0, -19.59808, 0],
							"lerp_mode": "catmullrom"
						},
						"3.0": [0, -14.59808, 0]
					},
					"position": {
						"0.0": [0, 0, 0],
						"3.0": [0, 0, 0]
					}
				},
				"knee_right": {
					"rotation": [17.5, 0, 0]
				},
				"knee_right2": {
					"rotation": [2.5, 0, 0]
				},
				"knee_left": {
					"rotation": {
						"0.0": [17.5, 0, 0],
						"0.7083": [17.5, 0, 0],
						"0.7917": [32.17, 0, 0],
						"1.1667": [38.5, 0, 0],
						"1.25": [17.5, 0, 0]
					}
				},
				"knee_left2": {
					"rotation": [2.5, 0, 0]
				},
				"elbow_left": {
					"rotation": {
						"0.0": [0, 14.59808, 0],
						"1.2083": {
							"pre": [0, 47.1, 0],
							"post": [0, 47.1, 0],
							"lerp_mode": "catmullrom"
						},
						"1.2917": {
							"post": [0, 4.6, 0],
							"lerp_mode": "catmullrom"
						},
						"1.6667": {
							"post": [0, 4.6, 0],
							"lerp_mode": "catmullrom"
						},
						"2.5417": {
							"post": [0, 19.59808, 0],
							"lerp_mode": "catmullrom"
						},
						"3.0": [0, 14.59808, 0]
					}
				},
				"tail_bend": {
					"rotation": {
						"0.0": [0, 10.3923, 0],
						"0.5833": {
							"pre": [0, -7.11, 0],
							"post": [0, -7.11, 0],
							"lerp_mode": "catmullrom"
						},
						"1.125": {
							"post": [0, 15.39, 0],
							"lerp_mode": "catmullrom"
						},
						"1.375": {
							"post": [0, -7.11, 0],
							"lerp_mode": "catmullrom"
						},
						"1.625": {
							"post": [0, 10.39, 0],
							"lerp_mode": "catmullrom"
						},
						"2.0": {
							"post": [0, -9.61, 0],
							"lerp_mode": "catmullrom"
						},
						"3.0": [0, 10.3923, 0]
					}
				},
				"mouth_open": {
					"position": {
						"1.125": [0, 0, 0],
						"1.1667": {"pre": [0, 0, 0], "post": [0, 0, -0.1]},
						"1.8333": {"pre": [0, 0, -0.1], "post": [0, 0, -0.1]},
						"1.875": {"pre": [0, 0, -0.1], "post": [0, 0, 0]}
					}
				},
				"eyelid_right": {
					"position": {
						"0.5": [0, 0, 0],
						"0.5417": {"pre": [0, 0, 0], "post": [0, 0, -0.1]},
						"1.125": {"pre": [0, 0, -0.1], "post": [0, 0, -0.1]},
						"1.1667": {"pre": [0, 0, -0.1], "post": [0, 0, 0]}
					}
				},
				"eyelid_left": {
					"position": {
						"0.5": [0, 0, 0],
						"0.5417": {"pre": [0, 0, 0], "post": [0, 0, -0.1]},
						"1.125": {"pre": [0, 0, -0.1], "post": [0, 0, -0.1]},
						"1.1667": {"pre": [0, 0, -0.1], "post": [0, 0, 0]}
					}
				}
			}
		},
		"animation.wartortle.status": {
			"animation_length": 3,
			"bones": {
				"tail": {
					"rotation": {
						"0.0": [0, -8, 6.9282],
						"0.7083": {
							"pre": [-1.10359, 6.95128, -2.13733],
							"post": [-1.10359, 6.95128, -2.13733],
							"lerp_mode": "catmullrom"
						},
						"1.4167": {
							"post": [0, -10.5, 6.9282],
							"lerp_mode": "catmullrom"
						},
						"2.2083": {
							"post": [0.46199, -4.43386, 0.92061],
							"lerp_mode": "catmullrom"
						},
						"3.0": [0, -8, 6.9282]
					}
				},
				"arm_left": {
					"rotation": {
						"0.0": [0, 12.5, 20],
						"0.3333": {
							"pre": [0, -7.5, 20],
							"post": [0, -7.5, 20],
							"lerp_mode": "catmullrom"
						},
						"0.7917": {
							"post": [-8.18384, 71.92872, -23.23816],
							"lerp_mode": "catmullrom"
						},
						"1.0833": {
							"post": [-15.52137, -14.93159, 15.59886],
							"lerp_mode": "catmullrom"
						},
						"1.9167": {
							"post": [16.55702, 55.34468, 11.08245],
							"lerp_mode": "catmullrom"
						},
						"2.2083": {
							"post": [0, -15, 20],
							"lerp_mode": "catmullrom"
						},
						"2.7083": {
							"post": [0, 12.5, 20],
							"lerp_mode": "catmullrom"
						},
						"3.0": [0, 12.5, 20]
					},
					"position": {
						"0.0": [0, 0, 0],
						"0.3333": [0, 0, 0],
						"0.7917": [0.04829, 0.59701, 0.03539],
						"1.0833": [0.01238, 0.04884, 0.69818],
						"1.9167": [0.04829, 0.59701, 0.03539],
						"2.2083": [0, 0, 0]
					}
				},
				"arm_right": {
					"rotation": {
						"0.0": [0, -12.5, -20],
						"0.3333": {
							"pre": [0, 7.5, -20],
							"post": [0, 7.5, -20],
							"lerp_mode": "catmullrom"
						},
						"0.7917": {
							"post": [-8.18384, -71.92872, 23.23816],
							"lerp_mode": "catmullrom"
						},
						"1.0833": {
							"post": [-15.52137, 14.93159, -15.59886],
							"lerp_mode": "catmullrom"
						},
						"1.9167": {
							"post": [16.55702, -55.34468, -11.08245],
							"lerp_mode": "catmullrom"
						},
						"2.2083": {
							"post": [0, 15, -20],
							"lerp_mode": "catmullrom"
						},
						"2.7083": {
							"post": [0, -12.5, -20],
							"lerp_mode": "catmullrom"
						},
						"2.9583": [0, -12.5, -20]
					},
					"position": {
						"0.3333": [0, 0, 0],
						"0.7917": [-0.04829, 0.59701, 0.03539],
						"1.0833": [-0.01238, 0.04884, 0.69818],
						"1.9167": [-0.04829, 0.59701, 0.03539],
						"2.2083": [0, 0, 0]
					}
				},
				"leg_left": {
					"rotation": {
						"0.0": [-20, -45, 0],
						"0.375": [-20, -45, 0],
						"0.625": {
							"pre": [-31.83519, -34.69816, -9.25753],
							"post": [-31.83519, -34.69816, -9.25753],
							"lerp_mode": "catmullrom"
						},
						"0.75": {
							"post": [-31.83519, -34.69816, -9.25753],
							"lerp_mode": "catmullrom"
						},
						"0.9167": [-20, -45, 0]
					},
					"position": {
						"0.0": [0, 0, -0.5],
						"0.375": [0, 0, -0.5],
						"0.7917": [0, 1, -0.5],
						"0.9167": [0, 0, -0.5]
					}
				},
				"leg_right": {
					"rotation": {
						"0.0": [-20, 45, 0],
						"1.1667": [-20, 45, 0],
						"1.4167": {
							"pre": [1.37044, 35.99638, 20.77255],
							"post": [1.37044, 35.99638, 20.77255],
							"lerp_mode": "catmullrom"
						},
						"1.7083": [-20, 45, 0]
					},
					"position": {
						"0.0": [0, 0, -0.5],
						"1.1667": [0, 0, -0.5],
						"1.5417": [0, 0.6, -0.5],
						"1.7083": [0, 0, -0.5]
					}
				},
				"head_angle": {
					"rotation": {
						"0.0": [-5, 0, 0],
						"0.5417": {
							"pre": [5.94904, -0.78175, 7.45938],
							"post": [5.94904, -0.78175, 7.45938],
							"lerp_mode": "catmullrom"
						},
						"1.0417": {
							"post": [-12.15402, -6.89246, -7.29157],
							"lerp_mode": "catmullrom"
						},
						"1.375": {
							"post": [-18.6757, -1.85401, -6.60461],
							"lerp_mode": "catmullrom"
						},
						"1.625": {
							"post": [-5.93, 0.08, -5.19],
							"lerp_mode": "catmullrom"
						},
						"1.8333": {
							"post": [-8.38427, 1.78565, -2.97756],
							"lerp_mode": "catmullrom"
						},
						"2.125": {
							"post": [-4.12899, 0.97565, -4.44305],
							"lerp_mode": "catmullrom"
						},
						"2.6667": {
							"post": [-3, 0, 0],
							"lerp_mode": "catmullrom"
						},
						"3.0": [-5, 0, 0]
					}
				},
				"ear_right": {
					"rotation": {
						"0.0": [2, 0, -2],
						"0.875": {
							"pre": [7, 0, -2],
							"post": [7, 0, -2],
							"lerp_mode": "catmullrom"
						},
						"1.7083": {
							"post": [-4.89016, 0, -2],
							"lerp_mode": "catmullrom"
						},
						"2.375": {
							"post": [2.10984, 0, -2],
							"lerp_mode": "catmullrom"
						},
						"2.9583": [2, 0, -2]
					}
				},
				"ear_left": {
					"rotation": {
						"0.0": [-2, 0, 2],
						"0.875": {
							"pre": [7, 0, 2],
							"post": [7, 0, 2],
							"lerp_mode": "catmullrom"
						},
						"1.7083": {
							"post": [-4.89016, 0, 2],
							"lerp_mode": "catmullrom"
						},
						"2.375": {
							"post": [2.10984, 0, 2],
							"lerp_mode": "catmullrom"
						},
						"2.9583": [-2, 0, 2]
					}
				},
				"torso": {
					"rotation": {
						"0.0": [4.5, -1, -1],
						"0.4583": {
							"pre": [-10.42034, -0.52466, -6.98169],
							"post": [-10.42034, -0.52466, -6.98169],
							"lerp_mode": "catmullrom"
						},
						"0.9167": {
							"post": [11.84469, 7.62442, -3.12672],
							"lerp_mode": "catmullrom"
						},
						"1.3333": {
							"post": [7.95446, 0.94712, -0.46364],
							"lerp_mode": "catmullrom"
						},
						"2.0833": {
							"post": [-0.60005, -0.79365, 3.06291],
							"lerp_mode": "catmullrom"
						},
						"3.0": [4.5, -1, -1]
					},
					"position": {
						"0.0": [0, 0.8, -0.7],
						"0.875": {
							"pre": [0, 0.3, -0.7],
							"post": [0, 0.3, -0.7],
							"lerp_mode": "catmullrom"
						},
						"1.1667": {
							"post": [0, 0.8, -0.7],
							"lerp_mode": "catmullrom"
						},
						"1.75": {
							"post": [0, 0.3, -0.7],
							"lerp_mode": "catmullrom"
						},
						"2.0833": [0, 0.8, -0.7]
					}
				},
				"body2": {
					"position": [0, -1, 0]
				},
				"head": {
					"rotation": [7.73205, 0, 1.73205]
				},
				"elbow_right": {
					"rotation": {
						"0.0": [0, -14.59808, 0],
						"0.9167": {
							"pre": [0, -32.1, 0],
							"post": [0, -32.1, 0],
							"lerp_mode": "catmullrom"
						},
						"1.0833": {
							"post": [0, -4.6, 0],
							"lerp_mode": "catmullrom"
						},
						"2.0": {
							"post": [0, -32.1, 0],
							"lerp_mode": "catmullrom"
						},
						"2.1667": {
							"post": [0, -4.6, 0],
							"lerp_mode": "catmullrom"
						},
						"2.9583": [0, -14.59808, 0]
					}
				},
				"knee_right": {
					"rotation": {
						"0.0": [17.5, 0, 0],
						"1.1667": [17.5, 0, 0],
						"1.3333": {
							"pre": [37.5, 0, 0],
							"post": [37.5, 0, 0],
							"lerp_mode": "catmullrom"
						},
						"1.4167": {
							"post": [33.06, 0, 0],
							"lerp_mode": "catmullrom"
						},
						"1.7083": [17.5, 0, 0]
					}
				},
				"knee_right2": {
					"rotation": [2.5, 0, 0]
				},
				"knee_left": {
					"rotation": {
						"0.0": [17.5, 0, 0],
						"0.375": [17.5, 0, 0],
						"0.5417": {
							"pre": [37.5, 0, 0],
							"post": [37.5, 0, 0],
							"lerp_mode": "catmullrom"
						},
						"0.625": {
							"post": [33.06, 0, 0],
							"lerp_mode": "catmullrom"
						},
						"0.9167": [17.5, 0, 0]
					}
				},
				"knee_left2": {
					"rotation": [2.5, 0, 0]
				},
				"elbow_left": {
					"rotation": {
						"0.0": [0, 14.59808, 0],
						"0.9167": {
							"pre": [0, 32.1, 0],
							"post": [0, 32.1, 0],
							"lerp_mode": "catmullrom"
						},
						"1.0833": {
							"post": [0, 4.6, 0],
							"lerp_mode": "catmullrom"
						},
						"2.0": {
							"post": [0, 32.1, 0],
							"lerp_mode": "catmullrom"
						},
						"2.1667": {
							"post": [0, 4.6, 0],
							"lerp_mode": "catmullrom"
						},
						"3.0": [0, 14.59808, 0]
					}
				},
				"tail_bend": {
					"rotation": {
						"0.0": [0, 10.3923, 0],
						"0.5417": {
							"pre": [0, -17.11, 0],
							"post": [0, -17.11, 0],
							"lerp_mode": "catmullrom"
						},
						"1.4167": {
							"post": [0, 17.89, 0],
							"lerp_mode": "catmullrom"
						},
						"2.5417": {
							"post": [0, 7.3923, 0],
							"lerp_mode": "catmullrom"
						},
						"3.0": [0, 10.3923, 0]
					}
				},
				"mouth_open": {
					"position": {
						"1.0": [0, 0, 0],
						"1.0417": {"pre": [0, 0, 0], "post": [0, 0, -0.1]},
						"1.8333": {"pre": [0, 0, -0.1], "post": [0, 0, -0.1]},
						"1.875": {"pre": [0, 0, -0.1], "post": [0, 0, 0]}
					}
				},
				"eyelid_right": {
					"position": {
						"0.125": [0, 0, 0],
						"0.1667": {"pre": [0, 0, 0], "post": [0, 0, -0.1]},
						"1.0": {"pre": [0, 0, -0.1], "post": [0, 0, -0.1]},
						"1.0417": {"pre": [0, 0, -0.1], "post": [0, 0, 0]}
					}
				},
				"eyelid_left": {
					"position": {
						"0.125": [0, 0, 0],
						"0.1667": {"pre": [0, 0, 0], "post": [0, 0, -0.1]},
						"1.0": {"pre": [0, 0, -0.1], "post": [0, 0, -0.1]},
						"1.0417": {"pre": [0, 0, -0.1], "post": [0, 0, 0]}
					}
				}
			}
		},
		"animation.wartortle.recoil": {
			"animation_length": 1.5,
			"bones": {
				"torso": {
					"rotation": {
						"0.0": [0, 0, 0],
						"0.0833": {
							"pre": [-12, 0, 0],
							"post": [-12, 0, 0],
							"lerp_mode": "catmullrom"
						},
						"0.875": {
							"post": [3, 0, 0],
							"lerp_mode": "catmullrom"
						},
						"1.5": [0, 0, 0]
					}
				},
				"head_angle": {
					"rotation": {
						"0.0": [0, 0, 0],
						"0.0417": {
							"pre": [15, 0, 0],
							"post": [15, 0, 0],
							"lerp_mode": "catmullrom"
						},
						"0.1667": {
							"post": [-7.55, 0, 0],
							"lerp_mode": "catmullrom"
						},
						"0.4583": {
							"post": [-0.05, 0, 0],
							"lerp_mode": "catmullrom"
						},
						"0.875": {
							"post": [6.5, 0, 0],
							"lerp_mode": "catmullrom"
						},
						"1.4167": [0, 0, 0]
					}
				},
				"eyelid_right": {
					"position": {
						"0.0": [0, 0, -0.1],
						"0.375": {"pre": [0, 0, -0.1], "post": [0, 0, -0.1]},
						"0.4167": {"pre": [0, 0, -0.1], "post": [0, 0, 0]}
					}
				},
				"eyelid_left": {
					"position": {
						"0.0": [0, 0, -0.1],
						"0.375": {"pre": [0, 0, -0.1], "post": [0, 0, -0.1]},
						"0.4167": {"pre": [0, 0, -0.1], "post": [0, 0, 0]}
					}
				},
				"arm_right": {
					"rotation": {
						"0.0": [0, 0, 0],
						"0.0833": {
							"pre": [0, -14, 0],
							"post": [0, -14, 0],
							"lerp_mode": "catmullrom"
						},
						"0.5417": {
							"post": [0, 16, 0],
							"lerp_mode": "catmullrom"
						},
						"1.4583": [0, 0, 0]
					}
				},
				"arm_left": {
					"rotation": {
						"0.0": [0, 0, 0],
						"0.0833": {
							"pre": [0, 14, 0],
							"post": [0, 14, 0],
							"lerp_mode": "catmullrom"
						},
						"0.5417": {
							"post": [0, -16, 0],
							"lerp_mode": "catmullrom"
						},
						"1.4583": [0, 0, 0]
					}
				}
			}
		}
	}
}